{
  "type": "FeatureCollection",
  "features": [
    {
      "type": "Feature",
      "properties": {
        "cell_id": "CELL_00_00",
        "row": 0,
        "col": 0,
        "ward_name": "Janpath & Tolstoy Marg Precinct",
        "bounds": [
          77.21,
          28.623,
          77.21125,
          28.624063
        ],
        "center": [
          77.210625,
          28.623531
        ],
        "lst_current": 41.5,
        "ta_current": 38.5,
        "lst_after": 39.6,
        "ta_after": 37.3,
        "cooling_potential": 1.9,
        "population": 2768,
        "vulnerability_score": 0.42,
        "canopy_pct": 16,
        "drivers": {
          "ndvi": 0.24,
          "albedo": 0.18,
          "building_density": 0.49,
          "sky_view_factor": 0.45,
          "imperviousness": 0.75,
          "traffic_density": 0.3
        },
        "energy_balance": {
          "H": 269,
          "LE": 63,
          "G": 112,
          "QF": 35
        }
      },
      "geometry": {
        "type": "Polygon",
        "coordinates": [
          [
            [
              77.21,
              28.623
            ],
            [
              77.21125,
              28.623
            ],
            [
              77.21125,
              28.624063
            ],
            [
              77.21,
              28.624063
            ],
            [
              77.21,
              28.623
            ]
          ]
        ]
      }
    },
    {
      "type": "Feature",
      "properties": {
        "cell_id": "CELL_00_01",
        "row": 0,
        "col": 1,
        "ward_name": "Janpath & Tolstoy Marg Precinct",
        "bounds": [
          77.21125,
          28.623,
          77.2125,
          28.624063
        ],
        "center": [
          77.211875,
          28.623531
        ],
        "lst_current": 42.4,
        "ta_current": 39.3,
        "lst_after": 40.1,
        "ta_after": 37.8,
        "cooling_potential": 2.3,
        "population": 2927,
        "vulnerability_score": 0.49,
        "canopy_pct": 15,
        "drivers": {
          "ndvi": 0.22,
          "albedo": 0.18,
          "building_density": 0.53,
          "sky_view_factor": 0.44,
          "imperviousness": 0.76,
          "traffic_density": 0.4
        },
        "energy_balance": {
          "H": 281,
          "LE": 60,
          "G": 113,
          "QF": 40
        }
      },
      "geometry": {
        "type": "Polygon",
        "coordinates": [
          [
            [
              77.21125,
              28.623
            ],
            [
              77.2125,
              28.623
            ],
            [
              77.2125,
              28.624063
            ],
            [
              77.21125,
              28.624063
            ],
            [
              77.21125,
              28.623
            ]
          ]
        ]
      }
    },
    {
      "type": "Feature",
      "properties": {
        "cell_id": "CELL_00_02",
        "row": 0,
        "col": 2,
        "ward_name": "Janpath & Tolstoy Marg Precinct",
        "bounds": [
          77.2125,
          28.623,
          77.21375,
          28.624063
        ],
        "center": [
          77.213125,
          28.623531
        ],
        "lst_current": 43.3,
        "ta_current": 40.0,
        "lst_after": 40.7,
        "ta_after": 38.3,
        "cooling_potential": 2.6,
        "population": 3054,
        "vulnerability_score": 0.56,
        "canopy_pct": 13,
        "drivers": {
          "ndvi": 0.19,
          "albedo": 0.17,
          "building_density": 0.56,
          "sky_view_factor": 0.43,
          "imperviousness": 0.77,
          "traffic_density": 0.5
        },
        "energy_balance": {
          "H": 294,
          "LE": 56,
          "G": 115,
          "QF": 45
        }
      },
      "geometry": {
        "type": "Polygon",
        "coordinates": [
          [
            [
              77.2125,
              28.623
            ],
            [
              77.21375,
              28.623
            ],
            [
              77.21375,
              28.624063
            ],
            [
              77.2125,
              28.624063
            ],
            [
              77.2125,
              28.623
            ]
          ]
        ]
      }
    },
    {
      "type": "Feature",
      "properties": {
        "cell_id": "CELL_00_03",
        "row": 0,
        "col": 3,
        "ward_name": "Janpath & Tolstoy Marg Precinct",
        "bounds": [
          77.21375,
          28.623,
          77.215,
          28.624063
        ],
        "center": [
          77.214375,
          28.623531
        ],
        "lst_current": 44.2,
        "ta_current": 40.7,
        "lst_after": 41.2,
        "ta_after": 38.8,
        "cooling_potential": 3.0,
        "population": 3213,
        "vulnerability_score": 0.64,
        "canopy_pct": 11,
        "drivers": {
          "ndvi": 0.16,
          "albedo": 0.16,
          "building_density": 0.6,
          "sky_view_factor": 0.41,
          "imperviousness": 0.79,
          "traffic_density": 0.6
        },
        "energy_balance": {
          "H": 306,
          "LE": 52,
          "G": 117,
          "QF": 50
        }
      },
      "geometry": {
        "type": "Polygon",
        "coordinates": [
          [
            [
              77.21375,
              28.623
            ],
            [
              77.215,
              28.623
            ],
            [
              77.215,
              28.624063
            ],
            [
              77.21375,
              28.624063
            ],
            [
              77.21375,
              28.623
            ]
          ]
        ]
      }
    },
    {
      "type": "Feature",
      "properties": {
        "cell_id": "CELL_00_04",
        "row": 0,
        "col": 4,
        "ward_name": "Janpath & Tolstoy Marg Precinct",
        "bounds": [
          77.215,
          28.623,
          77.21625,
          28.624063
        ],
        "center": [
          77.215625,
          28.623531
        ],
        "lst_current": 42.9,
        "ta_current": 39.7,
        "lst_after": 40.4,
        "ta_after": 38.1,
        "cooling_potential": 2.5,
        "population": 2984,
        "vulnerability_score": 0.53,
        "canopy_pct": 14,
        "drivers": {
          "ndvi": 0.2,
          "albedo": 0.17,
          "building_density": 0.55,
          "sky_view_factor": 0.43,
          "imperviousness": 0.77,
          "traffic_density": 0.3
        },
        "energy_balance": {
          "H": 288,
          "LE": 58,
          "G": 114,
          "QF": 35
        }
      },
      "geometry": {
        "type": "Polygon",
        "coordinates": [
          [
            [
              77.215,
              28.623
            ],
            [
              77.21625,
              28.623
            ],
            [
              77.21625,
              28.624063
            ],
            [
              77.215,
              28.624063
            ],
            [
              77.215,
              28.623
            ]
          ]
        ]
      }
    },
    {
      "type": "Feature",
      "properties": {
        "cell_id": "CELL_00_05",
        "row": 0,
        "col": 5,
        "ward_name": "Janpath & Tolstoy Marg Precinct",
        "bounds": [
          77.21625,
          28.623,
          77.2175,
          28.624063
        ],
        "center": [
          77.216875,
          28.623531
        ],
        "lst_current": 43.7,
        "ta_current": 40.3,
        "lst_after": 40.9,
        "ta_after": 38.5,
        "cooling_potential": 2.8,
        "population": 3111,
        "vulnerability_score": 0.6,
        "canopy_pct": 12,
        "drivers": {
          "ndvi": 0.18,
          "albedo": 0.16,
          "building_density": 0.58,
          "sky_view_factor": 0.42,
          "imperviousness": 0.78,
          "traffic_density": 0.4
        },
        "energy_balance": {
          "H": 299,
          "LE": 55,
          "G": 116,
          "QF": 40
        }
      },
      "geometry": {
        "type": "Polygon",
        "coordinates": [
          [
            [
              77.21625,
              28.623
            ],
            [
              77.2175,
              28.623
            ],
            [
              77.2175,
              28.624063
            ],
            [
              77.21625,
              28.624063
            ],
            [
              77.21625,
              28.623
            ]
          ]
        ]
      }
    },
    {
      "type": "Feature",
      "properties": {
        "cell_id": "CELL_00_06",
        "row": 0,
        "col": 6,
        "ward_name": "Janpath & Tolstoy Marg Precinct",
        "bounds": [
          77.2175,
          28.623,
          77.21875,
          28.624063
        ],
        "center": [
          77.218125,
          28.623531
        ],
        "lst_current": 44.6,
        "ta_current": 41.1,
        "lst_after": 41.4,
        "ta_after": 39.0,
        "cooling_potential": 3.2,
        "population": 3238,
        "vulnerability_score": 0.67,
        "canopy_pct": 10,
        "drivers": {
          "ndvi": 0.15,
          "albedo": 0.15,
          "building_density": 0.61,
          "sky_view_factor": 0.41,
          "imperviousness": 0.79,
          "traffic_density": 0.5
        },
        "energy_balance": {
          "H": 312,
          "LE": 51,
          "G": 117,
          "QF": 45
        }
      },
      "geometry": {
        "type": "Polygon",
        "coordinates": [
          [
            [
              77.2175,
              28.623
            ],
            [
              77.21875,
              28.623
            ],
            [
              77.21875,
              28.624063
            ],
            [
              77.2175,
              28.624063
            ],
            [
              77.2175,
              28.623
            ]
          ]
        ]
      }
    },
    {
      "type": "Feature",
      "properties": {
        "cell_id": "CELL_00_07",
        "row": 0,
        "col": 7,
        "ward_name": "Janpath & Tolstoy Marg Precinct",
        "bounds": [
          77.21875,
          28.623,
          77.22,
          28.624063
        ],
        "center": [
          77.219375,
          28.623531
        ],
        "lst_current": 43.2,
        "ta_current": 39.9,
        "lst_after": 40.6,
        "ta_after": 38.2,
        "cooling_potential": 2.6,
        "population": 3009,
        "vulnerability_score": 0.56,
        "canopy_pct": 13,
        "drivers": {
          "ndvi": 0.19,
          "albedo": 0.17,
          "building_density": 0.56,
          "sky_view_factor": 0.43,
          "imperviousness": 0.77,
          "traffic_density": 0.6
        },
        "energy_balance": {
          "H": 292,
          "LE": 56,
          "G": 115,
          "QF": 50
        }
      },
      "geometry": {
        "type": "Polygon",
        "coordinates": [
          [
            [
              77.21875,
              28.623
            ],
            [
              77.22,
              28.623
            ],
            [
              77.22,
              28.624063
            ],
            [
              77.21875,
              28.624063
            ],
            [
              77.21875,
              28.623
            ]
          ]
        ]
      }
    },
    {
      "type": "Feature",
      "properties": {
        "cell_id": "CELL_00_08",
        "row": 0,
        "col": 8,
        "ward_name": "Janpath & Tolstoy Marg Precinct",
        "bounds": [
          77.22,
          28.623,
          77.22125,
          28.624063
        ],
        "center": [
          77.220625,
          28.623531
        ],
        "lst_current": 43.9,
        "ta_current": 40.5,
        "lst_after": 41.0,
        "ta_after": 38.6,
        "cooling_potential": 2.9,
        "population": 3136,
        "vulnerability_score": 0.61,
        "canopy_pct": 11,
        "drivers": {
          "ndvi": 0.17,
          "albedo": 0.16,
          "building_density": 0.59,
          "sky_view_factor": 0.41,
          "imperviousness": 0.79,
          "traffic_density": 0.3
        },
        "energy_balance": {
          "H": 302,
          "LE": 53,
          "G": 116,
          "QF": 35
        }
      },
      "geometry": {
        "type": "Polygon",
        "coordinates": [
          [
            [
              77.22,
              28.623
            ],
            [
              77.22125,
              28.623
            ],
            [
              77.22125,
              28.624063
            ],
            [
              77.22,
              28.624063
            ],
            [
              77.22,
              28.623
            ]
          ]
        ]
      }
    },
    {
      "type": "Feature",
      "properties": {
        "cell_id": "CELL_00_09",
        "row": 0,
        "col": 9,
        "ward_name": "Janpath & Tolstoy Marg Precinct",
        "bounds": [
          77.22125,
          28.623,
          77.2225,
          28.624063
        ],
        "center": [
          77.221875,
          28.623531
        ],
        "lst_current": 44.6,
        "ta_current": 41.1,
        "lst_after": 41.4,
        "ta_after": 39.0,
        "cooling_potential": 3.2,
        "population": 3231,
        "vulnerability_score": 0.67,
        "canopy_pct": 10,
        "drivers": {
          "ndvi": 0.15,
          "albedo": 0.15,
          "building_density": 0.61,
          "sky_view_factor": 0.41,
          "imperviousness": 0.79,
          "traffic_density": 0.4
        },
        "energy_balance": {
          "H": 312,
          "LE": 51,
          "G": 117,
          "QF": 40
        }
      },
      "geometry": {
        "type": "Polygon",
        "coordinates": [
          [
            [
              77.22125,
              28.623
            ],
            [
              77.2225,
              28.623
            ],
            [
              77.2225,
              28.624063
            ],
            [
              77.22125,
              28.624063
            ],
            [
              77.22125,
              28.623
            ]
          ]
        ]
      }
    },
    {
      "type": "Feature",
      "properties": {
        "cell_id": "CELL_00_10",
        "row": 0,
        "col": 10,
        "ward_name": "Barakhamba Road High-Rise Corridor",
        "bounds": [
          77.2225,
          28.623,
          77.22375,
          28.624063
        ],
        "center": [
          77.223125,
          28.623531
        ],
        "lst_current": 43.0,
        "ta_current": 39.8,
        "lst_after": 40.5,
        "ta_after": 38.2,
        "cooling_potential": 2.5,
        "population": 2970,
        "vulnerability_score": 0.54,
        "canopy_pct": 14,
        "drivers": {
          "ndvi": 0.2,
          "albedo": 0.17,
          "building_density": 0.55,
          "sky_view_factor": 0.43,
          "imperviousness": 0.77,
          "traffic_density": 0.5
        },
        "energy_balance": {
          "H": 290,
          "LE": 58,
          "G": 114,
          "QF": 45
        }
      },
      "geometry": {
        "type": "Polygon",
        "coordinates": [
          [
            [
              77.2225,
              28.623
            ],
            [
              77.22375,
              28.623
            ],
            [
              77.22375,
              28.624063
            ],
            [
              77.2225,
              28.624063
            ],
            [
              77.2225,
              28.623
            ]
          ]
        ]
      }
    },
    {
      "type": "Feature",
      "properties": {
        "cell_id": "CELL_00_11",
        "row": 0,
        "col": 11,
        "ward_name": "Barakhamba Road High-Rise Corridor",
        "bounds": [
          77.22375,
          28.623,
          77.225,
          28.624063
        ],
        "center": [
          77.224375,
          28.623531
        ],
        "lst_current": 43.6,
        "ta_current": 40.3,
        "lst_after": 40.8,
        "ta_after": 38.5,
        "cooling_potential": 2.8,
        "population": 3065,
        "vulnerability_score": 0.59,
        "canopy_pct": 12,
        "drivers": {
          "ndvi": 0.18,
          "albedo": 0.16,
          "building_density": 0.57,
          "sky_view_factor": 0.42,
          "imperviousness": 0.78,
          "traffic_density": 0.6
        },
        "energy_balance": {
          "H": 298,
          "LE": 55,
          "G": 115,
          "QF": 50
        }
      },
      "geometry": {
        "type": "Polygon",
        "coordinates": [
          [
            [
              77.22375,
              28.623
            ],
            [
              77.225,
              28.623
            ],
            [
              77.225,
              28.624063
            ],
            [
              77.22375,
              28.624063
            ],
            [
              77.22375,
              28.623
            ]
          ]
        ]
      }
    },
    {
      "type": "Feature",
      "properties": {
        "cell_id": "CELL_00_12",
        "row": 0,
        "col": 12,
        "ward_name": "Barakhamba Road High-Rise Corridor",
        "bounds": [
          77.225,
          28.623,
          77.22625,
          28.624063
        ],
        "center": [
          77.225625,
          28.623531
        ],
        "lst_current": 44.2,
        "ta_current": 40.7,
        "lst_after": 41.2,
        "ta_after": 38.8,
        "cooling_potential": 3.0,
        "population": 3192,
        "vulnerability_score": 0.64,
        "canopy_pct": 11,
        "drivers": {
          "ndvi": 0.16,
          "albedo": 0.16,
          "building_density": 0.6,
          "sky_view_factor": 0.41,
          "imperviousness": 0.79,
          "traffic_density": 0.3
        },
        "energy_balance": {
          "H": 306,
          "LE": 52,
          "G": 117,
          "QF": 35
        }
      },
      "geometry": {
        "type": "Polygon",
        "coordinates": [
          [
            [
              77.225,
              28.623
            ],
            [
              77.22625,
              28.623
            ],
            [
              77.22625,
              28.624063
            ],
            [
              77.225,
              28.624063
            ],
            [
              77.225,
              28.623
            ]
          ]
        ]
      }
    },
    {
      "type": "Feature",
      "properties": {
        "cell_id": "CELL_00_13",
        "row": 0,
        "col": 13,
        "ward_name": "Barakhamba Road High-Rise Corridor",
        "bounds": [
          77.22625,
          28.623,
          77.2275,
          28.624063
        ],
        "center": [
          77.226875,
          28.623531
        ],
        "lst_current": 42.5,
        "ta_current": 39.4,
        "lst_after": 40.2,
        "ta_after": 37.9,
        "cooling_potential": 2.3,
        "population": 2899,
        "vulnerability_score": 0.5,
        "canopy_pct": 14,
        "drivers": {
          "ndvi": 0.21,
          "albedo": 0.17,
          "building_density": 0.53,
          "sky_view_factor": 0.44,
          "imperviousness": 0.76,
          "traffic_density": 0.4
        },
        "energy_balance": {
          "H": 283,
          "LE": 59,
          "G": 113,
          "QF": 40
        }
      },
      "geometry": {
        "type": "Polygon",
        "coordinates": [
          [
            [
              77.22625,
              28.623
            ],
            [
              77.2275,
              28.623
            ],
            [
              77.2275,
              28.624063
            ],
            [
              77.22625,
              28.624063
            ],
            [
              77.22625,
              28.623
            ]
          ]
        ]
      }
    },
    {
      "type": "Feature",
      "properties": {
        "cell_id": "CELL_00_14",
        "row": 0,
        "col": 14,
        "ward_name": "Barakhamba Road High-Rise Corridor",
        "bounds": [
          77.2275,
          28.623,
          77.22875,
          28.624063
        ],
        "center": [
          77.228125,
          28.623531
        ],
        "lst_current": 43.0,
        "ta_current": 39.8,
        "lst_after": 40.5,
        "ta_after": 38.2,
        "cooling_potential": 2.5,
        "population": 2994,
        "vulnerability_score": 0.54,
        "canopy_pct": 14,
        "drivers": {
          "ndvi": 0.2,
          "albedo": 0.17,
          "building_density": 0.55,
          "sky_view_factor": 0.43,
          "imperviousness": 0.77,
          "traffic_density": 0.5
        },
        "energy_balance": {
          "H": 290,
          "LE": 58,
          "G": 114,
          "QF": 45
        }
      },
      "geometry": {
        "type": "Polygon",
        "coordinates": [
          [
            [
              77.2275,
              28.623
            ],
            [
              77.22875,
              28.623
            ],
            [
              77.22875,
              28.624063
            ],
            [
              77.2275,
              28.624063
            ],
            [
              77.2275,
              28.623
            ]
          ]
        ]
      }
    },
    {
      "type": "Feature",
      "properties": {
        "cell_id": "CELL_00_15",
        "row": 0,
        "col": 15,
        "ward_name": "Barakhamba Road High-Rise Corridor",
        "bounds": [
          77.22875,
          28.623,
          77.23,
          28.624063
        ],
        "center": [
          77.229375,
          28.623531
        ],
        "lst_current": 43.4,
        "ta_current": 40.1,
        "lst_after": 40.7,
        "ta_after": 38.3,
        "cooling_potential": 2.7,
        "population": 3089,
        "vulnerability_score": 0.57,
        "canopy_pct": 13,
        "drivers": {
          "ndvi": 0.19,
          "albedo": 0.17,
          "building_density": 0.57,
          "sky_view_factor": 0.42,
          "imperviousness": 0.78,
          "traffic_density": 0.6
        },
        "energy_balance": {
          "H": 295,
          "LE": 56,
          "G": 115,
          "QF": 50
        }
      },
      "geometry": {
        "type": "Polygon",
        "coordinates": [
          [
            [
              77.22875,
              28.623
            ],
            [
              77.23,
              28.623
            ],
            [
              77.23,
              28.624063
            ],
            [
              77.22875,
              28.624063
            ],
            [
              77.22875,
              28.623
            ]
          ]
        ]
      }
    },
    {
      "type": "Feature",
      "properties": {
        "cell_id": "CELL_01_00",
        "row": 1,
        "col": 0,
        "ward_name": "Janpath & Tolstoy Marg Precinct",
        "bounds": [
          77.21,
          28.624063,
          77.21125,
          28.625125
        ],
        "center": [
          77.210625,
          28.624594
        ],
        "lst_current": 42.1,
        "ta_current": 39.0,
        "lst_after": 39.9,
        "ta_after": 37.6,
        "cooling_potential": 2.2,
        "population": 2849,
        "vulnerability_score": 0.47,
        "canopy_pct": 16,
        "drivers": {
          "ndvi": 0.23,
          "albedo": 0.18,
          "building_density": 0.51,
          "sky_view_factor": 0.45,
          "imperviousness": 0.75,
          "traffic_density": 0.4
        },
        "energy_balance": {
          "H": 277,
          "LE": 62,
          "G": 112,
          "QF": 40
        }
      },
      "geometry": {
        "type": "Polygon",
        "coordinates": [
          [
            [
              77.21,
              28.624063
            ],
            [
              77.21125,
              28.624063
            ],
            [
              77.21125,
              28.625125
            ],
            [
              77.21,
              28.625125
            ],
            [
              77.21,
              28.624063
            ]
          ]
        ]
      }
    },
    {
      "type": "Feature",
      "properties": {
        "cell_id": "CELL_01_01",
        "row": 1,
        "col": 1,
        "ward_name": "Janpath & Tolstoy Marg Precinct",
        "bounds": [
          77.21125,
          28.624063,
          77.2125,
          28.625125
        ],
        "center": [
          77.211875,
          28.624594
        ],
        "lst_current": 43.0,
        "ta_current": 39.8,
        "lst_after": 40.5,
        "ta_after": 38.2,
        "cooling_potential": 2.5,
        "population": 3008,
        "vulnerability_score": 0.54,
        "canopy_pct": 14,
        "drivers": {
          "ndvi": 0.2,
          "albedo": 0.17,
          "building_density": 0.55,
          "sky_view_factor": 0.43,
          "imperviousness": 0.77,
          "traffic_density": 0.5
        },
        "energy_balance": {
          "H": 290,
          "LE": 58,
          "G": 114,
          "QF": 45
        }
      },
      "geometry": {
        "type": "Polygon",
        "coordinates": [
          [
            [
              77.21125,
              28.624063
            ],
            [
              77.2125,
              28.624063
            ],
            [
              77.2125,
              28.625125
            ],
            [
              77.21125,
              28.625125
            ],
            [
              77.21125,
              28.624063
            ]
          ]
        ]
      }
    },
    {
      "type": "Feature",
      "properties": {
        "cell_id": "CELL_01_02",
        "row": 1,
        "col": 2,
        "ward_name": "Janpath & Tolstoy Marg Precinct",
        "bounds": [
          77.2125,
          28.624063,
          77.21375,
          28.625125
        ],
        "center": [
          77.213125,
          28.624594
        ],
        "lst_current": 44.0,
        "ta_current": 40.6,
        "lst_after": 41.1,
        "ta_after": 38.7,
        "cooling_potential": 2.9,
        "population": 3167,
        "vulnerability_score": 0.62,
        "canopy_pct": 11,
        "drivers": {
          "ndvi": 0.17,
          "albedo": 0.16,
          "building_density": 0.59,
          "sky_view_factor": 0.41,
          "imperviousness": 0.79,
          "traffic_density": 0.6
        },
        "energy_balance": {
          "H": 304,
          "LE": 53,
          "G": 116,
          "QF": 50
        }
      },
      "geometry": {
        "type": "Polygon",
        "coordinates": [
          [
            [
              77.2125,
              28.624063
            ],
            [
              77.21375,
              28.624063
            ],
            [
              77.21375,
              28.625125
            ],
            [
              77.2125,
              28.625125
            ],
            [
              77.2125,
              28.624063
            ]
          ]
        ]
      }
    },
    {
      "type": "Feature",
      "properties": {
        "cell_id": "CELL_01_03",
        "row": 1,
        "col": 3,
        "ward_name": "Janpath & Tolstoy Marg Precinct",
        "bounds": [
          77.21375,
          28.624063,
          77.215,
          28.625125
        ],
        "center": [
          77.214375,
          28.624594
        ],
        "lst_current": 42.7,
        "ta_current": 39.5,
        "lst_after": 40.3,
        "ta_after": 37.9,
        "cooling_potential": 2.4,
        "population": 2938,
        "vulnerability_score": 0.52,
        "canopy_pct": 14,
        "drivers": {
          "ndvi": 0.21,
          "albedo": 0.17,
          "building_density": 0.54,
          "sky_view_factor": 0.43,
          "imperviousness": 0.77,
          "traffic_density": 0.7
        },
        "energy_balance": {
          "H": 285,
          "LE": 59,
          "G": 114,
          "QF": 55
        }
      },
      "geometry": {
        "type": "Polygon",
        "coordinates": [
          [
            [
              77.21375,
              28.624063
            ],
            [
              77.215,
              28.624063
            ],
            [
              77.215,
              28.625125
            ],
            [
              77.21375,
              28.625125
            ],
            [
              77.21375,
              28.624063
            ]
          ]
        ]
      }
    },
    {
      "type": "Feature",
      "properties": {
        "cell_id": "CELL_01_04",
        "row": 1,
        "col": 4,
        "ward_name": "Janpath & Tolstoy Marg Precinct",
        "bounds": [
          77.215,
          28.624063,
          77.21625,
          28.625125
        ],
        "center": [
          77.215625,
          28.624594
        ],
        "lst_current": 43.6,
        "ta_current": 40.3,
        "lst_after": 40.8,
        "ta_after": 38.5,
        "cooling_potential": 2.8,
        "population": 3065,
        "vulnerability_score": 0.59,
        "canopy_pct": 12,
        "drivers": {
          "ndvi": 0.18,
          "albedo": 0.16,
          "building_density": 0.57,
          "sky_view_factor": 0.42,
          "imperviousness": 0.78,
          "traffic_density": 0.4
        },
        "energy_balance": {
          "H": 298,
          "LE": 55,
          "G": 115,
          "QF": 40
        }
      },
      "geometry": {
        "type": "Polygon",
        "coordinates": [
          [
            [
              77.215,
              28.624063
            ],
            [
              77.21625,
              28.624063
            ],
            [
              77.21625,
              28.625125
            ],
            [
              77.215,
              28.625125
            ],
            [
              77.215,
              28.624063
            ]
          ]
        ]
      }
    },
    {
      "type": "Feature",
      "properties": {
        "cell_id": "CELL_01_05",
        "row": 1,
        "col": 5,
        "ward_name": "Janpath & Tolstoy Marg Precinct",
        "bounds": [
          77.21625,
          28.624063,
          77.2175,
          28.625125
        ],
        "center": [
          77.216875,
          28.624594
        ],
        "lst_current": 44.5,
        "ta_current": 41.0,
        "lst_after": 41.4,
        "ta_after": 39.0,
        "cooling_potential": 3.1,
        "population": 3224,
        "vulnerability_score": 0.66,
        "canopy_pct": 10,
        "drivers": {
          "ndvi": 0.15,
          "albedo": 0.15,
          "building_density": 0.61,
          "sky_view_factor": 0.41,
          "imperviousness": 0.79,
          "traffic_density": 0.5
        },
        "energy_balance": {
          "H": 311,
          "LE": 51,
          "G": 117,
          "QF": 45
        }
      },
      "geometry": {
        "type": "Polygon",
        "coordinates": [
          [
            [
              77.21625,
              28.624063
            ],
            [
              77.2175,
              28.624063
            ],
            [
              77.2175,
              28.625125
            ],
            [
              77.21625,
              28.625125
            ],
            [
              77.21625,
              28.624063
            ]
          ]
        ]
      }
    },
    {
      "type": "Feature",
      "properties": {
        "cell_id": "CELL_01_06",
        "row": 1,
        "col": 6,
        "ward_name": "Janpath & Tolstoy Marg Precinct",
        "bounds": [
          77.2175,
          28.624063,
          77.21875,
          28.625125
        ],
        "center": [
          77.218125,
          28.624594
        ],
        "lst_current": 43.1,
        "ta_current": 39.8,
        "lst_after": 40.5,
        "ta_after": 38.1,
        "cooling_potential": 2.6,
        "population": 2963,
        "vulnerability_score": 0.55,
        "canopy_pct": 14,
        "drivers": {
          "ndvi": 0.2,
          "albedo": 0.17,
          "building_density": 0.55,
          "sky_view_factor": 0.43,
          "imperviousness": 0.77,
          "traffic_density": 0.6
        },
        "energy_balance": {
          "H": 291,
          "LE": 58,
          "G": 114,
          "QF": 50
        }
      },
      "geometry": {
        "type": "Polygon",
        "coordinates": [
          [
            [
              77.2175,
              28.624063
            ],
            [
              77.21875,
              28.624063
            ],
            [
              77.21875,
              28.625125
            ],
            [
              77.2175,
              28.625125
            ],
            [
              77.2175,
              28.624063
            ]
          ]
        ]
      }
    },
    {
      "type": "Feature",
      "properties": {
        "cell_id": "CELL_01_07",
        "row": 1,
        "col": 7,
        "ward_name": "Janpath & Tolstoy Marg Precinct",
        "bounds": [
          77.21875,
          28.624063,
          77.22,
          28.625125
        ],
        "center": [
          77.219375,
          28.624594
        ],
        "lst_current": 43.9,
        "ta_current": 40.5,
        "lst_after": 41.0,
        "ta_after": 38.6,
        "cooling_potential": 2.9,
        "population": 3122,
        "vulnerability_score": 0.61,
        "canopy_pct": 11,
        "drivers": {
          "ndvi": 0.17,
          "albedo": 0.16,
          "building_density": 0.59,
          "sky_view_factor": 0.41,
          "imperviousness": 0.79,
          "traffic_density": 0.7
        },
        "energy_balance": {
          "H": 302,
          "LE": 53,
          "G": 116,
          "QF": 55
        }
      },
      "geometry": {
        "type": "Polygon",
        "coordinates": [
          [
            [
              77.21875,
              28.624063
            ],
            [
              77.22,
              28.624063
            ],
            [
              77.22,
              28.625125
            ],
            [
              77.21875,
              28.625125
            ],
            [
              77.21875,
              28.624063
            ]
          ]
        ]
      }
    },
    {
      "type": "Feature",
      "properties": {
        "cell_id": "CELL_01_08",
        "row": 1,
        "col": 8,
        "ward_name": "Janpath & Tolstoy Marg Precinct",
        "bounds": [
          77.22,
          28.624063,
          77.22125,
          28.625125
        ],
        "center": [
          77.220625,
          28.624594
        ],
        "lst_current": 44.7,
        "ta_current": 41.2,
        "lst_after": 41.5,
        "ta_after": 39.1,
        "cooling_potential": 3.2,
        "population": 3249,
        "vulnerability_score": 0.68,
        "canopy_pct": 10,
        "drivers": {
          "ndvi": 0.15,
          "albedo": 0.15,
          "building_density": 0.62,
          "sky_view_factor": 0.4,
          "imperviousness": 0.8,
          "traffic_density": 0.4
        },
        "energy_balance": {
          "H": 313,
          "LE": 51,
          "G": 117,
          "QF": 40
        }
      },
      "geometry": {
        "type": "Polygon",
        "coordinates": [
          [
            [
              77.22,
              28.624063
            ],
            [
              77.22125,
              28.624063
            ],
            [
              77.22125,
              28.625125
            ],
            [
              77.22,
              28.625125
            ],
            [
              77.22,
              28.624063
            ]
          ]
        ]
      }
    },
    {
      "type": "Feature",
      "properties": {
        "cell_id": "CELL_01_09",
        "row": 1,
        "col": 9,
        "ward_name": "Janpath & Tolstoy Marg Precinct",
        "bounds": [
          77.22125,
          28.624063,
          77.2225,
          28.625125
        ],
        "center": [
          77.221875,
          28.624594
        ],
        "lst_current": 45.4,
        "ta_current": 41.7,
        "lst_after": 41.9,
        "ta_after": 39.4,
        "cooling_potential": 3.5,
        "population": 3376,
        "vulnerability_score": 0.73,
        "canopy_pct": 9,
        "drivers": {
          "ndvi": 0.13,
          "albedo": 0.15,
          "building_density": 0.65,
          "sky_view_factor": 0.39,
          "imperviousness": 0.81,
          "traffic_density": 0.5
        },
        "energy_balance": {
          "H": 323,
          "LE": 48,
          "G": 119,
          "QF": 45
        }
      },
      "geometry": {
        "type": "Polygon",
        "coordinates": [
          [
            [
              77.22125,
              28.624063
            ],
            [
              77.2225,
              28.624063
            ],
            [
              77.2225,
              28.625125
            ],
            [
              77.22125,
              28.625125
            ],
            [
              77.22125,
              28.624063
            ]
          ]
        ]
      }
    },
    {
      "type": "Feature",
      "properties": {
        "cell_id": "CELL_01_10",
        "row": 1,
        "col": 10,
        "ward_name": "Barakhamba Road High-Rise Corridor",
        "bounds": [
          77.2225,
          28.624063,
          77.22375,
          28.625125
        ],
        "center": [
          77.223125,
          28.624594
        ],
        "lst_current": 43.8,
        "ta_current": 40.4,
        "lst_after": 41.0,
        "ta_after": 38.6,
        "cooling_potential": 2.8,
        "population": 3083,
        "vulnerability_score": 0.6,
        "canopy_pct": 12,
        "drivers": {
          "ndvi": 0.18,
          "albedo": 0.16,
          "building_density": 0.58,
          "sky_view_factor": 0.42,
          "imperviousness": 0.78,
          "traffic_density": 0.6
        },
        "energy_balance": {
          "H": 301,
          "LE": 55,
          "G": 116,
          "QF": 50
        }
      },
      "geometry": {
        "type": "Polygon",
        "coordinates": [
          [
            [
              77.2225,
              28.624063
            ],
            [
              77.22375,
              28.624063
            ],
            [
              77.22375,
              28.625125
            ],
            [
              77.2225,
              28.625125
            ],
            [
              77.2225,
              28.624063
            ]
          ]
        ]
      }
    },
    {
      "type": "Feature",
      "properties": {
        "cell_id": "CELL_01_11",
        "row": 1,
        "col": 11,
        "ward_name": "Barakhamba Road High-Rise Corridor",
        "bounds": [
          77.22375,
          28.624063,
          77.225,
          28.625125
        ],
        "center": [
          77.224375,
          28.624594
        ],
        "lst_current": 44.4,
        "ta_current": 40.9,
        "lst_after": 41.3,
        "ta_after": 38.9,
        "cooling_potential": 3.1,
        "population": 3210,
        "vulnerability_score": 0.65,
        "canopy_pct": 11,
        "drivers": {
          "ndvi": 0.16,
          "albedo": 0.16,
          "building_density": 0.61,
          "sky_view_factor": 0.41,
          "imperviousness": 0.79,
          "traffic_density": 0.7
        },
        "energy_balance": {
          "H": 309,
          "LE": 52,
          "G": 117,
          "QF": 55
        }
      },
      "geometry": {
        "type": "Polygon",
        "coordinates": [
          [
            [
              77.22375,
              28.624063
            ],
            [
              77.225,
              28.624063
            ],
            [
              77.225,
              28.625125
            ],
            [
              77.22375,
              28.625125
            ],
            [
              77.22375,
              28.624063
            ]
          ]
        ]
      }
    },
    {
      "type": "Feature",
      "properties": {
        "cell_id": "CELL_01_12",
        "row": 1,
        "col": 12,
        "ward_name": "Barakhamba Road High-Rise Corridor",
        "bounds": [
          77.225,
          28.624063,
          77.22625,
          28.625125
        ],
        "center": [
          77.225625,
          28.624594
        ],
        "lst_current": 45.0,
        "ta_current": 41.4,
        "lst_after": 41.7,
        "ta_after": 39.3,
        "cooling_potential": 3.3,
        "population": 3305,
        "vulnerability_score": 0.7,
        "canopy_pct": 9,
        "drivers": {
          "ndvi": 0.14,
          "albedo": 0.15,
          "building_density": 0.63,
          "sky_view_factor": 0.4,
          "imperviousness": 0.8,
          "traffic_density": 0.4
        },
        "energy_balance": {
          "H": 318,
          "LE": 49,
          "G": 118,
          "QF": 40
        }
      },
      "geometry": {
        "type": "Polygon",
        "coordinates": [
          [
            [
              77.225,
              28.624063
            ],
            [
              77.22625,
              28.624063
            ],
            [
              77.22625,
              28.625125
            ],
            [
              77.225,
              28.625125
            ],
            [
              77.225,
              28.624063
            ]
          ]
        ]
      }
    },
    {
      "type": "Feature",
      "properties": {
        "cell_id": "CELL_01_13",
        "row": 1,
        "col": 13,
        "ward_name": "Barakhamba Road High-Rise Corridor",
        "bounds": [
          77.22625,
          28.624063,
          77.2275,
          28.625125
        ],
        "center": [
          77.226875,
          28.624594
        ],
        "lst_current": 43.2,
        "ta_current": 39.9,
        "lst_after": 40.6,
        "ta_after": 38.2,
        "cooling_potential": 2.6,
        "population": 3012,
        "vulnerability_score": 0.56,
        "canopy_pct": 13,
        "drivers": {
          "ndvi": 0.19,
          "albedo": 0.17,
          "building_density": 0.56,
          "sky_view_factor": 0.43,
          "imperviousness": 0.77,
          "traffic_density": 0.5
        },
        "energy_balance": {
          "H": 292,
          "LE": 56,
          "G": 115,
          "QF": 45
        }
      },
      "geometry": {
        "type": "Polygon",
        "coordinates": [
          [
            [
              77.22625,
              28.624063
            ],
            [
              77.2275,
              28.624063
            ],
            [
              77.2275,
              28.625125
            ],
            [
              77.22625,
              28.625125
            ],
            [
              77.22625,
              28.624063
            ]
          ]
        ]
      }
    },
    {
      "type": "Feature",
      "properties": {
        "cell_id": "CELL_01_14",
        "row": 1,
        "col": 14,
        "ward_name": "Barakhamba Road High-Rise Corridor",
        "bounds": [
          77.2275,
          28.624063,
          77.22875,
          28.625125
        ],
        "center": [
          77.228125,
          28.624594
        ],
        "lst_current": 43.7,
        "ta_current": 40.3,
        "lst_after": 40.9,
        "ta_after": 38.5,
        "cooling_potential": 2.8,
        "population": 3107,
        "vulnerability_score": 0.6,
        "canopy_pct": 12,
        "drivers": {
          "ndvi": 0.18,
          "albedo": 0.16,
          "building_density": 0.58,
          "sky_view_factor": 0.42,
          "imperviousness": 0.78,
          "traffic_density": 0.6
        },
        "energy_balance": {
          "H": 299,
          "LE": 55,
          "G": 116,
          "QF": 50
        }
      },
      "geometry": {
        "type": "Polygon",
        "coordinates": [
          [
            [
              77.2275,
              28.624063
            ],
            [
              77.22875,
              28.624063
            ],
            [
              77.22875,
              28.625125
            ],
            [
              77.2275,
              28.625125
            ],
            [
              77.2275,
              28.624063
            ]
          ]
        ]
      }
    },
    {
      "type": "Feature",
      "properties": {
        "cell_id": "CELL_01_15",
        "row": 1,
        "col": 15,
        "ward_name": "Barakhamba Road High-Rise Corridor",
        "bounds": [
          77.22875,
          28.624063,
          77.23,
          28.625125
        ],
        "center": [
          77.229375,
          28.624594
        ],
        "lst_current": 44.1,
        "ta_current": 40.7,
        "lst_after": 41.1,
        "ta_after": 38.8,
        "cooling_potential": 3.0,
        "population": 3170,
        "vulnerability_score": 0.63,
        "canopy_pct": 11,
        "drivers": {
          "ndvi": 0.17,
          "albedo": 0.16,
          "building_density": 0.59,
          "sky_view_factor": 0.41,
          "imperviousness": 0.79,
          "traffic_density": 0.7
        },
        "energy_balance": {
          "H": 305,
          "LE": 53,
          "G": 116,
          "QF": 55
        }
      },
      "geometry": {
        "type": "Polygon",
        "coordinates": [
          [
            [
              77.22875,
              28.624063
            ],
            [
              77.23,
              28.624063
            ],
            [
              77.23,
              28.625125
            ],
            [
              77.22875,
              28.625125
            ],
            [
              77.22875,
              28.624063
            ]
          ]
        ]
      }
    },
    {
      "type": "Feature",
      "properties": {
        "cell_id": "CELL_02_00",
        "row": 2,
        "col": 0,
        "ward_name": "Janpath & Tolstoy Marg Precinct",
        "bounds": [
          77.21,
          28.625125,
          77.21125,
          28.626188
        ],
        "center": [
          77.210625,
          28.625656
        ],
        "lst_current": 42.6,
        "ta_current": 39.4,
        "lst_after": 40.2,
        "ta_after": 37.8,
        "cooling_potential": 2.4,
        "population": 2930,
        "vulnerability_score": 0.51,
        "canopy_pct": 14,
        "drivers": {
          "ndvi": 0.21,
          "albedo": 0.17,
          "building_density": 0.53,
          "sky_view_factor": 0.44,
          "imperviousness": 0.76,
          "traffic_density": 0.5
        },
        "energy_balance": {
          "H": 284,
          "LE": 59,
          "G": 113,
          "QF": 45
        }
      },
      "geometry": {
        "type": "Polygon",
        "coordinates": [
          [
            [
              77.21,
              28.625125
            ],
            [
              77.21125,
              28.625125
            ],
            [
              77.21125,
              28.626188
            ],
            [
              77.21,
              28.626188
            ],
            [
              77.21,
              28.625125
            ]
          ]
        ]
      }
    },
    {
      "type": "Feature",
      "properties": {
        "cell_id": "CELL_02_01",
        "row": 2,
        "col": 1,
        "ward_name": "Janpath & Tolstoy Marg Precinct",
        "bounds": [
          77.21125,
          28.625125,
          77.2125,
          28.626188
        ],
        "center": [
          77.211875,
          28.625656
        ],
        "lst_current": 43.6,
        "ta_current": 40.3,
        "lst_after": 40.8,
        "ta_after": 38.5,
        "cooling_potential": 2.8,
        "population": 3089,
        "vulnerability_score": 0.59,
        "canopy_pct": 12,
        "drivers": {
          "ndvi": 0.18,
          "albedo": 0.16,
          "building_density": 0.57,
          "sky_view_factor": 0.42,
          "imperviousness": 0.78,
          "traffic_density": 0.6
        },
        "energy_balance": {
          "H": 298,
          "LE": 55,
          "G": 115,
          "QF": 50
        }
      },
      "geometry": {
        "type": "Polygon",
        "coordinates": [
          [
            [
              77.21125,
              28.625125
            ],
            [
              77.2125,
              28.625125
            ],
            [
              77.2125,
              28.626188
            ],
            [
              77.21125,
              28.626188
            ],
            [
              77.21125,
              28.625125
            ]
          ]
        ]
      }
    },
    {
      "type": "Feature",
      "properties": {
        "cell_id": "CELL_02_02",
        "row": 2,
        "col": 2,
        "ward_name": "Janpath & Tolstoy Marg Precinct",
        "bounds": [
          77.2125,
          28.625125,
          77.21375,
          28.626188
        ],
        "center": [
          77.213125,
          28.625656
        ],
        "lst_current": 44.6,
        "ta_current": 41.1,
        "lst_after": 41.4,
        "ta_after": 39.0,
        "cooling_potential": 3.2,
        "population": 3248,
        "vulnerability_score": 0.67,
        "canopy_pct": 10,
        "drivers": {
          "ndvi": 0.15,
          "albedo": 0.15,
          "building_density": 0.61,
          "sky_view_factor": 0.41,
          "imperviousness": 0.79,
          "traffic_density": 0.7
        },
        "energy_balance": {
          "H": 312,
          "LE": 51,
          "G": 117,
          "QF": 55
        }
      },
      "geometry": {
        "type": "Polygon",
        "coordinates": [
          [
            [
              77.2125,
              28.625125
            ],
            [
              77.21375,
              28.625125
            ],
            [
              77.21375,
              28.626188
            ],
            [
              77.2125,
              28.626188
            ],
            [
              77.2125,
              28.625125
            ]
          ]
        ]
      }
    },
    {
      "type": "Feature",
      "properties": {
        "cell_id": "CELL_02_03",
        "row": 2,
        "col": 3,
        "ward_name": "Janpath & Tolstoy Marg Precinct",
        "bounds": [
          77.21375,
          28.625125,
          77.215,
          28.626188
        ],
        "center": [
          77.214375,
          28.625656
        ],
        "lst_current": 43.3,
        "ta_current": 40.0,
        "lst_after": 40.7,
        "ta_after": 38.3,
        "cooling_potential": 2.6,
        "population": 3019,
        "vulnerability_score": 0.56,
        "canopy_pct": 13,
        "drivers": {
          "ndvi": 0.19,
          "albedo": 0.17,
          "building_density": 0.56,
          "sky_view_factor": 0.43,
          "imperviousness": 0.77,
          "traffic_density": 0.8
        },
        "energy_balance": {
          "H": 294,
          "LE": 56,
          "G": 115,
          "QF": 60
        }
      },
      "geometry": {
        "type": "Polygon",
        "coordinates": [
          [
            [
              77.21375,
              28.625125
            ],
            [
              77.215,
              28.625125
            ],
            [
              77.215,
              28.626188
            ],
            [
              77.21375,
              28.626188
            ],
            [
              77.21375,
              28.625125
            ]
          ]
        ]
      }
    },
    {
      "type": "Feature",
      "properties": {
        "cell_id": "CELL_02_04",
        "row": 2,
        "col": 4,
        "ward_name": "Janpath & Tolstoy Marg Precinct",
        "bounds": [
          77.215,
          28.625125,
          77.21625,
          28.626188
        ],
        "center": [
          77.215625,
          28.625656
        ],
        "lst_current": 44.2,
        "ta_current": 40.7,
        "lst_after": 41.2,
        "ta_after": 38.8,
        "cooling_potential": 3.0,
        "population": 3178,
        "vulnerability_score": 0.64,
        "canopy_pct": 11,
        "drivers": {
          "ndvi": 0.16,
          "albedo": 0.16,
          "building_density": 0.6,
          "sky_view_factor": 0.41,
          "imperviousness": 0.79,
          "traffic_density": 0.5
        },
        "energy_balance": {
          "H": 306,
          "LE": 52,
          "G": 117,
          "QF": 45
        }
      },
      "geometry": {
        "type": "Polygon",
        "coordinates": [
          [
            [
              77.215,
              28.625125
            ],
            [
              77.21625,
              28.625125
            ],
            [
              77.21625,
              28.626188
            ],
            [
              77.215,
              28.626188
            ],
            [
              77.215,
              28.625125
            ]
          ]
        ]
      }
    },
    {
      "type": "Feature",
      "properties": {
        "cell_id": "CELL_02_05",
        "row": 2,
        "col": 5,
        "ward_name": "Janpath & Tolstoy Marg Precinct",
        "bounds": [
          77.21625,
          28.625125,
          77.2175,
          28.626188
        ],
        "center": [
          77.216875,
          28.625656
        ],
        "lst_current": 45.2,
        "ta_current": 41.6,
        "lst_after": 41.8,
        "ta_after": 39.4,
        "cooling_potential": 3.4,
        "population": 3337,
        "vulnerability_score": 0.72,
        "canopy_pct": 9,
        "drivers": {
          "ndvi": 0.13,
          "albedo": 0.15,
          "building_density": 0.64,
          "sky_view_factor": 0.39,
          "imperviousness": 0.81,
          "traffic_density": 0.6
        },
        "energy_balance": {
          "H": 320,
          "LE": 48,
          "G": 118,
          "QF": 50
        }
      },
      "geometry": {
        "type": "Polygon",
        "coordinates": [
          [
            [
              77.21625,
              28.625125
            ],
            [
              77.2175,
              28.625125
            ],
            [
              77.2175,
              28.626188
            ],
            [
              77.21625,
              28.626188
            ],
            [
              77.21625,
              28.625125
            ]
          ]
        ]
      }
    },
    {
      "type": "Feature",
      "properties": {
        "cell_id": "CELL_02_06",
        "row": 2,
        "col": 6,
        "ward_name": "Janpath & Tolstoy Marg Precinct",
        "bounds": [
          77.2175,
          28.625125,
          77.21875,
          28.626188
        ],
        "center": [
          77.218125,
          28.625656
        ],
        "lst_current": 43.8,
        "ta_current": 40.4,
        "lst_after": 41.0,
        "ta_after": 38.6,
        "cooling_potential": 2.8,
        "population": 3076,
        "vulnerability_score": 0.6,
        "canopy_pct": 12,
        "drivers": {
          "ndvi": 0.18,
          "albedo": 0.16,
          "building_density": 0.58,
          "sky_view_factor": 0.42,
          "imperviousness": 0.78,
          "traffic_density": 0.7
        },
        "energy_balance": {
          "H": 301,
          "LE": 55,
          "G": 116,
          "QF": 55
        }
      },
      "geometry": {
        "type": "Polygon",
        "coordinates": [
          [
            [
              77.2175,
              28.625125
            ],
            [
              77.21875,
              28.625125
            ],
            [
              77.21875,
              28.626188
            ],
            [
              77.2175,
              28.626188
            ],
            [
              77.2175,
              28.625125
            ]
          ]
        ]
      }
    },
    {
      "type": "Feature",
      "properties": {
        "cell_id": "CELL_02_07",
        "row": 2,
        "col": 7,
        "ward_name": "Janpath & Tolstoy Marg Precinct",
        "bounds": [
          77.21875,
          28.625125,
          77.22,
          28.626188
        ],
        "center": [
          77.219375,
          28.625656
        ],
        "lst_current": 44.7,
        "ta_current": 41.2,
        "lst_after": 41.5,
        "ta_after": 39.1,
        "cooling_potential": 3.2,
        "population": 3235,
        "vulnerability_score": 0.68,
        "canopy_pct": 10,
        "drivers": {
          "ndvi": 0.15,
          "albedo": 0.15,
          "building_density": 0.62,
          "sky_view_factor": 0.4,
          "imperviousness": 0.8,
          "traffic_density": 0.8
        },
        "energy_balance": {
          "H": 313,
          "LE": 51,
          "G": 117,
          "QF": 60
        }
      },
      "geometry": {
        "type": "Polygon",
        "coordinates": [
          [
            [
              77.21875,
              28.625125
            ],
            [
              77.22,
              28.625125
            ],
            [
              77.22,
              28.626188
            ],
            [
              77.21875,
              28.626188
            ],
            [
              77.21875,
              28.625125
            ]
          ]
        ]
      }
    },
    {
      "type": "Feature",
      "properties": {
        "cell_id": "CELL_02_08",
        "row": 2,
        "col": 8,
        "ward_name": "Janpath & Tolstoy Marg Precinct",
        "bounds": [
          77.22,
          28.625125,
          77.22125,
          28.626188
        ],
        "center": [
          77.220625,
          28.625656
        ],
        "lst_current": 45.5,
        "ta_current": 41.8,
        "lst_after": 42.0,
        "ta_after": 39.5,
        "cooling_potential": 3.5,
        "population": 3362,
        "vulnerability_score": 0.74,
        "canopy_pct": 8,
        "drivers": {
          "ndvi": 0.12,
          "albedo": 0.15,
          "building_density": 0.65,
          "sky_view_factor": 0.39,
          "imperviousness": 0.81,
          "traffic_density": 0.5
        },
        "energy_balance": {
          "H": 325,
          "LE": 46,
          "G": 119,
          "QF": 45
        }
      },
      "geometry": {
        "type": "Polygon",
        "coordinates": [
          [
            [
              77.22,
              28.625125
            ],
            [
              77.22125,
              28.625125
            ],
            [
              77.22125,
              28.626188
            ],
            [
              77.22,
              28.626188
            ],
            [
              77.22,
              28.625125
            ]
          ]
        ]
      }
    },
    {
      "type": "Feature",
      "properties": {
        "cell_id": "CELL_02_09",
        "row": 2,
        "col": 9,
        "ward_name": "Janpath & Tolstoy Marg Precinct",
        "bounds": [
          77.22125,
          28.625125,
          77.2225,
          28.626188
        ],
        "center": [
          77.221875,
          28.625656
        ],
        "lst_current": 44.0,
        "ta_current": 40.6,
        "lst_after": 41.1,
        "ta_after": 38.7,
        "cooling_potential": 2.9,
        "population": 3101,
        "vulnerability_score": 0.62,
        "canopy_pct": 11,
        "drivers": {
          "ndvi": 0.17,
          "albedo": 0.16,
          "building_density": 0.59,
          "sky_view_factor": 0.41,
          "imperviousness": 0.79,
          "traffic_density": 0.6
        },
        "energy_balance": {
          "H": 304,
          "LE": 53,
          "G": 116,
          "QF": 50
        }
      },
      "geometry": {
        "type": "Polygon",
        "coordinates": [
          [
            [
              77.22125,
              28.625125
            ],
            [
              77.2225,
              28.625125
            ],
            [
              77.2225,
              28.626188
            ],
            [
              77.22125,
              28.626188
            ],
            [
              77.22125,
              28.625125
            ]
          ]
        ]
      }
    },
    {
      "type": "Feature",
      "properties": {
        "cell_id": "CELL_02_10",
        "row": 2,
        "col": 10,
        "ward_name": "Barakhamba Road High-Rise Corridor",
        "bounds": [
          77.2225,
          28.625125,
          77.22375,
          28.626188
        ],
        "center": [
          77.223125,
          28.625656
        ],
        "lst_current": 44.6,
        "ta_current": 41.1,
        "lst_after": 41.4,
        "ta_after": 39.0,
        "cooling_potential": 3.2,
        "population": 3196,
        "vulnerability_score": 0.67,
        "canopy_pct": 10,
        "drivers": {
          "ndvi": 0.15,
          "albedo": 0.15,
          "building_density": 0.61,
          "sky_view_factor": 0.41,
          "imperviousness": 0.79,
          "traffic_density": 0.7
        },
        "energy_balance": {
          "H": 312,
          "LE": 51,
          "G": 117,
          "QF": 55
        }
      },
      "geometry": {
        "type": "Polygon",
        "coordinates": [
          [
            [
              77.2225,
              28.625125
            ],
            [
              77.22375,
              28.625125
            ],
            [
              77.22375,
              28.626188
            ],
            [
              77.2225,
              28.626188
            ],
            [
              77.2225,
              28.625125
            ]
          ]
        ]
      }
    },
    {
      "type": "Feature",
      "properties": {
        "cell_id": "CELL_02_11",
        "row": 2,
        "col": 11,
        "ward_name": "Barakhamba Road High-Rise Corridor",
        "bounds": [
          77.22375,
          28.625125,
          77.225,
          28.626188
        ],
        "center": [
          77.224375,
          28.625656
        ],
        "lst_current": 45.2,
        "ta_current": 41.6,
        "lst_after": 41.8,
        "ta_after": 39.4,
        "cooling_potential": 3.4,
        "population": 3323,
        "vulnerability_score": 0.72,
        "canopy_pct": 9,
        "drivers": {
          "ndvi": 0.13,
          "albedo": 0.15,
          "building_density": 0.64,
          "sky_view_factor": 0.39,
          "imperviousness": 0.81,
          "traffic_density": 0.8
        },
        "energy_balance": {
          "H": 320,
          "LE": 48,
          "G": 118,
          "QF": 60
        }
      },
      "geometry": {
        "type": "Polygon",
        "coordinates": [
          [
            [
              77.22375,
              28.625125
            ],
            [
              77.225,
              28.625125
            ],
            [
              77.225,
              28.626188
            ],
            [
              77.22375,
              28.626188
            ],
            [
              77.22375,
              28.625125
            ]
          ]
        ]
      }
    },
    {
      "type": "Feature",
      "properties": {
        "cell_id": "CELL_02_12",
        "row": 2,
        "col": 12,
        "ward_name": "Barakhamba Road High-Rise Corridor",
        "bounds": [
          77.225,
          28.625125,
          77.22625,
          28.626188
        ],
        "center": [
          77.225625,
          28.625656
        ],
        "lst_current": 43.5,
        "ta_current": 40.2,
        "lst_after": 40.8,
        "ta_after": 38.4,
        "cooling_potential": 2.7,
        "population": 3030,
        "vulnerability_score": 0.58,
        "canopy_pct": 12,
        "drivers": {
          "ndvi": 0.18,
          "albedo": 0.17,
          "building_density": 0.57,
          "sky_view_factor": 0.42,
          "imperviousness": 0.78,
          "traffic_density": 0.5
        },
        "energy_balance": {
          "H": 297,
          "LE": 55,
          "G": 115,
          "QF": 45
        }
      },
      "geometry": {
        "type": "Polygon",
        "coordinates": [
          [
            [
              77.225,
              28.625125
            ],
            [
              77.22625,
              28.625125
            ],
            [
              77.22625,
              28.626188
            ],
            [
              77.225,
              28.626188
            ],
            [
              77.225,
              28.625125
            ]
          ]
        ]
      }
    },
    {
      "type": "Feature",
      "properties": {
        "cell_id": "CELL_02_13",
        "row": 2,
        "col": 13,
        "ward_name": "Barakhamba Road High-Rise Corridor",
        "bounds": [
          77.22625,
          28.625125,
          77.2275,
          28.626188
        ],
        "center": [
          77.226875,
          28.625656
        ],
        "lst_current": 44.0,
        "ta_current": 40.6,
        "lst_after": 41.1,
        "ta_after": 38.7,
        "cooling_potential": 2.9,
        "population": 3125,
        "vulnerability_score": 0.62,
        "canopy_pct": 11,
        "drivers": {
          "ndvi": 0.17,
          "albedo": 0.16,
          "building_density": 0.59,
          "sky_view_factor": 0.41,
          "imperviousness": 0.79,
          "traffic_density": 0.6
        },
        "energy_balance": {
          "H": 304,
          "LE": 53,
          "G": 116,
          "QF": 50
        }
      },
      "geometry": {
        "type": "Polygon",
        "coordinates": [
          [
            [
              77.22625,
              28.625125
            ],
            [
              77.2275,
              28.625125
            ],
            [
              77.2275,
              28.626188
            ],
            [
              77.22625,
              28.626188
            ],
            [
              77.22625,
              28.625125
            ]
          ]
        ]
      }
    },
    {
      "type": "Feature",
      "properties": {
        "cell_id": "CELL_02_14",
        "row": 2,
        "col": 14,
        "ward_name": "Barakhamba Road High-Rise Corridor",
        "bounds": [
          77.2275,
          28.625125,
          77.22875,
          28.626188
        ],
        "center": [
          77.228125,
          28.625656
        ],
        "lst_current": 44.4,
        "ta_current": 40.9,
        "lst_after": 41.3,
        "ta_after": 38.9,
        "cooling_potential": 3.1,
        "population": 3220,
        "vulnerability_score": 0.65,
        "canopy_pct": 11,
        "drivers": {
          "ndvi": 0.16,
          "albedo": 0.16,
          "building_density": 0.61,
          "sky_view_factor": 0.41,
          "imperviousness": 0.79,
          "traffic_density": 0.7
        },
        "energy_balance": {
          "H": 309,
          "LE": 52,
          "G": 117,
          "QF": 55
        }
      },
      "geometry": {
        "type": "Polygon",
        "coordinates": [
          [
            [
              77.2275,
              28.625125
            ],
            [
              77.22875,
              28.625125
            ],
            [
              77.22875,
              28.626188
            ],
            [
              77.2275,
              28.626188
            ],
            [
              77.2275,
              28.625125
            ]
          ]
        ]
      }
    },
    {
      "type": "Feature",
      "properties": {
        "cell_id": "CELL_02_15",
        "row": 2,
        "col": 15,
        "ward_name": "Barakhamba Road High-Rise Corridor",
        "bounds": [
          77.22875,
          28.625125,
          77.23,
          28.626188
        ],
        "center": [
          77.229375,
          28.625656
        ],
        "lst_current": 44.8,
        "ta_current": 41.2,
        "lst_after": 41.5,
        "ta_after": 39.1,
        "cooling_potential": 3.3,
        "population": 3283,
        "vulnerability_score": 0.68,
        "canopy_pct": 10,
        "drivers": {
          "ndvi": 0.15,
          "albedo": 0.15,
          "building_density": 0.62,
          "sky_view_factor": 0.4,
          "imperviousness": 0.8,
          "traffic_density": 0.8
        },
        "energy_balance": {
          "H": 315,
          "LE": 51,
          "G": 117,
          "QF": 60
        }
      },
      "geometry": {
        "type": "Polygon",
        "coordinates": [
          [
            [
              77.22875,
              28.625125
            ],
            [
              77.23,
              28.625125
            ],
            [
              77.23,
              28.626188
            ],
            [
              77.22875,
              28.626188
            ],
            [
              77.22875,
              28.625125
            ]
          ]
        ]
      }
    },
    {
      "type": "Feature",
      "properties": {
        "cell_id": "CELL_03_00",
        "row": 3,
        "col": 0,
        "ward_name": "Janpath & Tolstoy Marg Precinct",
        "bounds": [
          77.21,
          28.626188,
          77.21125,
          28.62725
        ],
        "center": [
          77.210625,
          28.626719
        ],
        "lst_current": 43.2,
        "ta_current": 39.9,
        "lst_after": 40.6,
        "ta_after": 38.2,
        "cooling_potential": 2.6,
        "population": 3043,
        "vulnerability_score": 0.56,
        "canopy_pct": 13,
        "drivers": {
          "ndvi": 0.19,
          "albedo": 0.17,
          "building_density": 0.56,
          "sky_view_factor": 0.43,
          "imperviousness": 0.77,
          "traffic_density": 0.3
        },
        "energy_balance": {
          "H": 292,
          "LE": 56,
          "G": 115,
          "QF": 35
        }
      },
      "geometry": {
        "type": "Polygon",
        "coordinates": [
          [
            [
              77.21,
              28.626188
            ],
            [
              77.21125,
              28.626188
            ],
            [
              77.21125,
              28.62725
            ],
            [
              77.21,
              28.62725
            ],
            [
              77.21,
              28.626188
            ]
          ]
        ]
      }
    },
    {
      "type": "Feature",
      "properties": {
        "cell_id": "CELL_03_01",
        "row": 3,
        "col": 1,
        "ward_name": "Janpath & Tolstoy Marg Precinct",
        "bounds": [
          77.21125,
          28.626188,
          77.2125,
          28.62725
        ],
        "center": [
          77.211875,
          28.626719
        ],
        "lst_current": 44.2,
        "ta_current": 40.7,
        "lst_after": 41.2,
        "ta_after": 38.8,
        "cooling_potential": 3.0,
        "population": 3202,
        "vulnerability_score": 0.64,
        "canopy_pct": 11,
        "drivers": {
          "ndvi": 0.16,
          "albedo": 0.16,
          "building_density": 0.6,
          "sky_view_factor": 0.41,
          "imperviousness": 0.79,
          "traffic_density": 0.4
        },
        "energy_balance": {
          "H": 306,
          "LE": 52,
          "G": 117,
          "QF": 40
        }
      },
      "geometry": {
        "type": "Polygon",
        "coordinates": [
          [
            [
              77.21125,
              28.626188
            ],
            [
              77.2125,
              28.626188
            ],
            [
              77.2125,
              28.62725
            ],
            [
              77.21125,
              28.62725
            ],
            [
              77.21125,
              28.626188
            ]
          ]
        ]
      }
    },
    {
      "type": "Feature",
      "properties": {
        "cell_id": "CELL_03_02",
        "row": 3,
        "col": 2,
        "ward_name": "Janpath & Tolstoy Marg Precinct",
        "bounds": [
          77.2125,
          28.626188,
          77.21375,
          28.62725
        ],
        "center": [
          77.213125,
          28.626719
        ],
        "lst_current": 43.0,
        "ta_current": 39.8,
        "lst_after": 40.5,
        "ta_after": 38.2,
        "cooling_potential": 2.5,
        "population": 2973,
        "vulnerability_score": 0.54,
        "canopy_pct": 14,
        "drivers": {
          "ndvi": 0.2,
          "albedo": 0.17,
          "building_density": 0.55,
          "sky_view_factor": 0.43,
          "imperviousness": 0.77,
          "traffic_density": 0.5
        },
        "energy_balance": {
          "H": 290,
          "LE": 58,
          "G": 114,
          "QF": 45
        }
      },
      "geometry": {
        "type": "Polygon",
        "coordinates": [
          [
            [
              77.2125,
              28.626188
            ],
            [
              77.21375,
              28.626188
            ],
            [
              77.21375,
              28.62725
            ],
            [
              77.2125,
              28.62725
            ],
            [
              77.2125,
              28.626188
            ]
          ]
        ]
      }
    },
    {
      "type": "Feature",
      "properties": {
        "cell_id": "CELL_03_03",
        "row": 3,
        "col": 3,
        "ward_name": "Janpath & Tolstoy Marg Precinct",
        "bounds": [
          77.21375,
          28.626188,
          77.215,
          28.62725
        ],
        "center": [
          77.214375,
          28.626719
        ],
        "lst_current": 43.9,
        "ta_current": 40.5,
        "lst_after": 41.0,
        "ta_after": 38.6,
        "cooling_potential": 2.9,
        "population": 3132,
        "vulnerability_score": 0.61,
        "canopy_pct": 11,
        "drivers": {
          "ndvi": 0.17,
          "albedo": 0.16,
          "building_density": 0.59,
          "sky_view_factor": 0.41,
          "imperviousness": 0.79,
          "traffic_density": 0.6
        },
        "energy_balance": {
          "H": 302,
          "LE": 53,
          "G": 116,
          "QF": 50
        }
      },
      "geometry": {
        "type": "Polygon",
        "coordinates": [
          [
            [
              77.21375,
              28.626188
            ],
            [
              77.215,
              28.626188
            ],
            [
              77.215,
              28.62725
            ],
            [
              77.21375,
              28.62725
            ],
            [
              77.21375,
              28.626188
            ]
          ]
        ]
      }
    },
    {
      "type": "Feature",
      "properties": {
        "cell_id": "CELL_03_04",
        "row": 3,
        "col": 4,
        "ward_name": "Janpath & Tolstoy Marg Precinct",
        "bounds": [
          77.215,
          28.626188,
          77.21625,
          28.62725
        ],
        "center": [
          77.215625,
          28.626719
        ],
        "lst_current": 44.9,
        "ta_current": 41.3,
        "lst_after": 41.6,
        "ta_after": 39.2,
        "cooling_potential": 3.3,
        "population": 3291,
        "vulnerability_score": 0.69,
        "canopy_pct": 9,
        "drivers": {
          "ndvi": 0.14,
          "albedo": 0.15,
          "building_density": 0.63,
          "sky_view_factor": 0.4,
          "imperviousness": 0.8,
          "traffic_density": 0.3
        },
        "energy_balance": {
          "H": 316,
          "LE": 49,
          "G": 118,
          "QF": 35
        }
      },
      "geometry": {
        "type": "Polygon",
        "coordinates": [
          [
            [
              77.215,
              28.626188
            ],
            [
              77.21625,
              28.626188
            ],
            [
              77.21625,
              28.62725
            ],
            [
              77.215,
              28.62725
            ],
            [
              77.215,
              28.626188
            ]
          ]
        ]
      }
    },
    {
      "type": "Feature",
      "properties": {
        "cell_id": "CELL_03_05",
        "row": 3,
        "col": 5,
        "ward_name": "Janpath & Tolstoy Marg Precinct",
        "bounds": [
          77.21625,
          28.626188,
          77.2175,
          28.62725
        ],
        "center": [
          77.216875,
          28.626719
        ],
        "lst_current": 43.6,
        "ta_current": 40.3,
        "lst_after": 40.8,
        "ta_after": 38.5,
        "cooling_potential": 2.8,
        "population": 3030,
        "vulnerability_score": 0.59,
        "canopy_pct": 12,
        "drivers": {
          "ndvi": 0.18,
          "albedo": 0.16,
          "building_density": 0.57,
          "sky_view_factor": 0.42,
          "imperviousness": 0.78,
          "traffic_density": 0.4
        },
        "energy_balance": {
          "H": 298,
          "LE": 55,
          "G": 115,
          "QF": 40
        }
      },
      "geometry": {
        "type": "Polygon",
        "coordinates": [
          [
            [
              77.21625,
              28.626188
            ],
            [
              77.2175,
              28.626188
            ],
            [
              77.2175,
              28.62725
            ],
            [
              77.21625,
              28.62725
            ],
            [
              77.21625,
              28.626188
            ]
          ]
        ]
      }
    },
    {
      "type": "Feature",
      "properties": {
        "cell_id": "CELL_03_06",
        "row": 3,
        "col": 6,
        "ward_name": "Janpath & Tolstoy Marg Precinct",
        "bounds": [
          77.2175,
          28.626188,
          77.21875,
          28.62725
        ],
        "center": [
          77.218125,
          28.626719
        ],
        "lst_current": 44.6,
        "ta_current": 41.1,
        "lst_after": 41.4,
        "ta_after": 39.0,
        "cooling_potential": 3.2,
        "population": 3189,
        "vulnerability_score": 0.67,
        "canopy_pct": 10,
        "drivers": {
          "ndvi": 0.15,
          "albedo": 0.15,
          "building_density": 0.61,
          "sky_view_factor": 0.41,
          "imperviousness": 0.79,
          "traffic_density": 0.5
        },
        "energy_balance": {
          "H": 312,
          "LE": 51,
          "G": 117,
          "QF": 45
        }
      },
      "geometry": {
        "type": "Polygon",
        "coordinates": [
          [
            [
              77.2175,
              28.626188
            ],
            [
              77.21875,
              28.626188
            ],
            [
              77.21875,
              28.62725
            ],
            [
              77.2175,
              28.62725
            ],
            [
              77.2175,
              28.626188
            ]
          ]
        ]
      }
    },
    {
      "type": "Feature",
      "properties": {
        "cell_id": "CELL_03_07",
        "row": 3,
        "col": 7,
        "ward_name": "Janpath & Tolstoy Marg Precinct",
        "bounds": [
          77.21875,
          28.626188,
          77.22,
          28.62725
        ],
        "center": [
          77.219375,
          28.626719
        ],
        "lst_current": 45.4,
        "ta_current": 41.7,
        "lst_after": 41.9,
        "ta_after": 39.4,
        "cooling_potential": 3.5,
        "population": 3348,
        "vulnerability_score": 0.73,
        "canopy_pct": 9,
        "drivers": {
          "ndvi": 0.13,
          "albedo": 0.15,
          "building_density": 0.65,
          "sky_view_factor": 0.39,
          "imperviousness": 0.81,
          "traffic_density": 0.6
        },
        "energy_balance": {
          "H": 323,
          "LE": 48,
          "G": 119,
          "QF": 50
        }
      },
      "geometry": {
        "type": "Polygon",
        "coordinates": [
          [
            [
              77.21875,
              28.626188
            ],
            [
              77.22,
              28.626188
            ],
            [
              77.22,
              28.62725
            ],
            [
              77.21875,
              28.62725
            ],
            [
              77.21875,
              28.626188
            ]
          ]
        ]
      }
    },
    {
      "type": "Feature",
      "properties": {
        "cell_id": "CELL_03_08",
        "row": 3,
        "col": 8,
        "ward_name": "Janpath & Tolstoy Marg Precinct",
        "bounds": [
          77.22,
          28.626188,
          77.22125,
          28.62725
        ],
        "center": [
          77.220625,
          28.626719
        ],
        "lst_current": 46.2,
        "ta_current": 42.4,
        "lst_after": 42.4,
        "ta_after": 39.9,
        "cooling_potential": 3.8,
        "population": 3475,
        "vulnerability_score": 0.8,
        "canopy_pct": 7,
        "drivers": {
          "ndvi": 0.1,
          "albedo": 0.14,
          "building_density": 0.68,
          "sky_view_factor": 0.38,
          "imperviousness": 0.82,
          "traffic_density": 0.3
        },
        "energy_balance": {
          "H": 334,
          "LE": 44,
          "G": 120,
          "QF": 35
        }
      },
      "geometry": {
        "type": "Polygon",
        "coordinates": [
          [
            [
              77.22,
              28.626188
            ],
            [
              77.22125,
              28.626188
            ],
            [
              77.22125,
              28.62725
            ],
            [
              77.22,
              28.62725
            ],
            [
              77.22,
              28.626188
            ]
          ]
        ]
      }
    },
    {
      "type": "Feature",
      "properties": {
        "cell_id": "CELL_03_09",
        "row": 3,
        "col": 9,
        "ward_name": "Janpath & Tolstoy Marg Precinct",
        "bounds": [
          77.22125,
          28.626188,
          77.2225,
          28.62725
        ],
        "center": [
          77.221875,
          28.626719
        ],
        "lst_current": 44.8,
        "ta_current": 41.2,
        "lst_after": 41.5,
        "ta_after": 39.1,
        "cooling_potential": 3.3,
        "population": 3214,
        "vulnerability_score": 0.68,
        "canopy_pct": 10,
        "drivers": {
          "ndvi": 0.15,
          "albedo": 0.15,
          "building_density": 0.62,
          "sky_view_factor": 0.4,
          "imperviousness": 0.8,
          "traffic_density": 0.4
        },
        "energy_balance": {
          "H": 315,
          "LE": 51,
          "G": 117,
          "QF": 40
        }
      },
      "geometry": {
        "type": "Polygon",
        "coordinates": [
          [
            [
              77.22125,
              28.626188
            ],
            [
              77.2225,
              28.626188
            ],
            [
              77.2225,
              28.62725
            ],
            [
              77.22125,
              28.62725
            ],
            [
              77.22125,
              28.626188
            ]
          ]
        ]
      }
    },
    {
      "type": "Feature",
      "properties": {
        "cell_id": "CELL_03_10",
        "row": 3,
        "col": 10,
        "ward_name": "Barakhamba Road High-Rise Corridor",
        "bounds": [
          77.2225,
          28.626188,
          77.22375,
          28.62725
        ],
        "center": [
          77.223125,
          28.626719
        ],
        "lst_current": 45.5,
        "ta_current": 41.8,
        "lst_after": 42.0,
        "ta_after": 39.5,
        "cooling_potential": 3.5,
        "population": 3341,
        "vulnerability_score": 0.74,
        "canopy_pct": 8,
        "drivers": {
          "ndvi": 0.12,
          "albedo": 0.15,
          "building_density": 0.65,
          "sky_view_factor": 0.39,
          "imperviousness": 0.81,
          "traffic_density": 0.5
        },
        "energy_balance": {
          "H": 325,
          "LE": 46,
          "G": 119,
          "QF": 45
        }
      },
      "geometry": {
        "type": "Polygon",
        "coordinates": [
          [
            [
              77.2225,
              28.626188
            ],
            [
              77.22375,
              28.626188
            ],
            [
              77.22375,
              28.62725
            ],
            [
              77.2225,
              28.62725
            ],
            [
              77.2225,
              28.626188
            ]
          ]
        ]
      }
    },
    {
      "type": "Feature",
      "properties": {
        "cell_id": "CELL_03_11",
        "row": 3,
        "col": 11,
        "ward_name": "Barakhamba Road High-Rise Corridor",
        "bounds": [
          77.22375,
          28.626188,
          77.225,
          28.62725
        ],
        "center": [
          77.224375,
          28.626719
        ],
        "lst_current": 46.1,
        "ta_current": 42.3,
        "lst_after": 42.3,
        "ta_after": 39.8,
        "cooling_potential": 3.8,
        "population": 3436,
        "vulnerability_score": 0.79,
        "canopy_pct": 7,
        "drivers": {
          "ndvi": 0.11,
          "albedo": 0.14,
          "building_density": 0.67,
          "sky_view_factor": 0.38,
          "imperviousness": 0.82,
          "traffic_density": 0.6
        },
        "energy_balance": {
          "H": 333,
          "LE": 45,
          "G": 120,
          "QF": 50
        }
      },
      "geometry": {
        "type": "Polygon",
        "coordinates": [
          [
            [
              77.22375,
              28.626188
            ],
            [
              77.225,
              28.626188
            ],
            [
              77.225,
              28.62725
            ],
            [
              77.22375,
              28.62725
            ],
            [
              77.22375,
              28.626188
            ]
          ]
        ]
      }
    },
    {
      "type": "Feature",
      "properties": {
        "cell_id": "CELL_03_12",
        "row": 3,
        "col": 12,
        "ward_name": "Barakhamba Road High-Rise Corridor",
        "bounds": [
          77.225,
          28.626188,
          77.22625,
          28.62725
        ],
        "center": [
          77.225625,
          28.626719
        ],
        "lst_current": 44.4,
        "ta_current": 40.9,
        "lst_after": 41.3,
        "ta_after": 38.9,
        "cooling_potential": 3.1,
        "population": 3175,
        "vulnerability_score": 0.65,
        "canopy_pct": 11,
        "drivers": {
          "ndvi": 0.16,
          "albedo": 0.16,
          "building_density": 0.61,
          "sky_view_factor": 0.41,
          "imperviousness": 0.79,
          "traffic_density": 0.3
        },
        "energy_balance": {
          "H": 309,
          "LE": 52,
          "G": 117,
          "QF": 35
        }
      },
      "geometry": {
        "type": "Polygon",
        "coordinates": [
          [
            [
              77.225,
              28.626188
            ],
            [
              77.22625,
              28.626188
            ],
            [
              77.22625,
              28.62725
            ],
            [
              77.225,
              28.62725
            ],
            [
              77.225,
              28.626188
            ]
          ]
        ]
      }
    },
    {
      "type": "Feature",
      "properties": {
        "cell_id": "CELL_03_13",
        "row": 3,
        "col": 13,
        "ward_name": "Barakhamba Road High-Rise Corridor",
        "bounds": [
          77.22625,
          28.626188,
          77.2275,
          28.62725
        ],
        "center": [
          77.226875,
          28.626719
        ],
        "lst_current": 44.8,
        "ta_current": 41.2,
        "lst_after": 41.5,
        "ta_after": 39.1,
        "cooling_potential": 3.3,
        "population": 3238,
        "vulnerability_score": 0.68,
        "canopy_pct": 10,
        "drivers": {
          "ndvi": 0.15,
          "albedo": 0.15,
          "building_density": 0.62,
          "sky_view_factor": 0.4,
          "imperviousness": 0.8,
          "traffic_density": 0.4
        },
        "energy_balance": {
          "H": 315,
          "LE": 51,
          "G": 117,
          "QF": 40
        }
      },
      "geometry": {
        "type": "Polygon",
        "coordinates": [
          [
            [
              77.22625,
              28.626188
            ],
            [
              77.2275,
              28.626188
            ],
            [
              77.2275,
              28.62725
            ],
            [
              77.22625,
              28.62725
            ],
            [
              77.22625,
              28.626188
            ]
          ]
        ]
      }
    },
    {
      "type": "Feature",
      "properties": {
        "cell_id": "CELL_03_14",
        "row": 3,
        "col": 14,
        "ward_name": "Barakhamba Road High-Rise Corridor",
        "bounds": [
          77.2275,
          28.626188,
          77.22875,
          28.62725
        ],
        "center": [
          77.228125,
          28.626719
        ],
        "lst_current": 45.1,
        "ta_current": 41.5,
        "lst_after": 41.7,
        "ta_after": 39.3,
        "cooling_potential": 3.4,
        "population": 3301,
        "vulnerability_score": 0.71,
        "canopy_pct": 9,
        "drivers": {
          "ndvi": 0.14,
          "albedo": 0.15,
          "building_density": 0.63,
          "sky_view_factor": 0.4,
          "imperviousness": 0.8,
          "traffic_density": 0.5
        },
        "energy_balance": {
          "H": 319,
          "LE": 49,
          "G": 118,
          "QF": 45
        }
      },
      "geometry": {
        "type": "Polygon",
        "coordinates": [
          [
            [
              77.2275,
              28.626188
            ],
            [
              77.22875,
              28.626188
            ],
            [
              77.22875,
              28.62725
            ],
            [
              77.2275,
              28.62725
            ],
            [
              77.2275,
              28.626188
            ]
          ]
        ]
      }
    },
    {
      "type": "Feature",
      "properties": {
        "cell_id": "CELL_03_15",
        "row": 3,
        "col": 15,
        "ward_name": "Barakhamba Road High-Rise Corridor",
        "bounds": [
          77.22875,
          28.626188,
          77.23,
          28.62725
        ],
        "center": [
          77.229375,
          28.626719
        ],
        "lst_current": 43.2,
        "ta_current": 39.9,
        "lst_after": 40.6,
        "ta_after": 38.2,
        "cooling_potential": 2.6,
        "population": 3008,
        "vulnerability_score": 0.56,
        "canopy_pct": 13,
        "drivers": {
          "ndvi": 0.19,
          "albedo": 0.17,
          "building_density": 0.56,
          "sky_view_factor": 0.43,
          "imperviousness": 0.77,
          "traffic_density": 0.6
        },
        "energy_balance": {
          "H": 292,
          "LE": 56,
          "G": 115,
          "QF": 50
        }
      },
      "geometry": {
        "type": "Polygon",
        "coordinates": [
          [
            [
              77.22875,
              28.626188
            ],
            [
              77.23,
              28.626188
            ],
            [
              77.23,
              28.62725
            ],
            [
              77.22875,
              28.62725
            ],
            [
              77.22875,
              28.626188
            ]
          ]
        ]
      }
    },
    {
      "type": "Feature",
      "properties": {
        "cell_id": "CELL_04_00",
        "row": 4,
        "col": 0,
        "ward_name": "Janpath & Tolstoy Marg Precinct",
        "bounds": [
          77.21,
          28.62725,
          77.21125,
          28.628312
        ],
        "center": [
          77.210625,
          28.627781
        ],
        "lst_current": 43.7,
        "ta_current": 40.3,
        "lst_after": 40.9,
        "ta_after": 38.5,
        "cooling_potential": 2.8,
        "population": 3124,
        "vulnerability_score": 0.6,
        "canopy_pct": 12,
        "drivers": {
          "ndvi": 0.18,
          "albedo": 0.16,
          "building_density": 0.58,
          "sky_view_factor": 0.42,
          "imperviousness": 0.78,
          "traffic_density": 0.4
        },
        "energy_balance": {
          "H": 299,
          "LE": 55,
          "G": 116,
          "QF": 40
        }
      },
      "geometry": {
        "type": "Polygon",
        "coordinates": [
          [
            [
              77.21,
              28.62725
            ],
            [
              77.21125,
              28.62725
            ],
            [
              77.21125,
              28.628312
            ],
            [
              77.21,
              28.628312
            ],
            [
              77.21,
              28.62725
            ]
          ]
        ]
      }
    },
    {
      "type": "Feature",
      "properties": {
        "cell_id": "CELL_04_01",
        "row": 4,
        "col": 1,
        "ward_name": "Janpath & Tolstoy Marg Precinct",
        "bounds": [
          77.21125,
          28.62725,
          77.2125,
          28.628312
        ],
        "center": [
          77.211875,
          28.627781
        ],
        "lst_current": 44.7,
        "ta_current": 41.2,
        "lst_after": 41.5,
        "ta_after": 39.1,
        "cooling_potential": 3.2,
        "population": 3283,
        "vulnerability_score": 0.68,
        "canopy_pct": 10,
        "drivers": {
          "ndvi": 0.15,
          "albedo": 0.15,
          "building_density": 0.62,
          "sky_view_factor": 0.4,
          "imperviousness": 0.8,
          "traffic_density": 0.5
        },
        "energy_balance": {
          "H": 313,
          "LE": 51,
          "G": 117,
          "QF": 45
        }
      },
      "geometry": {
        "type": "Polygon",
        "coordinates": [
          [
            [
              77.21125,
              28.62725
            ],
            [
              77.2125,
              28.62725
            ],
            [
              77.2125,
              28.628312
            ],
            [
              77.21125,
              28.628312
            ],
            [
              77.21125,
              28.62725
            ]
          ]
        ]
      }
    },
    {
      "type": "Feature",
      "properties": {
        "cell_id": "CELL_04_02",
        "row": 4,
        "col": 2,
        "ward_name": "Janpath & Tolstoy Marg Precinct",
        "bounds": [
          77.2125,
          28.62725,
          77.21375,
          28.628312
        ],
        "center": [
          77.213125,
          28.627781
        ],
        "lst_current": 43.5,
        "ta_current": 40.2,
        "lst_after": 40.8,
        "ta_after": 38.4,
        "cooling_potential": 2.7,
        "population": 3054,
        "vulnerability_score": 0.58,
        "canopy_pct": 12,
        "drivers": {
          "ndvi": 0.18,
          "albedo": 0.17,
          "building_density": 0.57,
          "sky_view_factor": 0.42,
          "imperviousness": 0.78,
          "traffic_density": 0.6
        },
        "energy_balance": {
          "H": 297,
          "LE": 55,
          "G": 115,
          "QF": 50
        }
      },
      "geometry": {
        "type": "Polygon",
        "coordinates": [
          [
            [
              77.2125,
              28.62725
            ],
            [
              77.21375,
              28.62725
            ],
            [
              77.21375,
              28.628312
            ],
            [
              77.2125,
              28.628312
            ],
            [
              77.2125,
              28.62725
            ]
          ]
        ]
      }
    },
    {
      "type": "Feature",
      "properties": {
        "cell_id": "CELL_04_03",
        "row": 4,
        "col": 3,
        "ward_name": "Janpath & Tolstoy Marg Precinct",
        "bounds": [
          77.21375,
          28.62725,
          77.215,
          28.628312
        ],
        "center": [
          77.214375,
          28.627781
        ],
        "lst_current": 44.5,
        "ta_current": 41.0,
        "lst_after": 41.4,
        "ta_after": 39.0,
        "cooling_potential": 3.1,
        "population": 3213,
        "vulnerability_score": 0.66,
        "canopy_pct": 10,
        "drivers": {
          "ndvi": 0.15,
          "albedo": 0.15,
          "building_density": 0.61,
          "sky_view_factor": 0.41,
          "imperviousness": 0.79,
          "traffic_density": 0.7
        },
        "energy_balance": {
          "H": 311,
          "LE": 51,
          "G": 117,
          "QF": 55
        }
      },
      "geometry": {
        "type": "Polygon",
        "coordinates": [
          [
            [
              77.21375,
              28.62725
            ],
            [
              77.215,
              28.62725
            ],
            [
              77.215,
              28.628312
            ],
            [
              77.21375,
              28.628312
            ],
            [
              77.21375,
              28.62725
            ]
          ]
        ]
      }
    },
    {
      "type": "Feature",
      "properties": {
        "cell_id": "CELL_04_04",
        "row": 4,
        "col": 4,
        "ward_name": "Janpath & Tolstoy Marg Precinct",
        "bounds": [
          77.215,
          28.62725,
          77.21625,
          28.628312
        ],
        "center": [
          77.215625,
          28.627781
        ],
        "lst_current": 45.5,
        "ta_current": 41.8,
        "lst_after": 42.0,
        "ta_after": 39.5,
        "cooling_potential": 3.5,
        "population": 3372,
        "vulnerability_score": 0.74,
        "canopy_pct": 8,
        "drivers": {
          "ndvi": 0.12,
          "albedo": 0.15,
          "building_density": 0.65,
          "sky_view_factor": 0.39,
          "imperviousness": 0.81,
          "traffic_density": 0.4
        },
        "energy_balance": {
          "H": 325,
          "LE": 46,
          "G": 119,
          "QF": 40
        }
      },
      "geometry": {
        "type": "Polygon",
        "coordinates": [
          [
            [
              77.215,
              28.62725
            ],
            [
              77.21625,
              28.62725
            ],
            [
              77.21625,
              28.628312
            ],
            [
              77.215,
              28.628312
            ],
            [
              77.215,
              28.62725
            ]
          ]
        ]
      }
    },
    {
      "type": "Feature",
      "properties": {
        "cell_id": "CELL_04_05",
        "row": 4,
        "col": 5,
        "ward_name": "Janpath & Tolstoy Marg Precinct",
        "bounds": [
          77.21625,
          28.62725,
          77.2175,
          28.628312
        ],
        "center": [
          77.216875,
          28.627781
        ],
        "lst_current": 44.3,
        "ta_current": 40.8,
        "lst_after": 41.2,
        "ta_after": 38.8,
        "cooling_potential": 3.1,
        "population": 3143,
        "vulnerability_score": 0.64,
        "canopy_pct": 11,
        "drivers": {
          "ndvi": 0.16,
          "albedo": 0.16,
          "building_density": 0.6,
          "sky_view_factor": 0.41,
          "imperviousness": 0.79,
          "traffic_density": 0.5
        },
        "energy_balance": {
          "H": 308,
          "LE": 52,
          "G": 117,
          "QF": 45
        }
      },
      "geometry": {
        "type": "Polygon",
        "coordinates": [
          [
            [
              77.21625,
              28.62725
            ],
            [
              77.2175,
              28.62725
            ],
            [
              77.2175,
              28.628312
            ],
            [
              77.21625,
              28.628312
            ],
            [
              77.21625,
              28.62725
            ]
          ]
        ]
      }
    },
    {
      "type": "Feature",
      "properties": {
        "cell_id": "CELL_04_06",
        "row": 4,
        "col": 6,
        "ward_name": "Janpath & Tolstoy Marg Precinct",
        "bounds": [
          77.2175,
          28.62725,
          77.21875,
          28.628312
        ],
        "center": [
          77.218125,
          28.627781
        ],
        "lst_current": 45.3,
        "ta_current": 41.6,
        "lst_after": 41.8,
        "ta_after": 39.3,
        "cooling_potential": 3.5,
        "population": 3302,
        "vulnerability_score": 0.72,
        "canopy_pct": 9,
        "drivers": {
          "ndvi": 0.13,
          "albedo": 0.15,
          "building_density": 0.64,
          "sky_view_factor": 0.39,
          "imperviousness": 0.81,
          "traffic_density": 0.6
        },
        "energy_balance": {
          "H": 322,
          "LE": 48,
          "G": 118,
          "QF": 50
        }
      },
      "geometry": {
        "type": "Polygon",
        "coordinates": [
          [
            [
              77.2175,
              28.62725
            ],
            [
              77.21875,
              28.62725
            ],
            [
              77.21875,
              28.628312
            ],
            [
              77.2175,
              28.628312
            ],
            [
              77.2175,
              28.62725
            ]
          ]
        ]
      }
    },
    {
      "type": "Feature",
      "properties": {
        "cell_id": "CELL_04_07",
        "row": 4,
        "col": 7,
        "ward_name": "Janpath & Tolstoy Marg Precinct",
        "bounds": [
          77.21875,
          28.62725,
          77.22,
          28.628312
        ],
        "center": [
          77.219375,
          28.627781
        ],
        "lst_current": 46.2,
        "ta_current": 42.4,
        "lst_after": 42.4,
        "ta_after": 39.9,
        "cooling_potential": 3.8,
        "population": 3461,
        "vulnerability_score": 0.8,
        "canopy_pct": 7,
        "drivers": {
          "ndvi": 0.1,
          "albedo": 0.14,
          "building_density": 0.68,
          "sky_view_factor": 0.38,
          "imperviousness": 0.82,
          "traffic_density": 0.7
        },
        "energy_balance": {
          "H": 334,
          "LE": 44,
          "G": 120,
          "QF": 55
        }
      },
      "geometry": {
        "type": "Polygon",
        "coordinates": [
          [
            [
              77.21875,
              28.62725
            ],
            [
              77.22,
              28.62725
            ],
            [
              77.22,
              28.628312
            ],
            [
              77.21875,
              28.628312
            ],
            [
              77.21875,
              28.62725
            ]
          ]
        ]
      }
    },
    {
      "type": "Feature",
      "properties": {
        "cell_id": "CELL_04_08",
        "row": 4,
        "col": 8,
        "ward_name": "Janpath & Tolstoy Marg Precinct",
        "bounds": [
          77.22,
          28.62725,
          77.22125,
          28.628312
        ],
        "center": [
          77.220625,
          28.627781
        ],
        "lst_current": 44.8,
        "ta_current": 41.2,
        "lst_after": 41.5,
        "ta_after": 39.1,
        "cooling_potential": 3.3,
        "population": 3200,
        "vulnerability_score": 0.68,
        "canopy_pct": 10,
        "drivers": {
          "ndvi": 0.15,
          "albedo": 0.15,
          "building_density": 0.62,
          "sky_view_factor": 0.4,
          "imperviousness": 0.8,
          "traffic_density": 0.4
        },
        "energy_balance": {
          "H": 315,
          "LE": 51,
          "G": 117,
          "QF": 40
        }
      },
      "geometry": {
        "type": "Polygon",
        "coordinates": [
          [
            [
              77.22,
              28.62725
            ],
            [
              77.22125,
              28.62725
            ],
            [
              77.22125,
              28.628312
            ],
            [
              77.22,
              28.628312
            ],
            [
              77.22,
              28.62725
            ]
          ]
        ]
      }
    },
    {
      "type": "Feature",
      "properties": {
        "cell_id": "CELL_04_09",
        "row": 4,
        "col": 9,
        "ward_name": "Janpath & Tolstoy Marg Precinct",
        "bounds": [
          77.22125,
          28.62725,
          77.2225,
          28.628312
        ],
        "center": [
          77.221875,
          28.627781
        ],
        "lst_current": 45.6,
        "ta_current": 41.9,
        "lst_after": 42.0,
        "ta_after": 39.6,
        "cooling_potential": 3.6,
        "population": 3327,
        "vulnerability_score": 0.75,
        "canopy_pct": 8,
        "drivers": {
          "ndvi": 0.12,
          "albedo": 0.14,
          "building_density": 0.65,
          "sky_view_factor": 0.39,
          "imperviousness": 0.81,
          "traffic_density": 0.5
        },
        "energy_balance": {
          "H": 326,
          "LE": 46,
          "G": 119,
          "QF": 45
        }
      },
      "geometry": {
        "type": "Polygon",
        "coordinates": [
          [
            [
              77.22125,
              28.62725
            ],
            [
              77.2225,
              28.62725
            ],
            [
              77.2225,
              28.628312
            ],
            [
              77.22125,
              28.628312
            ],
            [
              77.22125,
              28.62725
            ]
          ]
        ]
      }
    },
    {
      "type": "Feature",
      "properties": {
        "cell_id": "CELL_04_10",
        "row": 4,
        "col": 10,
        "ward_name": "Barakhamba Road High-Rise Corridor",
        "bounds": [
          77.2225,
          28.62725,
          77.22375,
          28.628312
        ],
        "center": [
          77.223125,
          28.627781
        ],
        "lst_current": 46.3,
        "ta_current": 42.5,
        "lst_after": 42.4,
        "ta_after": 40.0,
        "cooling_potential": 3.9,
        "population": 3454,
        "vulnerability_score": 0.8,
        "canopy_pct": 7,
        "drivers": {
          "ndvi": 0.1,
          "albedo": 0.14,
          "building_density": 0.68,
          "sky_view_factor": 0.38,
          "imperviousness": 0.82,
          "traffic_density": 0.6
        },
        "energy_balance": {
          "H": 336,
          "LE": 44,
          "G": 120,
          "QF": 50
        }
      },
      "geometry": {
        "type": "Polygon",
        "coordinates": [
          [
            [
              77.2225,
              28.62725
            ],
            [
              77.22375,
              28.62725
            ],
            [
              77.22375,
              28.628312
            ],
            [
              77.2225,
              28.628312
            ],
            [
              77.2225,
              28.62725
            ]
          ]
        ]
      }
    },
    {
      "type": "Feature",
      "properties": {
        "cell_id": "CELL_04_11",
        "row": 4,
        "col": 11,
        "ward_name": "Barakhamba Road High-Rise Corridor",
        "bounds": [
          77.22375,
          28.62725,
          77.225,
          28.628312
        ],
        "center": [
          77.224375,
          28.627781
        ],
        "lst_current": 44.8,
        "ta_current": 41.2,
        "lst_after": 41.5,
        "ta_after": 39.1,
        "cooling_potential": 3.3,
        "population": 3193,
        "vulnerability_score": 0.68,
        "canopy_pct": 10,
        "drivers": {
          "ndvi": 0.15,
          "albedo": 0.15,
          "building_density": 0.62,
          "sky_view_factor": 0.4,
          "imperviousness": 0.8,
          "traffic_density": 0.7
        },
        "energy_balance": {
          "H": 315,
          "LE": 51,
          "G": 117,
          "QF": 55
        }
      },
      "geometry": {
        "type": "Polygon",
        "coordinates": [
          [
            [
              77.22375,
              28.62725
            ],
            [
              77.225,
              28.62725
            ],
            [
              77.225,
              28.628312
            ],
            [
              77.22375,
              28.628312
            ],
            [
              77.22375,
              28.62725
            ]
          ]
        ]
      }
    },
    {
      "type": "Feature",
      "properties": {
        "cell_id": "CELL_04_12",
        "row": 4,
        "col": 12,
        "ward_name": "Barakhamba Road High-Rise Corridor",
        "bounds": [
          77.225,
          28.62725,
          77.22625,
          28.628312
        ],
        "center": [
          77.225625,
          28.627781
        ],
        "lst_current": 45.2,
        "ta_current": 41.6,
        "lst_after": 41.8,
        "ta_after": 39.4,
        "cooling_potential": 3.4,
        "population": 3288,
        "vulnerability_score": 0.72,
        "canopy_pct": 9,
        "drivers": {
          "ndvi": 0.13,
          "albedo": 0.15,
          "building_density": 0.64,
          "sky_view_factor": 0.39,
          "imperviousness": 0.81,
          "traffic_density": 0.4
        },
        "energy_balance": {
          "H": 320,
          "LE": 48,
          "G": 118,
          "QF": 40
        }
      },
      "geometry": {
        "type": "Polygon",
        "coordinates": [
          [
            [
              77.225,
              28.62725
            ],
            [
              77.22625,
              28.62725
            ],
            [
              77.22625,
              28.628312
            ],
            [
              77.225,
              28.628312
            ],
            [
              77.225,
              28.62725
            ]
          ]
        ]
      }
    },
    {
      "type": "Feature",
      "properties": {
        "cell_id": "CELL_04_13",
        "row": 4,
        "col": 13,
        "ward_name": "Barakhamba Road High-Rise Corridor",
        "bounds": [
          77.22625,
          28.62725,
          77.2275,
          28.628312
        ],
        "center": [
          77.226875,
          28.627781
        ],
        "lst_current": 45.6,
        "ta_current": 41.9,
        "lst_after": 42.0,
        "ta_after": 39.6,
        "cooling_potential": 3.6,
        "population": 3351,
        "vulnerability_score": 0.75,
        "canopy_pct": 8,
        "drivers": {
          "ndvi": 0.12,
          "albedo": 0.14,
          "building_density": 0.65,
          "sky_view_factor": 0.39,
          "imperviousness": 0.81,
          "traffic_density": 0.5
        },
        "energy_balance": {
          "H": 326,
          "LE": 46,
          "G": 119,
          "QF": 45
        }
      },
      "geometry": {
        "type": "Polygon",
        "coordinates": [
          [
            [
              77.22625,
              28.62725
            ],
            [
              77.2275,
              28.62725
            ],
            [
              77.2275,
              28.628312
            ],
            [
              77.22625,
              28.628312
            ],
            [
              77.22625,
              28.62725
            ]
          ]
        ]
      }
    },
    {
      "type": "Feature",
      "properties": {
        "cell_id": "CELL_04_14",
        "row": 4,
        "col": 14,
        "ward_name": "Barakhamba Road High-Rise Corridor",
        "bounds": [
          77.2275,
          28.62725,
          77.22875,
          28.628312
        ],
        "center": [
          77.228125,
          28.627781
        ],
        "lst_current": 43.6,
        "ta_current": 40.3,
        "lst_after": 40.8,
        "ta_after": 38.5,
        "cooling_potential": 2.8,
        "population": 3026,
        "vulnerability_score": 0.59,
        "canopy_pct": 12,
        "drivers": {
          "ndvi": 0.18,
          "albedo": 0.16,
          "building_density": 0.57,
          "sky_view_factor": 0.42,
          "imperviousness": 0.78,
          "traffic_density": 0.6
        },
        "energy_balance": {
          "H": 298,
          "LE": 55,
          "G": 115,
          "QF": 50
        }
      },
      "geometry": {
        "type": "Polygon",
        "coordinates": [
          [
            [
              77.2275,
              28.62725
            ],
            [
              77.22875,
              28.62725
            ],
            [
              77.22875,
              28.628312
            ],
            [
              77.2275,
              28.628312
            ],
            [
              77.2275,
              28.62725
            ]
          ]
        ]
      }
    },
    {
      "type": "Feature",
      "properties": {
        "cell_id": "CELL_04_15",
        "row": 4,
        "col": 15,
        "ward_name": "Barakhamba Road High-Rise Corridor",
        "bounds": [
          77.22875,
          28.62725,
          77.23,
          28.628312
        ],
        "center": [
          77.229375,
          28.627781
        ],
        "lst_current": 43.9,
        "ta_current": 40.5,
        "lst_after": 41.0,
        "ta_after": 38.6,
        "cooling_potential": 2.9,
        "population": 3121,
        "vulnerability_score": 0.61,
        "canopy_pct": 11,
        "drivers": {
          "ndvi": 0.17,
          "albedo": 0.16,
          "building_density": 0.59,
          "sky_view_factor": 0.41,
          "imperviousness": 0.79,
          "traffic_density": 0.7
        },
        "energy_balance": {
          "H": 302,
          "LE": 53,
          "G": 116,
          "QF": 55
        }
      },
      "geometry": {
        "type": "Polygon",
        "coordinates": [
          [
            [
              77.22875,
              28.62725
            ],
            [
              77.23,
              28.62725
            ],
            [
              77.23,
              28.628312
            ],
            [
              77.22875,
              28.628312
            ],
            [
              77.22875,
              28.62725
            ]
          ]
        ]
      }
    },
    {
      "type": "Feature",
      "properties": {
        "cell_id": "CELL_05_00",
        "row": 5,
        "col": 0,
        "ward_name": "Janpath & Tolstoy Marg Precinct",
        "bounds": [
          77.21,
          28.628312,
          77.21125,
          28.629375
        ],
        "center": [
          77.210625,
          28.628844
        ],
        "lst_current": 44.2,
        "ta_current": 40.7,
        "lst_after": 41.2,
        "ta_after": 38.8,
        "cooling_potential": 3.0,
        "population": 3205,
        "vulnerability_score": 0.64,
        "canopy_pct": 11,
        "drivers": {
          "ndvi": 0.16,
          "albedo": 0.16,
          "building_density": 0.6,
          "sky_view_factor": 0.41,
          "imperviousness": 0.79,
          "traffic_density": 0.5
        },
        "energy_balance": {
          "H": 306,
          "LE": 52,
          "G": 117,
          "QF": 45
        }
      },
      "geometry": {
        "type": "Polygon",
        "coordinates": [
          [
            [
              77.21,
              28.628312
            ],
            [
              77.21125,
              28.628312
            ],
            [
              77.21125,
              28.629375
            ],
            [
              77.21,
              28.629375
            ],
            [
              77.21,
              28.628312
            ]
          ]
        ]
      }
    },
    {
      "type": "Feature",
      "properties": {
        "cell_id": "CELL_05_01",
        "row": 5,
        "col": 1,
        "ward_name": "Janpath & Tolstoy Marg Precinct",
        "bounds": [
          77.21125,
          28.628312,
          77.2125,
          28.629375
        ],
        "center": [
          77.211875,
          28.628844
        ],
        "lst_current": 43.0,
        "ta_current": 39.8,
        "lst_after": 40.5,
        "ta_after": 38.2,
        "cooling_potential": 2.5,
        "population": 2976,
        "vulnerability_score": 0.54,
        "canopy_pct": 14,
        "drivers": {
          "ndvi": 0.2,
          "albedo": 0.17,
          "building_density": 0.55,
          "sky_view_factor": 0.43,
          "imperviousness": 0.77,
          "traffic_density": 0.6
        },
        "energy_balance": {
          "H": 290,
          "LE": 58,
          "G": 114,
          "QF": 50
        }
      },
      "geometry": {
        "type": "Polygon",
        "coordinates": [
          [
            [
              77.21125,
              28.628312
            ],
            [
              77.2125,
              28.628312
            ],
            [
              77.2125,
              28.629375
            ],
            [
              77.21125,
              28.629375
            ],
            [
              77.21125,
              28.628312
            ]
          ]
        ]
      }
    },
    {
      "type": "Feature",
      "properties": {
        "cell_id": "CELL_05_02",
        "row": 5,
        "col": 2,
        "ward_name": "Janpath & Tolstoy Marg Precinct",
        "bounds": [
          77.2125,
          28.628312,
          77.21375,
          28.629375
        ],
        "center": [
          77.213125,
          28.628844
        ],
        "lst_current": 44.1,
        "ta_current": 40.7,
        "lst_after": 41.1,
        "ta_after": 38.8,
        "cooling_potential": 3.0,
        "population": 3135,
        "vulnerability_score": 0.63,
        "canopy_pct": 11,
        "drivers": {
          "ndvi": 0.17,
          "albedo": 0.16,
          "building_density": 0.59,
          "sky_view_factor": 0.41,
          "imperviousness": 0.79,
          "traffic_density": 0.7
        },
        "energy_balance": {
          "H": 305,
          "LE": 53,
          "G": 116,
          "QF": 55
        }
      },
      "geometry": {
        "type": "Polygon",
        "coordinates": [
          [
            [
              77.2125,
              28.628312
            ],
            [
              77.21375,
              28.628312
            ],
            [
              77.21375,
              28.629375
            ],
            [
              77.2125,
              28.629375
            ],
            [
              77.2125,
              28.628312
            ]
          ]
        ]
      }
    },
    {
      "type": "Feature",
      "properties": {
        "cell_id": "CELL_05_03",
        "row": 5,
        "col": 3,
        "ward_name": "Janpath & Tolstoy Marg Precinct",
        "bounds": [
          77.21375,
          28.628312,
          77.215,
          28.629375
        ],
        "center": [
          77.214375,
          28.628844
        ],
        "lst_current": 45.1,
        "ta_current": 41.5,
        "lst_after": 41.7,
        "ta_after": 39.3,
        "cooling_potential": 3.4,
        "population": 3294,
        "vulnerability_score": 0.71,
        "canopy_pct": 9,
        "drivers": {
          "ndvi": 0.14,
          "albedo": 0.15,
          "building_density": 0.63,
          "sky_view_factor": 0.4,
          "imperviousness": 0.8,
          "traffic_density": 0.8
        },
        "energy_balance": {
          "H": 319,
          "LE": 49,
          "G": 118,
          "QF": 60
        }
      },
      "geometry": {
        "type": "Polygon",
        "coordinates": [
          [
            [
              77.21375,
              28.628312
            ],
            [
              77.215,
              28.628312
            ],
            [
              77.215,
              28.629375
            ],
            [
              77.21375,
              28.629375
            ],
            [
              77.21375,
              28.628312
            ]
          ]
        ]
      }
    },
    {
      "type": "Feature",
      "properties": {
        "cell_id": "CELL_05_04",
        "row": 5,
        "col": 4,
        "ward_name": "Janpath & Tolstoy Marg Precinct",
        "bounds": [
          77.215,
          28.628312,
          77.21625,
          28.629375
        ],
        "center": [
          77.215625,
          28.628844
        ],
        "lst_current": 43.9,
        "ta_current": 40.5,
        "lst_after": 41.0,
        "ta_after": 38.6,
        "cooling_potential": 2.9,
        "population": 3097,
        "vulnerability_score": 0.61,
        "canopy_pct": 11,
        "drivers": {
          "ndvi": 0.17,
          "albedo": 0.16,
          "building_density": 0.59,
          "sky_view_factor": 0.41,
          "imperviousness": 0.79,
          "traffic_density": 0.5
        },
        "energy_balance": {
          "H": 302,
          "LE": 53,
          "G": 116,
          "QF": 45
        }
      },
      "geometry": {
        "type": "Polygon",
        "coordinates": [
          [
            [
              77.215,
              28.628312
            ],
            [
              77.21625,
              28.628312
            ],
            [
              77.21625,
              28.629375
            ],
            [
              77.215,
              28.629375
            ],
            [
              77.215,
              28.628312
            ]
          ]
        ]
      }
    },
    {
      "type": "Feature",
      "properties": {
        "cell_id": "CELL_05_05",
        "row": 5,
        "col": 5,
        "ward_name": "Janpath & Tolstoy Marg Precinct",
        "bounds": [
          77.21625,
          28.628312,
          77.2175,
          28.629375
        ],
        "center": [
          77.216875,
          28.628844
        ],
        "lst_current": 45.0,
        "ta_current": 41.4,
        "lst_after": 41.7,
        "ta_after": 39.3,
        "cooling_potential": 3.3,
        "population": 3256,
        "vulnerability_score": 0.7,
        "canopy_pct": 9,
        "drivers": {
          "ndvi": 0.14,
          "albedo": 0.15,
          "building_density": 0.63,
          "sky_view_factor": 0.4,
          "imperviousness": 0.8,
          "traffic_density": 0.6
        },
        "energy_balance": {
          "H": 318,
          "LE": 49,
          "G": 118,
          "QF": 50
        }
      },
      "geometry": {
        "type": "Polygon",
        "coordinates": [
          [
            [
              77.21625,
              28.628312
            ],
            [
              77.2175,
              28.628312
            ],
            [
              77.2175,
              28.629375
            ],
            [
              77.21625,
              28.629375
            ],
            [
              77.21625,
              28.628312
            ]
          ]
        ]
      }
    },
    {
      "type": "Feature",
      "properties": {
        "cell_id": "CELL_05_06",
        "row": 5,
        "col": 6,
        "ward_name": "Janpath & Tolstoy Marg Precinct",
        "bounds": [
          77.2175,
          28.628312,
          77.21875,
          28.629375
        ],
        "center": [
          77.218125,
          28.628844
        ],
        "lst_current": 46.0,
        "ta_current": 42.2,
        "lst_after": 42.3,
        "ta_after": 39.8,
        "cooling_potential": 3.7,
        "population": 3415,
        "vulnerability_score": 0.78,
        "canopy_pct": 7,
        "drivers": {
          "ndvi": 0.11,
          "albedo": 0.14,
          "building_density": 0.67,
          "sky_view_factor": 0.38,
          "imperviousness": 0.82,
          "traffic_density": 0.7
        },
        "energy_balance": {
          "H": 332,
          "LE": 45,
          "G": 120,
          "QF": 55
        }
      },
      "geometry": {
        "type": "Polygon",
        "coordinates": [
          [
            [
              77.2175,
              28.628312
            ],
            [
              77.21875,
              28.628312
            ],
            [
              77.21875,
              28.629375
            ],
            [
              77.2175,
              28.629375
            ],
            [
              77.2175,
              28.628312
            ]
          ]
        ]
      }
    },
    {
      "type": "Feature",
      "properties": {
        "cell_id": "CELL_05_07",
        "row": 5,
        "col": 7,
        "ward_name": "Janpath & Tolstoy Marg Precinct",
        "bounds": [
          77.21875,
          28.628312,
          77.22,
          28.629375
        ],
        "center": [
          77.219375,
          28.628844
        ],
        "lst_current": 44.7,
        "ta_current": 41.2,
        "lst_after": 41.5,
        "ta_after": 39.1,
        "cooling_potential": 3.2,
        "population": 3186,
        "vulnerability_score": 0.68,
        "canopy_pct": 10,
        "drivers": {
          "ndvi": 0.15,
          "albedo": 0.15,
          "building_density": 0.62,
          "sky_view_factor": 0.4,
          "imperviousness": 0.8,
          "traffic_density": 0.8
        },
        "energy_balance": {
          "H": 313,
          "LE": 51,
          "G": 117,
          "QF": 60
        }
      },
      "geometry": {
        "type": "Polygon",
        "coordinates": [
          [
            [
              77.21875,
              28.628312
            ],
            [
              77.22,
              28.628312
            ],
            [
              77.22,
              28.629375
            ],
            [
              77.21875,
              28.629375
            ],
            [
              77.21875,
              28.628312
            ]
          ]
        ]
      }
    },
    {
      "type": "Feature",
      "properties": {
        "cell_id": "CELL_05_08",
        "row": 5,
        "col": 8,
        "ward_name": "Janpath & Tolstoy Marg Precinct",
        "bounds": [
          77.22,
          28.628312,
          77.22125,
          28.629375
        ],
        "center": [
          77.220625,
          28.628844
        ],
        "lst_current": 45.6,
        "ta_current": 41.9,
        "lst_after": 42.0,
        "ta_after": 39.6,
        "cooling_potential": 3.6,
        "population": 3313,
        "vulnerability_score": 0.75,
        "canopy_pct": 8,
        "drivers": {
          "ndvi": 0.12,
          "albedo": 0.14,
          "building_density": 0.65,
          "sky_view_factor": 0.39,
          "imperviousness": 0.81,
          "traffic_density": 0.5
        },
        "energy_balance": {
          "H": 326,
          "LE": 46,
          "G": 119,
          "QF": 45
        }
      },
      "geometry": {
        "type": "Polygon",
        "coordinates": [
          [
            [
              77.22,
              28.628312
            ],
            [
              77.22125,
              28.628312
            ],
            [
              77.22125,
              28.629375
            ],
            [
              77.22,
              28.629375
            ],
            [
              77.22,
              28.628312
            ]
          ]
        ]
      }
    },
    {
      "type": "Feature",
      "properties": {
        "cell_id": "CELL_05_09",
        "row": 5,
        "col": 9,
        "ward_name": "Janpath & Tolstoy Marg Precinct",
        "bounds": [
          77.22125,
          28.628312,
          77.2225,
          28.629375
        ],
        "center": [
          77.221875,
          28.628844
        ],
        "lst_current": 46.4,
        "ta_current": 42.5,
        "lst_after": 42.5,
        "ta_after": 40.0,
        "cooling_potential": 3.9,
        "population": 3472,
        "vulnerability_score": 0.81,
        "canopy_pct": 7,
        "drivers": {
          "ndvi": 0.1,
          "albedo": 0.14,
          "building_density": 0.69,
          "sky_view_factor": 0.37,
          "imperviousness": 0.83,
          "traffic_density": 0.6
        },
        "energy_balance": {
          "H": 337,
          "LE": 44,
          "G": 121,
          "QF": 50
        }
      },
      "geometry": {
        "type": "Polygon",
        "coordinates": [
          [
            [
              77.22125,
              28.628312
            ],
            [
              77.2225,
              28.628312
            ],
            [
              77.2225,
              28.629375
            ],
            [
              77.22125,
              28.629375
            ],
            [
              77.22125,
              28.628312
            ]
          ]
        ]
      }
    },
    {
      "type": "Feature",
      "properties": {
        "cell_id": "CELL_05_10",
        "row": 5,
        "col": 10,
        "ward_name": "Barakhamba Road High-Rise Corridor",
        "bounds": [
          77.2225,
          28.628312,
          77.22375,
          28.629375
        ],
        "center": [
          77.223125,
          28.628844
        ],
        "lst_current": 47.2,
        "ta_current": 43.2,
        "lst_after": 43.0,
        "ta_after": 40.5,
        "cooling_potential": 4.2,
        "population": 3599,
        "vulnerability_score": 0.88,
        "canopy_pct": 4,
        "drivers": {
          "ndvi": 0.07,
          "albedo": 0.13,
          "building_density": 0.72,
          "sky_view_factor": 0.36,
          "imperviousness": 0.84,
          "traffic_density": 0.7
        },
        "energy_balance": {
          "H": 348,
          "LE": 39,
          "G": 122,
          "QF": 55
        }
      },
      "geometry": {
        "type": "Polygon",
        "coordinates": [
          [
            [
              77.2225,
              28.628312
            ],
            [
              77.22375,
              28.628312
            ],
            [
              77.22375,
              28.629375
            ],
            [
              77.2225,
              28.629375
            ],
            [
              77.2225,
              28.628312
            ]
          ]
        ]
      }
    },
    {
      "type": "Feature",
      "properties": {
        "cell_id": "CELL_05_11",
        "row": 5,
        "col": 11,
        "ward_name": "Barakhamba Road High-Rise Corridor",
        "bounds": [
          77.22375,
          28.628312,
          77.225,
          28.629375
        ],
        "center": [
          77.224375,
          28.628844
        ],
        "lst_current": 45.7,
        "ta_current": 42.0,
        "lst_after": 42.1,
        "ta_after": 39.7,
        "cooling_potential": 3.6,
        "population": 3338,
        "vulnerability_score": 0.76,
        "canopy_pct": 8,
        "drivers": {
          "ndvi": 0.12,
          "albedo": 0.14,
          "building_density": 0.66,
          "sky_view_factor": 0.39,
          "imperviousness": 0.81,
          "traffic_density": 0.8
        },
        "energy_balance": {
          "H": 327,
          "LE": 46,
          "G": 119,
          "QF": 60
        }
      },
      "geometry": {
        "type": "Polygon",
        "coordinates": [
          [
            [
              77.22375,
              28.628312
            ],
            [
              77.225,
              28.628312
            ],
            [
              77.225,
              28.629375
            ],
            [
              77.22375,
              28.629375
            ],
            [
              77.22375,
              28.628312
            ]
          ]
        ]
      }
    },
    {
      "type": "Feature",
      "properties": {
        "cell_id": "CELL_05_12",
        "row": 5,
        "col": 12,
        "ward_name": "Barakhamba Road High-Rise Corridor",
        "bounds": [
          77.225,
          28.628312,
          77.22625,
          28.629375
        ],
        "center": [
          77.225625,
          28.628844
        ],
        "lst_current": 46.1,
        "ta_current": 42.3,
        "lst_after": 42.3,
        "ta_after": 39.8,
        "cooling_potential": 3.8,
        "population": 3401,
        "vulnerability_score": 0.79,
        "canopy_pct": 7,
        "drivers": {
          "ndvi": 0.11,
          "albedo": 0.14,
          "building_density": 0.67,
          "sky_view_factor": 0.38,
          "imperviousness": 0.82,
          "traffic_density": 0.5
        },
        "energy_balance": {
          "H": 333,
          "LE": 45,
          "G": 120,
          "QF": 45
        }
      },
      "geometry": {
        "type": "Polygon",
        "coordinates": [
          [
            [
              77.225,
              28.628312
            ],
            [
              77.22625,
              28.628312
            ],
            [
              77.22625,
              28.629375
            ],
            [
              77.225,
              28.629375
            ],
            [
              77.225,
              28.628312
            ]
          ]
        ]
      }
    },
    {
      "type": "Feature",
      "properties": {
        "cell_id": "CELL_05_13",
        "row": 5,
        "col": 13,
        "ward_name": "Barakhamba Road High-Rise Corridor",
        "bounds": [
          77.22625,
          28.628312,
          77.2275,
          28.629375
        ],
        "center": [
          77.226875,
          28.628844
        ],
        "lst_current": 46.4,
        "ta_current": 42.5,
        "lst_after": 42.5,
        "ta_after": 40.0,
        "cooling_potential": 3.9,
        "population": 3496,
        "vulnerability_score": 0.81,
        "canopy_pct": 7,
        "drivers": {
          "ndvi": 0.1,
          "albedo": 0.14,
          "building_density": 0.69,
          "sky_view_factor": 0.37,
          "imperviousness": 0.83,
          "traffic_density": 0.6
        },
        "energy_balance": {
          "H": 337,
          "LE": 44,
          "G": 121,
          "QF": 50
        }
      },
      "geometry": {
        "type": "Polygon",
        "coordinates": [
          [
            [
              77.22625,
              28.628312
            ],
            [
              77.2275,
              28.628312
            ],
            [
              77.2275,
              28.629375
            ],
            [
              77.22625,
              28.629375
            ],
            [
              77.22625,
              28.628312
            ]
          ]
        ]
      }
    },
    {
      "type": "Feature",
      "properties": {
        "cell_id": "CELL_05_14",
        "row": 5,
        "col": 14,
        "ward_name": "Barakhamba Road High-Rise Corridor",
        "bounds": [
          77.2275,
          28.628312,
          77.22875,
          28.629375
        ],
        "center": [
          77.228125,
          28.628844
        ],
        "lst_current": 44.3,
        "ta_current": 40.8,
        "lst_after": 41.2,
        "ta_after": 38.8,
        "cooling_potential": 3.1,
        "population": 3139,
        "vulnerability_score": 0.64,
        "canopy_pct": 11,
        "drivers": {
          "ndvi": 0.16,
          "albedo": 0.16,
          "building_density": 0.6,
          "sky_view_factor": 0.41,
          "imperviousness": 0.79,
          "traffic_density": 0.7
        },
        "energy_balance": {
          "H": 308,
          "LE": 52,
          "G": 117,
          "QF": 55
        }
      },
      "geometry": {
        "type": "Polygon",
        "coordinates": [
          [
            [
              77.2275,
              28.628312
            ],
            [
              77.22875,
              28.628312
            ],
            [
              77.22875,
              28.629375
            ],
            [
              77.2275,
              28.629375
            ],
            [
              77.2275,
              28.628312
            ]
          ]
        ]
      }
    },
    {
      "type": "Feature",
      "properties": {
        "cell_id": "CELL_05_15",
        "row": 5,
        "col": 15,
        "ward_name": "Barakhamba Road High-Rise Corridor",
        "bounds": [
          77.22875,
          28.628312,
          77.23,
          28.629375
        ],
        "center": [
          77.229375,
          28.628844
        ],
        "lst_current": 44.5,
        "ta_current": 41.0,
        "lst_after": 41.4,
        "ta_after": 39.0,
        "cooling_potential": 3.1,
        "population": 3202,
        "vulnerability_score": 0.66,
        "canopy_pct": 10,
        "drivers": {
          "ndvi": 0.15,
          "albedo": 0.15,
          "building_density": 0.61,
          "sky_view_factor": 0.41,
          "imperviousness": 0.79,
          "traffic_density": 0.8
        },
        "energy_balance": {
          "H": 311,
          "LE": 51,
          "G": 117,
          "QF": 60
        }
      },
      "geometry": {
        "type": "Polygon",
        "coordinates": [
          [
            [
              77.22875,
              28.628312
            ],
            [
              77.23,
              28.628312
            ],
            [
              77.23,
              28.629375
            ],
            [
              77.22875,
              28.629375
            ],
            [
              77.22875,
              28.628312
            ]
          ]
        ]
      }
    },
    {
      "type": "Feature",
      "properties": {
        "cell_id": "CELL_06_00",
        "row": 6,
        "col": 0,
        "ward_name": "Parliament Street Commercial Zone",
        "bounds": [
          77.21,
          28.629375,
          77.21125,
          28.630437
        ],
        "center": [
          77.210625,
          28.629906
        ],
        "lst_current": 42.5,
        "ta_current": 39.4,
        "lst_after": 40.2,
        "ta_after": 37.9,
        "cooling_potential": 2.3,
        "population": 2898,
        "vulnerability_score": 0.5,
        "canopy_pct": 14,
        "drivers": {
          "ndvi": 0.21,
          "albedo": 0.17,
          "building_density": 0.53,
          "sky_view_factor": 0.44,
          "imperviousness": 0.76,
          "traffic_density": 0.3
        },
        "energy_balance": {
          "H": 283,
          "LE": 59,
          "G": 113,
          "QF": 35
        }
      },
      "geometry": {
        "type": "Polygon",
        "coordinates": [
          [
            [
              77.21,
              28.629375
            ],
            [
              77.21125,
              28.629375
            ],
            [
              77.21125,
              28.630437
            ],
            [
              77.21,
              28.630437
            ],
            [
              77.21,
              28.629375
            ]
          ]
        ]
      }
    },
    {
      "type": "Feature",
      "properties": {
        "cell_id": "CELL_06_01",
        "row": 6,
        "col": 1,
        "ward_name": "Parliament Street Commercial Zone",
        "bounds": [
          77.21125,
          28.629375,
          77.2125,
          28.630437
        ],
        "center": [
          77.211875,
          28.629906
        ],
        "lst_current": 43.5,
        "ta_current": 40.2,
        "lst_after": 40.8,
        "ta_after": 38.4,
        "cooling_potential": 2.7,
        "population": 3057,
        "vulnerability_score": 0.58,
        "canopy_pct": 12,
        "drivers": {
          "ndvi": 0.18,
          "albedo": 0.17,
          "building_density": 0.57,
          "sky_view_factor": 0.42,
          "imperviousness": 0.78,
          "traffic_density": 0.4
        },
        "energy_balance": {
          "H": 297,
          "LE": 55,
          "G": 115,
          "QF": 40
        }
      },
      "geometry": {
        "type": "Polygon",
        "coordinates": [
          [
            [
              77.21125,
              28.629375
            ],
            [
              77.2125,
              28.629375
            ],
            [
              77.2125,
              28.630437
            ],
            [
              77.21125,
              28.630437
            ],
            [
              77.21125,
              28.629375
            ]
          ]
        ]
      }
    },
    {
      "type": "Feature",
      "properties": {
        "cell_id": "CELL_06_02",
        "row": 6,
        "col": 2,
        "ward_name": "Parliament Street Commercial Zone",
        "bounds": [
          77.2125,
          28.629375,
          77.21375,
          28.630437
        ],
        "center": [
          77.213125,
          28.629906
        ],
        "lst_current": 44.5,
        "ta_current": 41.0,
        "lst_after": 41.4,
        "ta_after": 39.0,
        "cooling_potential": 3.1,
        "population": 3216,
        "vulnerability_score": 0.66,
        "canopy_pct": 10,
        "drivers": {
          "ndvi": 0.15,
          "albedo": 0.15,
          "building_density": 0.61,
          "sky_view_factor": 0.41,
          "imperviousness": 0.79,
          "traffic_density": 0.5
        },
        "energy_balance": {
          "H": 311,
          "LE": 51,
          "G": 117,
          "QF": 45
        }
      },
      "geometry": {
        "type": "Polygon",
        "coordinates": [
          [
            [
              77.2125,
              28.629375
            ],
            [
              77.21375,
              28.629375
            ],
            [
              77.21375,
              28.630437
            ],
            [
              77.2125,
              28.630437
            ],
            [
              77.2125,
              28.629375
            ]
          ]
        ]
      }
    },
    {
      "type": "Feature",
      "properties": {
        "cell_id": "CELL_06_03",
        "row": 6,
        "col": 3,
        "ward_name": "Parliament Street Commercial Zone",
        "bounds": [
          77.21375,
          28.629375,
          77.215,
          28.630437
        ],
        "center": [
          77.214375,
          28.629906
        ],
        "lst_current": 45.6,
        "ta_current": 41.9,
        "lst_after": 42.0,
        "ta_after": 39.6,
        "cooling_potential": 3.6,
        "population": 3375,
        "vulnerability_score": 0.75,
        "canopy_pct": 8,
        "drivers": {
          "ndvi": 0.12,
          "albedo": 0.14,
          "building_density": 0.65,
          "sky_view_factor": 0.39,
          "imperviousness": 0.81,
          "traffic_density": 0.6
        },
        "energy_balance": {
          "H": 326,
          "LE": 46,
          "G": 119,
          "QF": 50
        }
      },
      "geometry": {
        "type": "Polygon",
        "coordinates": [
          [
            [
              77.21375,
              28.629375
            ],
            [
              77.215,
              28.629375
            ],
            [
              77.215,
              28.630437
            ],
            [
              77.21375,
              28.630437
            ],
            [
              77.21375,
              28.629375
            ]
          ]
        ]
      }
    },
    {
      "type": "Feature",
      "properties": {
        "cell_id": "CELL_06_04",
        "row": 6,
        "col": 4,
        "ward_name": "Parliament Street Commercial Zone",
        "bounds": [
          77.215,
          28.629375,
          77.21625,
          28.630437
        ],
        "center": [
          77.215625,
          28.629906
        ],
        "lst_current": 44.5,
        "ta_current": 41.0,
        "lst_after": 41.4,
        "ta_after": 39.0,
        "cooling_potential": 3.1,
        "population": 3178,
        "vulnerability_score": 0.66,
        "canopy_pct": 10,
        "drivers": {
          "ndvi": 0.15,
          "albedo": 0.15,
          "building_density": 0.61,
          "sky_view_factor": 0.41,
          "imperviousness": 0.79,
          "traffic_density": 0.3
        },
        "energy_balance": {
          "H": 311,
          "LE": 51,
          "G": 117,
          "QF": 35
        }
      },
      "geometry": {
        "type": "Polygon",
        "coordinates": [
          [
            [
              77.215,
              28.629375
            ],
            [
              77.21625,
              28.629375
            ],
            [
              77.21625,
              28.630437
            ],
            [
              77.215,
              28.630437
            ],
            [
              77.215,
              28.629375
            ]
          ]
        ]
      }
    },
    {
      "type": "Feature",
      "properties": {
        "cell_id": "CELL_06_05",
        "row": 6,
        "col": 5,
        "ward_name": "Parliament Street Commercial Zone",
        "bounds": [
          77.21625,
          28.629375,
          77.2175,
          28.630437
        ],
        "center": [
          77.216875,
          28.629906
        ],
        "lst_current": 45.5,
        "ta_current": 41.8,
        "lst_after": 42.0,
        "ta_after": 39.5,
        "cooling_potential": 3.5,
        "population": 3337,
        "vulnerability_score": 0.74,
        "canopy_pct": 8,
        "drivers": {
          "ndvi": 0.12,
          "albedo": 0.15,
          "building_density": 0.65,
          "sky_view_factor": 0.39,
          "imperviousness": 0.81,
          "traffic_density": 0.4
        },
        "energy_balance": {
          "H": 325,
          "LE": 46,
          "G": 119,
          "QF": 40
        }
      },
      "geometry": {
        "type": "Polygon",
        "coordinates": [
          [
            [
              77.21625,
              28.629375
            ],
            [
              77.2175,
              28.629375
            ],
            [
              77.2175,
              28.630437
            ],
            [
              77.21625,
              28.630437
            ],
            [
              77.21625,
              28.629375
            ]
          ]
        ]
      }
    },
    {
      "type": "Feature",
      "properties": {
        "cell_id": "CELL_06_06",
        "row": 6,
        "col": 6,
        "ward_name": "Connaught Place Inner Circle & Central Park",
        "bounds": [
          77.2175,
          28.629375,
          77.21875,
          28.630437
        ],
        "center": [
          77.218125,
          28.629906
        ],
        "lst_current": 39.4,
        "ta_current": 35.8,
        "lst_after": 37.8,
        "ta_after": 34.8,
        "cooling_potential": 1.6,
        "population": 1544,
        "vulnerability_score": 0.25,
        "canopy_pct": 48,
        "drivers": {
          "ndvi": 0.61,
          "albedo": 0.24,
          "building_density": 0.08,
          "sky_view_factor": 0.78,
          "imperviousness": 0.22,
          "traffic_density": 0.25
        },
        "energy_balance": {
          "H": 239,
          "LE": 115,
          "G": 93,
          "QF": 32
        }
      },
      "geometry": {
        "type": "Polygon",
        "coordinates": [
          [
            [
              77.2175,
              28.629375
            ],
            [
              77.21875,
              28.629375
            ],
            [
              77.21875,
              28.630437
            ],
            [
              77.2175,
              28.630437
            ],
            [
              77.2175,
              28.629375
            ]
          ]
        ]
      }
    },
    {
      "type": "Feature",
      "properties": {
        "cell_id": "CELL_06_07",
        "row": 6,
        "col": 7,
        "ward_name": "Connaught Place Inner Circle & Central Park",
        "bounds": [
          77.21875,
          28.629375,
          77.22,
          28.630437
        ],
        "center": [
          77.219375,
          28.629906
        ],
        "lst_current": 39.4,
        "ta_current": 35.8,
        "lst_after": 37.8,
        "ta_after": 34.8,
        "cooling_potential": 1.6,
        "population": 1475,
        "vulnerability_score": 0.25,
        "canopy_pct": 48,
        "drivers": {
          "ndvi": 0.52,
          "albedo": 0.24,
          "building_density": 0.08,
          "sky_view_factor": 0.78,
          "imperviousness": 0.22,
          "traffic_density": 0.25
        },
        "energy_balance": {
          "H": 239,
          "LE": 102,
          "G": 93,
          "QF": 32
        }
      },
      "geometry": {
        "type": "Polygon",
        "coordinates": [
          [
            [
              77.21875,
              28.629375
            ],
            [
              77.22,
              28.629375
            ],
            [
              77.22,
              28.630437
            ],
            [
              77.21875,
              28.630437
            ],
            [
              77.21875,
              28.629375
            ]
          ]
        ]
      }
    },
    {
      "type": "Feature",
      "properties": {
        "cell_id": "CELL_06_08",
        "row": 6,
        "col": 8,
        "ward_name": "Connaught Place Inner Circle & Central Park",
        "bounds": [
          77.22,
          28.629375,
          77.22125,
          28.630437
        ],
        "center": [
          77.220625,
          28.629906
        ],
        "lst_current": 39.4,
        "ta_current": 35.8,
        "lst_after": 37.8,
        "ta_after": 34.8,
        "cooling_potential": 1.6,
        "population": 1506,
        "vulnerability_score": 0.25,
        "canopy_pct": 48,
        "drivers": {
          "ndvi": 0.53,
          "albedo": 0.24,
          "building_density": 0.08,
          "sky_view_factor": 0.78,
          "imperviousness": 0.22,
          "traffic_density": 0.25
        },
        "energy_balance": {
          "H": 239,
          "LE": 104,
          "G": 93,
          "QF": 32
        }
      },
      "geometry": {
        "type": "Polygon",
        "coordinates": [
          [
            [
              77.22,
              28.629375
            ],
            [
              77.22125,
              28.629375
            ],
            [
              77.22125,
              28.630437
            ],
            [
              77.22,
              28.630437
            ],
            [
              77.22,
              28.629375
            ]
          ]
        ]
      }
    },
    {
      "type": "Feature",
      "properties": {
        "cell_id": "CELL_06_09",
        "row": 6,
        "col": 9,
        "ward_name": "Connaught Place Inner Circle & Central Park",
        "bounds": [
          77.22125,
          28.629375,
          77.2225,
          28.630437
        ],
        "center": [
          77.221875,
          28.629906
        ],
        "lst_current": 39.4,
        "ta_current": 35.8,
        "lst_after": 37.8,
        "ta_after": 34.8,
        "cooling_potential": 1.6,
        "population": 1537,
        "vulnerability_score": 0.25,
        "canopy_pct": 48,
        "drivers": {
          "ndvi": 0.54,
          "albedo": 0.24,
          "building_density": 0.08,
          "sky_view_factor": 0.78,
          "imperviousness": 0.22,
          "traffic_density": 0.25
        },
        "energy_balance": {
          "H": 239,
          "LE": 105,
          "G": 93,
          "QF": 32
        }
      },
      "geometry": {
        "type": "Polygon",
        "coordinates": [
          [
            [
              77.22125,
              28.629375
            ],
            [
              77.2225,
              28.629375
            ],
            [
              77.2225,
              28.630437
            ],
            [
              77.22125,
              28.630437
            ],
            [
              77.22125,
              28.629375
            ]
          ]
        ]
      }
    },
    {
      "type": "Feature",
      "properties": {
        "cell_id": "CELL_06_10",
        "row": 6,
        "col": 10,
        "ward_name": "Barakhamba Road High-Rise Corridor",
        "bounds": [
          77.2225,
          28.629375,
          77.22375,
          28.630437
        ],
        "center": [
          77.223125,
          28.629906
        ],
        "lst_current": 45.8,
        "ta_current": 42.1,
        "lst_after": 42.1,
        "ta_after": 39.7,
        "cooling_potential": 3.7,
        "population": 3324,
        "vulnerability_score": 0.76,
        "canopy_pct": 8,
        "drivers": {
          "ndvi": 0.12,
          "albedo": 0.14,
          "building_density": 0.66,
          "sky_view_factor": 0.39,
          "imperviousness": 0.81,
          "traffic_density": 0.5
        },
        "energy_balance": {
          "H": 329,
          "LE": 46,
          "G": 119,
          "QF": 45
        }
      },
      "geometry": {
        "type": "Polygon",
        "coordinates": [
          [
            [
              77.2225,
              28.629375
            ],
            [
              77.22375,
              28.629375
            ],
            [
              77.22375,
              28.630437
            ],
            [
              77.2225,
              28.630437
            ],
            [
              77.2225,
              28.629375
            ]
          ]
        ]
      }
    },
    {
      "type": "Feature",
      "properties": {
        "cell_id": "CELL_06_11",
        "row": 6,
        "col": 11,
        "ward_name": "Barakhamba Road High-Rise Corridor",
        "bounds": [
          77.22375,
          28.629375,
          77.225,
          28.630437
        ],
        "center": [
          77.224375,
          28.629906
        ],
        "lst_current": 46.7,
        "ta_current": 42.8,
        "lst_after": 42.7,
        "ta_after": 40.2,
        "cooling_potential": 4.0,
        "population": 3483,
        "vulnerability_score": 0.84,
        "canopy_pct": 6,
        "drivers": {
          "ndvi": 0.09,
          "albedo": 0.13,
          "building_density": 0.7,
          "sky_view_factor": 0.37,
          "imperviousness": 0.83,
          "traffic_density": 0.6
        },
        "energy_balance": {
          "H": 341,
          "LE": 42,
          "G": 121,
          "QF": 50
        }
      },
      "geometry": {
        "type": "Polygon",
        "coordinates": [
          [
            [
              77.22375,
              28.629375
            ],
            [
              77.225,
              28.629375
            ],
            [
              77.225,
              28.630437
            ],
            [
              77.22375,
              28.630437
            ],
            [
              77.22375,
              28.629375
            ]
          ]
        ]
      }
    },
    {
      "type": "Feature",
      "properties": {
        "cell_id": "CELL_06_12",
        "row": 6,
        "col": 12,
        "ward_name": "Barakhamba Road High-Rise Corridor",
        "bounds": [
          77.225,
          28.629375,
          77.22625,
          28.630437
        ],
        "center": [
          77.225625,
          28.629906
        ],
        "lst_current": 47.1,
        "ta_current": 43.1,
        "lst_after": 42.9,
        "ta_after": 40.4,
        "cooling_potential": 4.2,
        "population": 3546,
        "vulnerability_score": 0.87,
        "canopy_pct": 5,
        "drivers": {
          "ndvi": 0.08,
          "albedo": 0.13,
          "building_density": 0.71,
          "sky_view_factor": 0.37,
          "imperviousness": 0.83,
          "traffic_density": 0.3
        },
        "energy_balance": {
          "H": 347,
          "LE": 41,
          "G": 121,
          "QF": 35
        }
      },
      "geometry": {
        "type": "Polygon",
        "coordinates": [
          [
            [
              77.225,
              28.629375
            ],
            [
              77.22625,
              28.629375
            ],
            [
              77.22625,
              28.630437
            ],
            [
              77.225,
              28.630437
            ],
            [
              77.225,
              28.629375
            ]
          ]
        ]
      }
    },
    {
      "type": "Feature",
      "properties": {
        "cell_id": "CELL_06_13",
        "row": 6,
        "col": 13,
        "ward_name": "Barakhamba Road High-Rise Corridor",
        "bounds": [
          77.22625,
          28.629375,
          77.2275,
          28.630437
        ],
        "center": [
          77.226875,
          28.629906
        ],
        "lst_current": 44.9,
        "ta_current": 41.3,
        "lst_after": 41.6,
        "ta_after": 39.2,
        "cooling_potential": 3.3,
        "population": 3221,
        "vulnerability_score": 0.69,
        "canopy_pct": 9,
        "drivers": {
          "ndvi": 0.14,
          "albedo": 0.15,
          "building_density": 0.63,
          "sky_view_factor": 0.4,
          "imperviousness": 0.8,
          "traffic_density": 0.4
        },
        "energy_balance": {
          "H": 316,
          "LE": 49,
          "G": 118,
          "QF": 40
        }
      },
      "geometry": {
        "type": "Polygon",
        "coordinates": [
          [
            [
              77.22625,
              28.629375
            ],
            [
              77.2275,
              28.629375
            ],
            [
              77.2275,
              28.630437
            ],
            [
              77.22625,
              28.630437
            ],
            [
              77.22625,
              28.629375
            ]
          ]
        ]
      }
    },
    {
      "type": "Feature",
      "properties": {
        "cell_id": "CELL_06_14",
        "row": 6,
        "col": 14,
        "ward_name": "Barakhamba Road High-Rise Corridor",
        "bounds": [
          77.2275,
          28.629375,
          77.22875,
          28.630437
        ],
        "center": [
          77.228125,
          28.629906
        ],
        "lst_current": 44.9,
        "ta_current": 41.3,
        "lst_after": 41.6,
        "ta_after": 39.2,
        "cooling_potential": 3.3,
        "population": 3252,
        "vulnerability_score": 0.69,
        "canopy_pct": 9,
        "drivers": {
          "ndvi": 0.14,
          "albedo": 0.15,
          "building_density": 0.63,
          "sky_view_factor": 0.4,
          "imperviousness": 0.8,
          "traffic_density": 0.5
        },
        "energy_balance": {
          "H": 316,
          "LE": 49,
          "G": 118,
          "QF": 45
        }
      },
      "geometry": {
        "type": "Polygon",
        "coordinates": [
          [
            [
              77.2275,
              28.629375
            ],
            [
              77.22875,
              28.629375
            ],
            [
              77.22875,
              28.630437
            ],
            [
              77.2275,
              28.630437
            ],
            [
              77.2275,
              28.629375
            ]
          ]
        ]
      }
    },
    {
      "type": "Feature",
      "properties": {
        "cell_id": "CELL_06_15",
        "row": 6,
        "col": 15,
        "ward_name": "Barakhamba Road High-Rise Corridor",
        "bounds": [
          77.22875,
          28.629375,
          77.23,
          28.630437
        ],
        "center": [
          77.229375,
          28.629906
        ],
        "lst_current": 45.0,
        "ta_current": 41.4,
        "lst_after": 41.7,
        "ta_after": 39.3,
        "cooling_potential": 3.3,
        "population": 3283,
        "vulnerability_score": 0.7,
        "canopy_pct": 9,
        "drivers": {
          "ndvi": 0.14,
          "albedo": 0.15,
          "building_density": 0.63,
          "sky_view_factor": 0.4,
          "imperviousness": 0.8,
          "traffic_density": 0.6
        },
        "energy_balance": {
          "H": 318,
          "LE": 49,
          "G": 118,
          "QF": 50
        }
      },
      "geometry": {
        "type": "Polygon",
        "coordinates": [
          [
            [
              77.22875,
              28.629375
            ],
            [
              77.23,
              28.629375
            ],
            [
              77.23,
              28.630437
            ],
            [
              77.22875,
              28.630437
            ],
            [
              77.22875,
              28.629375
            ]
          ]
        ]
      }
    },
    {
      "type": "Feature",
      "properties": {
        "cell_id": "CELL_07_00",
        "row": 7,
        "col": 0,
        "ward_name": "Parliament Street Commercial Zone",
        "bounds": [
          77.21,
          28.630437,
          77.21125,
          28.6315
        ],
        "center": [
          77.210625,
          28.630969
        ],
        "lst_current": 42.9,
        "ta_current": 39.7,
        "lst_after": 40.4,
        "ta_after": 38.1,
        "cooling_potential": 2.5,
        "population": 2979,
        "vulnerability_score": 0.53,
        "canopy_pct": 14,
        "drivers": {
          "ndvi": 0.2,
          "albedo": 0.17,
          "building_density": 0.55,
          "sky_view_factor": 0.43,
          "imperviousness": 0.77,
          "traffic_density": 0.4
        },
        "energy_balance": {
          "H": 288,
          "LE": 58,
          "G": 114,
          "QF": 40
        }
      },
      "geometry": {
        "type": "Polygon",
        "coordinates": [
          [
            [
              77.21,
              28.630437
            ],
            [
              77.21125,
              28.630437
            ],
            [
              77.21125,
              28.6315
            ],
            [
              77.21,
              28.6315
            ],
            [
              77.21,
              28.630437
            ]
          ]
        ]
      }
    },
    {
      "type": "Feature",
      "properties": {
        "cell_id": "CELL_07_01",
        "row": 7,
        "col": 1,
        "ward_name": "Parliament Street Commercial Zone",
        "bounds": [
          77.21125,
          28.630437,
          77.2125,
          28.6315
        ],
        "center": [
          77.211875,
          28.630969
        ],
        "lst_current": 43.9,
        "ta_current": 40.5,
        "lst_after": 41.0,
        "ta_after": 38.6,
        "cooling_potential": 2.9,
        "population": 3138,
        "vulnerability_score": 0.61,
        "canopy_pct": 11,
        "drivers": {
          "ndvi": 0.17,
          "albedo": 0.16,
          "building_density": 0.59,
          "sky_view_factor": 0.41,
          "imperviousness": 0.79,
          "traffic_density": 0.5
        },
        "energy_balance": {
          "H": 302,
          "LE": 53,
          "G": 116,
          "QF": 45
        }
      },
      "geometry": {
        "type": "Polygon",
        "coordinates": [
          [
            [
              77.21125,
              28.630437
            ],
            [
              77.2125,
              28.630437
            ],
            [
              77.2125,
              28.6315
            ],
            [
              77.21125,
              28.6315
            ],
            [
              77.21125,
              28.630437
            ]
          ]
        ]
      }
    },
    {
      "type": "Feature",
      "properties": {
        "cell_id": "CELL_07_02",
        "row": 7,
        "col": 2,
        "ward_name": "Parliament Street Commercial Zone",
        "bounds": [
          77.2125,
          28.630437,
          77.21375,
          28.6315
        ],
        "center": [
          77.213125,
          28.630969
        ],
        "lst_current": 45.0,
        "ta_current": 41.4,
        "lst_after": 41.7,
        "ta_after": 39.3,
        "cooling_potential": 3.3,
        "population": 3297,
        "vulnerability_score": 0.7,
        "canopy_pct": 9,
        "drivers": {
          "ndvi": 0.14,
          "albedo": 0.15,
          "building_density": 0.63,
          "sky_view_factor": 0.4,
          "imperviousness": 0.8,
          "traffic_density": 0.6
        },
        "energy_balance": {
          "H": 318,
          "LE": 49,
          "G": 118,
          "QF": 50
        }
      },
      "geometry": {
        "type": "Polygon",
        "coordinates": [
          [
            [
              77.2125,
              28.630437
            ],
            [
              77.21375,
              28.630437
            ],
            [
              77.21375,
              28.6315
            ],
            [
              77.2125,
              28.6315
            ],
            [
              77.2125,
              28.630437
            ]
          ]
        ]
      }
    },
    {
      "type": "Feature",
      "properties": {
        "cell_id": "CELL_07_03",
        "row": 7,
        "col": 3,
        "ward_name": "Parliament Street Commercial Zone",
        "bounds": [
          77.21375,
          28.630437,
          77.215,
          28.6315
        ],
        "center": [
          77.214375,
          28.630969
        ],
        "lst_current": 43.8,
        "ta_current": 40.4,
        "lst_after": 41.0,
        "ta_after": 38.6,
        "cooling_potential": 2.8,
        "population": 3068,
        "vulnerability_score": 0.6,
        "canopy_pct": 12,
        "drivers": {
          "ndvi": 0.18,
          "albedo": 0.16,
          "building_density": 0.58,
          "sky_view_factor": 0.42,
          "imperviousness": 0.78,
          "traffic_density": 0.7
        },
        "energy_balance": {
          "H": 301,
          "LE": 55,
          "G": 116,
          "QF": 55
        }
      },
      "geometry": {
        "type": "Polygon",
        "coordinates": [
          [
            [
              77.21375,
              28.630437
            ],
            [
              77.215,
              28.630437
            ],
            [
              77.215,
              28.6315
            ],
            [
              77.21375,
              28.6315
            ],
            [
              77.21375,
              28.630437
            ]
          ]
        ]
      }
    },
    {
      "type": "Feature",
      "properties": {
        "cell_id": "CELL_07_04",
        "row": 7,
        "col": 4,
        "ward_name": "Parliament Street Commercial Zone",
        "bounds": [
          77.215,
          28.630437,
          77.21625,
          28.6315
        ],
        "center": [
          77.215625,
          28.630969
        ],
        "lst_current": 44.9,
        "ta_current": 41.3,
        "lst_after": 41.6,
        "ta_after": 39.2,
        "cooling_potential": 3.3,
        "population": 3259,
        "vulnerability_score": 0.69,
        "canopy_pct": 9,
        "drivers": {
          "ndvi": 0.14,
          "albedo": 0.15,
          "building_density": 0.63,
          "sky_view_factor": 0.4,
          "imperviousness": 0.8,
          "traffic_density": 0.4
        },
        "energy_balance": {
          "H": 316,
          "LE": 49,
          "G": 118,
          "QF": 40
        }
      },
      "geometry": {
        "type": "Polygon",
        "coordinates": [
          [
            [
              77.215,
              28.630437
            ],
            [
              77.21625,
              28.630437
            ],
            [
              77.21625,
              28.6315
            ],
            [
              77.215,
              28.6315
            ],
            [
              77.215,
              28.630437
            ]
          ]
        ]
      }
    },
    {
      "type": "Feature",
      "properties": {
        "cell_id": "CELL_07_05",
        "row": 7,
        "col": 5,
        "ward_name": "Parliament Street Commercial Zone",
        "bounds": [
          77.21625,
          28.630437,
          77.2175,
          28.6315
        ],
        "center": [
          77.216875,
          28.630969
        ],
        "lst_current": 46.0,
        "ta_current": 42.2,
        "lst_after": 42.3,
        "ta_after": 39.8,
        "cooling_potential": 3.7,
        "population": 3418,
        "vulnerability_score": 0.78,
        "canopy_pct": 7,
        "drivers": {
          "ndvi": 0.11,
          "albedo": 0.14,
          "building_density": 0.67,
          "sky_view_factor": 0.38,
          "imperviousness": 0.82,
          "traffic_density": 0.5
        },
        "energy_balance": {
          "H": 332,
          "LE": 45,
          "G": 120,
          "QF": 45
        }
      },
      "geometry": {
        "type": "Polygon",
        "coordinates": [
          [
            [
              77.21625,
              28.630437
            ],
            [
              77.2175,
              28.630437
            ],
            [
              77.2175,
              28.6315
            ],
            [
              77.21625,
              28.6315
            ],
            [
              77.21625,
              28.630437
            ]
          ]
        ]
      }
    },
    {
      "type": "Feature",
      "properties": {
        "cell_id": "CELL_07_06",
        "row": 7,
        "col": 6,
        "ward_name": "Connaught Place Inner Circle & Central Park",
        "bounds": [
          77.2175,
          28.630437,
          77.21875,
          28.6315
        ],
        "center": [
          77.218125,
          28.630969
        ],
        "lst_current": 39.4,
        "ta_current": 35.8,
        "lst_after": 37.8,
        "ta_after": 34.8,
        "cooling_potential": 1.6,
        "population": 1461,
        "vulnerability_score": 0.25,
        "canopy_pct": 48,
        "drivers": {
          "ndvi": 0.53,
          "albedo": 0.24,
          "building_density": 0.08,
          "sky_view_factor": 0.78,
          "imperviousness": 0.22,
          "traffic_density": 0.25
        },
        "energy_balance": {
          "H": 239,
          "LE": 104,
          "G": 93,
          "QF": 32
        }
      },
      "geometry": {
        "type": "Polygon",
        "coordinates": [
          [
            [
              77.2175,
              28.630437
            ],
            [
              77.21875,
              28.630437
            ],
            [
              77.21875,
              28.6315
            ],
            [
              77.2175,
              28.6315
            ],
            [
              77.2175,
              28.630437
            ]
          ]
        ]
      }
    },
    {
      "type": "Feature",
      "properties": {
        "cell_id": "CELL_07_07",
        "row": 7,
        "col": 7,
        "ward_name": "Connaught Place Inner Circle & Central Park",
        "bounds": [
          77.21875,
          28.630437,
          77.22,
          28.6315
        ],
        "center": [
          77.219375,
          28.630969
        ],
        "lst_current": 39.4,
        "ta_current": 35.8,
        "lst_after": 37.8,
        "ta_after": 34.8,
        "cooling_potential": 1.6,
        "population": 1492,
        "vulnerability_score": 0.25,
        "canopy_pct": 48,
        "drivers": {
          "ndvi": 0.54,
          "albedo": 0.24,
          "building_density": 0.08,
          "sky_view_factor": 0.78,
          "imperviousness": 0.22,
          "traffic_density": 0.25
        },
        "energy_balance": {
          "H": 239,
          "LE": 105,
          "G": 93,
          "QF": 32
        }
      },
      "geometry": {
        "type": "Polygon",
        "coordinates": [
          [
            [
              77.21875,
              28.630437
            ],
            [
              77.22,
              28.630437
            ],
            [
              77.22,
              28.6315
            ],
            [
              77.21875,
              28.6315
            ],
            [
              77.21875,
              28.630437
            ]
          ]
        ]
      }
    },
    {
      "type": "Feature",
      "properties": {
        "cell_id": "CELL_07_08",
        "row": 7,
        "col": 8,
        "ward_name": "Connaught Place Inner Circle & Central Park",
        "bounds": [
          77.22,
          28.630437,
          77.22125,
          28.6315
        ],
        "center": [
          77.220625,
          28.630969
        ],
        "lst_current": 39.4,
        "ta_current": 35.8,
        "lst_after": 37.8,
        "ta_after": 34.8,
        "cooling_potential": 1.6,
        "population": 1523,
        "vulnerability_score": 0.25,
        "canopy_pct": 48,
        "drivers": {
          "ndvi": 0.55,
          "albedo": 0.24,
          "building_density": 0.08,
          "sky_view_factor": 0.78,
          "imperviousness": 0.22,
          "traffic_density": 0.25
        },
        "energy_balance": {
          "H": 239,
          "LE": 107,
          "G": 93,
          "QF": 32
        }
      },
      "geometry": {
        "type": "Polygon",
        "coordinates": [
          [
            [
              77.22,
              28.630437
            ],
            [
              77.22125,
              28.630437
            ],
            [
              77.22125,
              28.6315
            ],
            [
              77.22,
              28.6315
            ],
            [
              77.22,
              28.630437
            ]
          ]
        ]
      }
    },
    {
      "type": "Feature",
      "properties": {
        "cell_id": "CELL_07_09",
        "row": 7,
        "col": 9,
        "ward_name": "Connaught Place Inner Circle & Central Park",
        "bounds": [
          77.22125,
          28.630437,
          77.2225,
          28.6315
        ],
        "center": [
          77.221875,
          28.630969
        ],
        "lst_current": 39.4,
        "ta_current": 35.8,
        "lst_after": 37.8,
        "ta_after": 34.8,
        "cooling_potential": 1.6,
        "population": 1554,
        "vulnerability_score": 0.25,
        "canopy_pct": 48,
        "drivers": {
          "ndvi": 0.56,
          "albedo": 0.24,
          "building_density": 0.08,
          "sky_view_factor": 0.78,
          "imperviousness": 0.22,
          "traffic_density": 0.25
        },
        "energy_balance": {
          "H": 239,
          "LE": 108,
          "G": 93,
          "QF": 32
        }
      },
      "geometry": {
        "type": "Polygon",
        "coordinates": [
          [
            [
              77.22125,
              28.630437
            ],
            [
              77.2225,
              28.630437
            ],
            [
              77.2225,
              28.6315
            ],
            [
              77.22125,
              28.6315
            ],
            [
              77.22125,
              28.630437
            ]
          ]
        ]
      }
    },
    {
      "type": "Feature",
      "properties": {
        "cell_id": "CELL_07_10",
        "row": 7,
        "col": 10,
        "ward_name": "Barakhamba Road High-Rise Corridor",
        "bounds": [
          77.2225,
          28.630437,
          77.22375,
          28.6315
        ],
        "center": [
          77.223125,
          28.630969
        ],
        "lst_current": 46.4,
        "ta_current": 42.5,
        "lst_after": 42.5,
        "ta_after": 40.0,
        "cooling_potential": 3.9,
        "population": 3437,
        "vulnerability_score": 0.81,
        "canopy_pct": 7,
        "drivers": {
          "ndvi": 0.1,
          "albedo": 0.14,
          "building_density": 0.69,
          "sky_view_factor": 0.37,
          "imperviousness": 0.83,
          "traffic_density": 0.6
        },
        "energy_balance": {
          "H": 337,
          "LE": 44,
          "G": 121,
          "QF": 50
        }
      },
      "geometry": {
        "type": "Polygon",
        "coordinates": [
          [
            [
              77.2225,
              28.630437
            ],
            [
              77.22375,
              28.630437
            ],
            [
              77.22375,
              28.6315
            ],
            [
              77.2225,
              28.6315
            ],
            [
              77.2225,
              28.630437
            ]
          ]
        ]
      }
    },
    {
      "type": "Feature",
      "properties": {
        "cell_id": "CELL_07_11",
        "row": 7,
        "col": 11,
        "ward_name": "Barakhamba Road High-Rise Corridor",
        "bounds": [
          77.22375,
          28.630437,
          77.225,
          28.6315
        ],
        "center": [
          77.224375,
          28.630969
        ],
        "lst_current": 47.3,
        "ta_current": 43.3,
        "lst_after": 43.0,
        "ta_after": 40.5,
        "cooling_potential": 4.3,
        "population": 3564,
        "vulnerability_score": 0.88,
        "canopy_pct": 4,
        "drivers": {
          "ndvi": 0.07,
          "albedo": 0.13,
          "building_density": 0.72,
          "sky_view_factor": 0.36,
          "imperviousness": 0.84,
          "traffic_density": 0.7
        },
        "energy_balance": {
          "H": 350,
          "LE": 39,
          "G": 122,
          "QF": 55
        }
      },
      "geometry": {
        "type": "Polygon",
        "coordinates": [
          [
            [
              77.22375,
              28.630437
            ],
            [
              77.225,
              28.630437
            ],
            [
              77.225,
              28.6315
            ],
            [
              77.22375,
              28.6315
            ],
            [
              77.22375,
              28.630437
            ]
          ]
        ]
      }
    },
    {
      "type": "Feature",
      "properties": {
        "cell_id": "CELL_07_12",
        "row": 7,
        "col": 12,
        "ward_name": "Barakhamba Road High-Rise Corridor",
        "bounds": [
          77.225,
          28.630437,
          77.22625,
          28.6315
        ],
        "center": [
          77.225625,
          28.630969
        ],
        "lst_current": 47.7,
        "ta_current": 43.6,
        "lst_after": 43.3,
        "ta_after": 40.7,
        "cooling_potential": 4.4,
        "population": 3659,
        "vulnerability_score": 0.92,
        "canopy_pct": 4,
        "drivers": {
          "ndvi": 0.06,
          "albedo": 0.12,
          "building_density": 0.74,
          "sky_view_factor": 0.35,
          "imperviousness": 0.85,
          "traffic_density": 0.4
        },
        "energy_balance": {
          "H": 355,
          "LE": 38,
          "G": 123,
          "QF": 40
        }
      },
      "geometry": {
        "type": "Polygon",
        "coordinates": [
          [
            [
              77.225,
              28.630437
            ],
            [
              77.22625,
              28.630437
            ],
            [
              77.22625,
              28.6315
            ],
            [
              77.225,
              28.6315
            ],
            [
              77.225,
              28.630437
            ]
          ]
        ]
      }
    },
    {
      "type": "Feature",
      "properties": {
        "cell_id": "CELL_07_13",
        "row": 7,
        "col": 13,
        "ward_name": "Barakhamba Road High-Rise Corridor",
        "bounds": [
          77.22625,
          28.630437,
          77.2275,
          28.6315
        ],
        "center": [
          77.226875,
          28.630969
        ],
        "lst_current": 45.4,
        "ta_current": 41.7,
        "lst_after": 41.9,
        "ta_after": 39.4,
        "cooling_potential": 3.5,
        "population": 3302,
        "vulnerability_score": 0.73,
        "canopy_pct": 9,
        "drivers": {
          "ndvi": 0.13,
          "albedo": 0.15,
          "building_density": 0.65,
          "sky_view_factor": 0.39,
          "imperviousness": 0.81,
          "traffic_density": 0.5
        },
        "energy_balance": {
          "H": 323,
          "LE": 48,
          "G": 119,
          "QF": 45
        }
      },
      "geometry": {
        "type": "Polygon",
        "coordinates": [
          [
            [
              77.22625,
              28.630437
            ],
            [
              77.2275,
              28.630437
            ],
            [
              77.2275,
              28.6315
            ],
            [
              77.22625,
              28.6315
            ],
            [
              77.22625,
              28.630437
            ]
          ]
        ]
      }
    },
    {
      "type": "Feature",
      "properties": {
        "cell_id": "CELL_07_14",
        "row": 7,
        "col": 14,
        "ward_name": "Barakhamba Road High-Rise Corridor",
        "bounds": [
          77.2275,
          28.630437,
          77.22875,
          28.6315
        ],
        "center": [
          77.228125,
          28.630969
        ],
        "lst_current": 45.4,
        "ta_current": 41.7,
        "lst_after": 41.9,
        "ta_after": 39.4,
        "cooling_potential": 3.5,
        "population": 3333,
        "vulnerability_score": 0.73,
        "canopy_pct": 9,
        "drivers": {
          "ndvi": 0.13,
          "albedo": 0.15,
          "building_density": 0.65,
          "sky_view_factor": 0.39,
          "imperviousness": 0.81,
          "traffic_density": 0.6
        },
        "energy_balance": {
          "H": 323,
          "LE": 48,
          "G": 119,
          "QF": 50
        }
      },
      "geometry": {
        "type": "Polygon",
        "coordinates": [
          [
            [
              77.2275,
              28.630437
            ],
            [
              77.22875,
              28.630437
            ],
            [
              77.22875,
              28.6315
            ],
            [
              77.2275,
              28.6315
            ],
            [
              77.2275,
              28.630437
            ]
          ]
        ]
      }
    },
    {
      "type": "Feature",
      "properties": {
        "cell_id": "CELL_07_15",
        "row": 7,
        "col": 15,
        "ward_name": "Barakhamba Road High-Rise Corridor",
        "bounds": [
          77.22875,
          28.630437,
          77.23,
          28.6315
        ],
        "center": [
          77.229375,
          28.630969
        ],
        "lst_current": 45.4,
        "ta_current": 41.7,
        "lst_after": 41.9,
        "ta_after": 39.4,
        "cooling_potential": 3.5,
        "population": 3364,
        "vulnerability_score": 0.73,
        "canopy_pct": 9,
        "drivers": {
          "ndvi": 0.13,
          "albedo": 0.15,
          "building_density": 0.65,
          "sky_view_factor": 0.39,
          "imperviousness": 0.81,
          "traffic_density": 0.7
        },
        "energy_balance": {
          "H": 323,
          "LE": 48,
          "G": 119,
          "QF": 55
        }
      },
      "geometry": {
        "type": "Polygon",
        "coordinates": [
          [
            [
              77.22875,
              28.630437
            ],
            [
              77.23,
              28.630437
            ],
            [
              77.23,
              28.6315
            ],
            [
              77.22875,
              28.6315
            ],
            [
              77.22875,
              28.630437
            ]
          ]
        ]
      }
    },
    {
      "type": "Feature",
      "properties": {
        "cell_id": "CELL_08_00",
        "row": 8,
        "col": 0,
        "ward_name": "Parliament Street Commercial Zone",
        "bounds": [
          77.21,
          28.6315,
          77.21125,
          28.632563
        ],
        "center": [
          77.210625,
          28.632031
        ],
        "lst_current": 43.3,
        "ta_current": 40.0,
        "lst_after": 40.7,
        "ta_after": 38.3,
        "cooling_potential": 2.6,
        "population": 3028,
        "vulnerability_score": 0.56,
        "canopy_pct": 13,
        "drivers": {
          "ndvi": 0.19,
          "albedo": 0.17,
          "building_density": 0.56,
          "sky_view_factor": 0.43,
          "imperviousness": 0.77,
          "traffic_density": 0.5
        },
        "energy_balance": {
          "H": 294,
          "LE": 56,
          "G": 115,
          "QF": 45
        }
      },
      "geometry": {
        "type": "Polygon",
        "coordinates": [
          [
            [
              77.21,
              28.6315
            ],
            [
              77.21125,
              28.6315
            ],
            [
              77.21125,
              28.632563
            ],
            [
              77.21,
              28.632563
            ],
            [
              77.21,
              28.6315
            ]
          ]
        ]
      }
    },
    {
      "type": "Feature",
      "properties": {
        "cell_id": "CELL_08_01",
        "row": 8,
        "col": 1,
        "ward_name": "Parliament Street Commercial Zone",
        "bounds": [
          77.21125,
          28.6315,
          77.2125,
          28.632563
        ],
        "center": [
          77.211875,
          28.632031
        ],
        "lst_current": 44.3,
        "ta_current": 40.8,
        "lst_after": 41.2,
        "ta_after": 38.8,
        "cooling_potential": 3.1,
        "population": 3187,
        "vulnerability_score": 0.64,
        "canopy_pct": 11,
        "drivers": {
          "ndvi": 0.16,
          "albedo": 0.16,
          "building_density": 0.6,
          "sky_view_factor": 0.41,
          "imperviousness": 0.79,
          "traffic_density": 0.6
        },
        "energy_balance": {
          "H": 308,
          "LE": 52,
          "G": 117,
          "QF": 50
        }
      },
      "geometry": {
        "type": "Polygon",
        "coordinates": [
          [
            [
              77.21125,
              28.6315
            ],
            [
              77.2125,
              28.6315
            ],
            [
              77.2125,
              28.632563
            ],
            [
              77.21125,
              28.632563
            ],
            [
              77.21125,
              28.6315
            ]
          ]
        ]
      }
    },
    {
      "type": "Feature",
      "properties": {
        "cell_id": "CELL_08_02",
        "row": 8,
        "col": 2,
        "ward_name": "Parliament Street Commercial Zone",
        "bounds": [
          77.2125,
          28.6315,
          77.21375,
          28.632563
        ],
        "center": [
          77.213125,
          28.632031
        ],
        "lst_current": 45.3,
        "ta_current": 41.6,
        "lst_after": 41.8,
        "ta_after": 39.3,
        "cooling_potential": 3.5,
        "population": 3346,
        "vulnerability_score": 0.72,
        "canopy_pct": 9,
        "drivers": {
          "ndvi": 0.13,
          "albedo": 0.15,
          "building_density": 0.64,
          "sky_view_factor": 0.39,
          "imperviousness": 0.81,
          "traffic_density": 0.7
        },
        "energy_balance": {
          "H": 322,
          "LE": 48,
          "G": 118,
          "QF": 55
        }
      },
      "geometry": {
        "type": "Polygon",
        "coordinates": [
          [
            [
              77.2125,
              28.6315
            ],
            [
              77.21375,
              28.6315
            ],
            [
              77.21375,
              28.632563
            ],
            [
              77.2125,
              28.632563
            ],
            [
              77.2125,
              28.6315
            ]
          ]
        ]
      }
    },
    {
      "type": "Feature",
      "properties": {
        "cell_id": "CELL_08_03",
        "row": 8,
        "col": 3,
        "ward_name": "Parliament Street Commercial Zone",
        "bounds": [
          77.21375,
          28.6315,
          77.215,
          28.632563
        ],
        "center": [
          77.214375,
          28.632031
        ],
        "lst_current": 44.2,
        "ta_current": 40.7,
        "lst_after": 41.2,
        "ta_after": 38.8,
        "cooling_potential": 3.0,
        "population": 3149,
        "vulnerability_score": 0.64,
        "canopy_pct": 11,
        "drivers": {
          "ndvi": 0.16,
          "albedo": 0.16,
          "building_density": 0.6,
          "sky_view_factor": 0.41,
          "imperviousness": 0.79,
          "traffic_density": 0.8
        },
        "energy_balance": {
          "H": 306,
          "LE": 52,
          "G": 117,
          "QF": 60
        }
      },
      "geometry": {
        "type": "Polygon",
        "coordinates": [
          [
            [
              77.21375,
              28.6315
            ],
            [
              77.215,
              28.6315
            ],
            [
              77.215,
              28.632563
            ],
            [
              77.21375,
              28.632563
            ],
            [
              77.21375,
              28.6315
            ]
          ]
        ]
      }
    },
    {
      "type": "Feature",
      "properties": {
        "cell_id": "CELL_08_04",
        "row": 8,
        "col": 4,
        "ward_name": "Parliament Street Commercial Zone",
        "bounds": [
          77.215,
          28.6315,
          77.21625,
          28.632563
        ],
        "center": [
          77.215625,
          28.632031
        ],
        "lst_current": 45.3,
        "ta_current": 41.6,
        "lst_after": 41.8,
        "ta_after": 39.3,
        "cooling_potential": 3.5,
        "population": 3308,
        "vulnerability_score": 0.72,
        "canopy_pct": 9,
        "drivers": {
          "ndvi": 0.13,
          "albedo": 0.15,
          "building_density": 0.64,
          "sky_view_factor": 0.39,
          "imperviousness": 0.81,
          "traffic_density": 0.5
        },
        "energy_balance": {
          "H": 322,
          "LE": 48,
          "G": 118,
          "QF": 45
        }
      },
      "geometry": {
        "type": "Polygon",
        "coordinates": [
          [
            [
              77.215,
              28.6315
            ],
            [
              77.21625,
              28.6315
            ],
            [
              77.21625,
              28.632563
            ],
            [
              77.215,
              28.632563
            ],
            [
              77.215,
              28.6315
            ]
          ]
        ]
      }
    },
    {
      "type": "Feature",
      "properties": {
        "cell_id": "CELL_08_05",
        "row": 8,
        "col": 5,
        "ward_name": "Parliament Street Commercial Zone",
        "bounds": [
          77.21625,
          28.6315,
          77.2175,
          28.632563
        ],
        "center": [
          77.216875,
          28.632031
        ],
        "lst_current": 46.4,
        "ta_current": 42.5,
        "lst_after": 42.5,
        "ta_after": 40.0,
        "cooling_potential": 3.9,
        "population": 3499,
        "vulnerability_score": 0.81,
        "canopy_pct": 7,
        "drivers": {
          "ndvi": 0.1,
          "albedo": 0.14,
          "building_density": 0.69,
          "sky_view_factor": 0.37,
          "imperviousness": 0.83,
          "traffic_density": 0.6
        },
        "energy_balance": {
          "H": 337,
          "LE": 44,
          "G": 121,
          "QF": 50
        }
      },
      "geometry": {
        "type": "Polygon",
        "coordinates": [
          [
            [
              77.21625,
              28.6315
            ],
            [
              77.2175,
              28.6315
            ],
            [
              77.2175,
              28.632563
            ],
            [
              77.21625,
              28.632563
            ],
            [
              77.21625,
              28.6315
            ]
          ]
        ]
      }
    },
    {
      "type": "Feature",
      "properties": {
        "cell_id": "CELL_08_06",
        "row": 8,
        "col": 6,
        "ward_name": "Connaught Place Inner Circle & Central Park",
        "bounds": [
          77.2175,
          28.6315,
          77.21875,
          28.632563
        ],
        "center": [
          77.218125,
          28.632031
        ],
        "lst_current": 39.4,
        "ta_current": 35.8,
        "lst_after": 37.8,
        "ta_after": 34.8,
        "cooling_potential": 1.6,
        "population": 1478,
        "vulnerability_score": 0.25,
        "canopy_pct": 48,
        "drivers": {
          "ndvi": 0.55,
          "albedo": 0.24,
          "building_density": 0.08,
          "sky_view_factor": 0.78,
          "imperviousness": 0.22,
          "traffic_density": 0.25
        },
        "energy_balance": {
          "H": 239,
          "LE": 107,
          "G": 93,
          "QF": 32
        }
      },
      "geometry": {
        "type": "Polygon",
        "coordinates": [
          [
            [
              77.2175,
              28.6315
            ],
            [
              77.21875,
              28.6315
            ],
            [
              77.21875,
              28.632563
            ],
            [
              77.2175,
              28.632563
            ],
            [
              77.2175,
              28.6315
            ]
          ]
        ]
      }
    },
    {
      "type": "Feature",
      "properties": {
        "cell_id": "CELL_08_07",
        "row": 8,
        "col": 7,
        "ward_name": "Connaught Place Inner Circle & Central Park",
        "bounds": [
          77.21875,
          28.6315,
          77.22,
          28.632563
        ],
        "center": [
          77.219375,
          28.632031
        ],
        "lst_current": 39.4,
        "ta_current": 35.8,
        "lst_after": 37.8,
        "ta_after": 34.8,
        "cooling_potential": 1.6,
        "population": 1509,
        "vulnerability_score": 0.25,
        "canopy_pct": 48,
        "drivers": {
          "ndvi": 0.56,
          "albedo": 0.24,
          "building_density": 0.08,
          "sky_view_factor": 0.78,
          "imperviousness": 0.22,
          "traffic_density": 0.25
        },
        "energy_balance": {
          "H": 239,
          "LE": 108,
          "G": 93,
          "QF": 32
        }
      },
      "geometry": {
        "type": "Polygon",
        "coordinates": [
          [
            [
              77.21875,
              28.6315
            ],
            [
              77.22,
              28.6315
            ],
            [
              77.22,
              28.632563
            ],
            [
              77.21875,
              28.632563
            ],
            [
              77.21875,
              28.6315
            ]
          ]
        ]
      }
    },
    {
      "type": "Feature",
      "properties": {
        "cell_id": "CELL_08_08",
        "row": 8,
        "col": 8,
        "ward_name": "Connaught Place Inner Circle & Central Park",
        "bounds": [
          77.22,
          28.6315,
          77.22125,
          28.632563
        ],
        "center": [
          77.220625,
          28.632031
        ],
        "lst_current": 39.4,
        "ta_current": 35.8,
        "lst_after": 37.8,
        "ta_after": 34.8,
        "cooling_potential": 1.6,
        "population": 1540,
        "vulnerability_score": 0.25,
        "canopy_pct": 48,
        "drivers": {
          "ndvi": 0.57,
          "albedo": 0.24,
          "building_density": 0.08,
          "sky_view_factor": 0.78,
          "imperviousness": 0.22,
          "traffic_density": 0.25
        },
        "energy_balance": {
          "H": 239,
          "LE": 109,
          "G": 93,
          "QF": 32
        }
      },
      "geometry": {
        "type": "Polygon",
        "coordinates": [
          [
            [
              77.22,
              28.6315
            ],
            [
              77.22125,
              28.6315
            ],
            [
              77.22125,
              28.632563
            ],
            [
              77.22,
              28.632563
            ],
            [
              77.22,
              28.6315
            ]
          ]
        ]
      }
    },
    {
      "type": "Feature",
      "properties": {
        "cell_id": "CELL_08_09",
        "row": 8,
        "col": 9,
        "ward_name": "Connaught Place Inner Circle & Central Park",
        "bounds": [
          77.22125,
          28.6315,
          77.2225,
          28.632563
        ],
        "center": [
          77.221875,
          28.632031
        ],
        "lst_current": 39.4,
        "ta_current": 35.8,
        "lst_after": 37.8,
        "ta_after": 34.8,
        "cooling_potential": 1.6,
        "population": 1471,
        "vulnerability_score": 0.25,
        "canopy_pct": 48,
        "drivers": {
          "ndvi": 0.48,
          "albedo": 0.24,
          "building_density": 0.08,
          "sky_view_factor": 0.78,
          "imperviousness": 0.22,
          "traffic_density": 0.25
        },
        "energy_balance": {
          "H": 239,
          "LE": 97,
          "G": 93,
          "QF": 32
        }
      },
      "geometry": {
        "type": "Polygon",
        "coordinates": [
          [
            [
              77.22125,
              28.6315
            ],
            [
              77.2225,
              28.6315
            ],
            [
              77.2225,
              28.632563
            ],
            [
              77.22125,
              28.632563
            ],
            [
              77.22125,
              28.6315
            ]
          ]
        ]
      }
    },
    {
      "type": "Feature",
      "properties": {
        "cell_id": "CELL_08_10",
        "row": 8,
        "col": 10,
        "ward_name": "Barakhamba Road High-Rise Corridor",
        "bounds": [
          77.2225,
          28.6315,
          77.22375,
          28.632563
        ],
        "center": [
          77.223125,
          28.632031
        ],
        "lst_current": 46.5,
        "ta_current": 42.6,
        "lst_after": 42.6,
        "ta_after": 40.1,
        "cooling_potential": 3.9,
        "population": 3454,
        "vulnerability_score": 0.82,
        "canopy_pct": 6,
        "drivers": {
          "ndvi": 0.09,
          "albedo": 0.14,
          "building_density": 0.69,
          "sky_view_factor": 0.37,
          "imperviousness": 0.83,
          "traffic_density": 0.7
        },
        "energy_balance": {
          "H": 339,
          "LE": 42,
          "G": 121,
          "QF": 55
        }
      },
      "geometry": {
        "type": "Polygon",
        "coordinates": [
          [
            [
              77.2225,
              28.6315
            ],
            [
              77.22375,
              28.6315
            ],
            [
              77.22375,
              28.632563
            ],
            [
              77.2225,
              28.632563
            ],
            [
              77.2225,
              28.6315
            ]
          ]
        ]
      }
    },
    {
      "type": "Feature",
      "properties": {
        "cell_id": "CELL_08_11",
        "row": 8,
        "col": 11,
        "ward_name": "Barakhamba Road High-Rise Corridor",
        "bounds": [
          77.22375,
          28.6315,
          77.225,
          28.632563
        ],
        "center": [
          77.224375,
          28.632031
        ],
        "lst_current": 47.2,
        "ta_current": 43.2,
        "lst_after": 43.0,
        "ta_after": 40.5,
        "cooling_potential": 4.2,
        "population": 3581,
        "vulnerability_score": 0.88,
        "canopy_pct": 4,
        "drivers": {
          "ndvi": 0.07,
          "albedo": 0.13,
          "building_density": 0.72,
          "sky_view_factor": 0.36,
          "imperviousness": 0.84,
          "traffic_density": 0.8
        },
        "energy_balance": {
          "H": 348,
          "LE": 39,
          "G": 122,
          "QF": 60
        }
      },
      "geometry": {
        "type": "Polygon",
        "coordinates": [
          [
            [
              77.22375,
              28.6315
            ],
            [
              77.225,
              28.6315
            ],
            [
              77.225,
              28.632563
            ],
            [
              77.22375,
              28.632563
            ],
            [
              77.22375,
              28.6315
            ]
          ]
        ]
      }
    },
    {
      "type": "Feature",
      "properties": {
        "cell_id": "CELL_08_12",
        "row": 8,
        "col": 12,
        "ward_name": "Barakhamba Road High-Rise Corridor",
        "bounds": [
          77.225,
          28.6315,
          77.22625,
          28.632563
        ],
        "center": [
          77.225625,
          28.632031
        ],
        "lst_current": 45.4,
        "ta_current": 41.7,
        "lst_after": 41.9,
        "ta_after": 39.4,
        "cooling_potential": 3.5,
        "population": 3288,
        "vulnerability_score": 0.73,
        "canopy_pct": 9,
        "drivers": {
          "ndvi": 0.13,
          "albedo": 0.15,
          "building_density": 0.65,
          "sky_view_factor": 0.39,
          "imperviousness": 0.81,
          "traffic_density": 0.5
        },
        "energy_balance": {
          "H": 323,
          "LE": 48,
          "G": 119,
          "QF": 45
        }
      },
      "geometry": {
        "type": "Polygon",
        "coordinates": [
          [
            [
              77.225,
              28.6315
            ],
            [
              77.22625,
              28.6315
            ],
            [
              77.22625,
              28.632563
            ],
            [
              77.225,
              28.632563
            ],
            [
              77.225,
              28.6315
            ]
          ]
        ]
      }
    },
    {
      "type": "Feature",
      "properties": {
        "cell_id": "CELL_08_13",
        "row": 8,
        "col": 13,
        "ward_name": "Barakhamba Road High-Rise Corridor",
        "bounds": [
          77.22625,
          28.6315,
          77.2275,
          28.632563
        ],
        "center": [
          77.226875,
          28.632031
        ],
        "lst_current": 45.5,
        "ta_current": 41.8,
        "lst_after": 42.0,
        "ta_after": 39.5,
        "cooling_potential": 3.5,
        "population": 3319,
        "vulnerability_score": 0.74,
        "canopy_pct": 8,
        "drivers": {
          "ndvi": 0.12,
          "albedo": 0.15,
          "building_density": 0.65,
          "sky_view_factor": 0.39,
          "imperviousness": 0.81,
          "traffic_density": 0.6
        },
        "energy_balance": {
          "H": 325,
          "LE": 46,
          "G": 119,
          "QF": 50
        }
      },
      "geometry": {
        "type": "Polygon",
        "coordinates": [
          [
            [
              77.22625,
              28.6315
            ],
            [
              77.2275,
              28.6315
            ],
            [
              77.2275,
              28.632563
            ],
            [
              77.22625,
              28.632563
            ],
            [
              77.22625,
              28.6315
            ]
          ]
        ]
      }
    },
    {
      "type": "Feature",
      "properties": {
        "cell_id": "CELL_08_14",
        "row": 8,
        "col": 14,
        "ward_name": "Barakhamba Road High-Rise Corridor",
        "bounds": [
          77.2275,
          28.6315,
          77.22875,
          28.632563
        ],
        "center": [
          77.228125,
          28.632031
        ],
        "lst_current": 45.6,
        "ta_current": 41.9,
        "lst_after": 42.0,
        "ta_after": 39.6,
        "cooling_potential": 3.6,
        "population": 3350,
        "vulnerability_score": 0.75,
        "canopy_pct": 8,
        "drivers": {
          "ndvi": 0.12,
          "albedo": 0.14,
          "building_density": 0.65,
          "sky_view_factor": 0.39,
          "imperviousness": 0.81,
          "traffic_density": 0.7
        },
        "energy_balance": {
          "H": 326,
          "LE": 46,
          "G": 119,
          "QF": 55
        }
      },
      "geometry": {
        "type": "Polygon",
        "coordinates": [
          [
            [
              77.2275,
              28.6315
            ],
            [
              77.22875,
              28.6315
            ],
            [
              77.22875,
              28.632563
            ],
            [
              77.2275,
              28.632563
            ],
            [
              77.2275,
              28.6315
            ]
          ]
        ]
      }
    },
    {
      "type": "Feature",
      "properties": {
        "cell_id": "CELL_08_15",
        "row": 8,
        "col": 15,
        "ward_name": "Barakhamba Road High-Rise Corridor",
        "bounds": [
          77.22875,
          28.6315,
          77.23,
          28.632563
        ],
        "center": [
          77.229375,
          28.632031
        ],
        "lst_current": 43.6,
        "ta_current": 40.3,
        "lst_after": 40.8,
        "ta_after": 38.5,
        "cooling_potential": 2.8,
        "population": 3025,
        "vulnerability_score": 0.59,
        "canopy_pct": 12,
        "drivers": {
          "ndvi": 0.18,
          "albedo": 0.16,
          "building_density": 0.57,
          "sky_view_factor": 0.42,
          "imperviousness": 0.78,
          "traffic_density": 0.8
        },
        "energy_balance": {
          "H": 298,
          "LE": 55,
          "G": 115,
          "QF": 60
        }
      },
      "geometry": {
        "type": "Polygon",
        "coordinates": [
          [
            [
              77.22875,
              28.6315
            ],
            [
              77.23,
              28.6315
            ],
            [
              77.23,
              28.632563
            ],
            [
              77.22875,
              28.632563
            ],
            [
              77.22875,
              28.6315
            ]
          ]
        ]
      }
    },
    {
      "type": "Feature",
      "properties": {
        "cell_id": "CELL_09_00",
        "row": 9,
        "col": 0,
        "ward_name": "Parliament Street Commercial Zone",
        "bounds": [
          77.21,
          28.632563,
          77.21125,
          28.633625
        ],
        "center": [
          77.210625,
          28.633094
        ],
        "lst_current": 43.6,
        "ta_current": 40.3,
        "lst_after": 40.8,
        "ta_after": 38.5,
        "cooling_potential": 2.8,
        "population": 3077,
        "vulnerability_score": 0.59,
        "canopy_pct": 12,
        "drivers": {
          "ndvi": 0.18,
          "albedo": 0.16,
          "building_density": 0.57,
          "sky_view_factor": 0.42,
          "imperviousness": 0.78,
          "traffic_density": 0.3
        },
        "energy_balance": {
          "H": 298,
          "LE": 55,
          "G": 115,
          "QF": 35
        }
      },
      "geometry": {
        "type": "Polygon",
        "coordinates": [
          [
            [
              77.21,
              28.632563
            ],
            [
              77.21125,
              28.632563
            ],
            [
              77.21125,
              28.633625
            ],
            [
              77.21,
              28.633625
            ],
            [
              77.21,
              28.632563
            ]
          ]
        ]
      }
    },
    {
      "type": "Feature",
      "properties": {
        "cell_id": "CELL_09_01",
        "row": 9,
        "col": 1,
        "ward_name": "Parliament Street Commercial Zone",
        "bounds": [
          77.21125,
          28.632563,
          77.2125,
          28.633625
        ],
        "center": [
          77.211875,
          28.633094
        ],
        "lst_current": 44.6,
        "ta_current": 41.1,
        "lst_after": 41.4,
        "ta_after": 39.0,
        "cooling_potential": 3.2,
        "population": 3236,
        "vulnerability_score": 0.67,
        "canopy_pct": 10,
        "drivers": {
          "ndvi": 0.15,
          "albedo": 0.15,
          "building_density": 0.61,
          "sky_view_factor": 0.41,
          "imperviousness": 0.79,
          "traffic_density": 0.4
        },
        "energy_balance": {
          "H": 312,
          "LE": 51,
          "G": 117,
          "QF": 40
        }
      },
      "geometry": {
        "type": "Polygon",
        "coordinates": [
          [
            [
              77.21125,
              28.632563
            ],
            [
              77.2125,
              28.632563
            ],
            [
              77.2125,
              28.633625
            ],
            [
              77.21125,
              28.633625
            ],
            [
              77.21125,
              28.632563
            ]
          ]
        ]
      }
    },
    {
      "type": "Feature",
      "properties": {
        "cell_id": "CELL_09_02",
        "row": 9,
        "col": 2,
        "ward_name": "Parliament Street Commercial Zone",
        "bounds": [
          77.2125,
          28.632563,
          77.21375,
          28.633625
        ],
        "center": [
          77.213125,
          28.633094
        ],
        "lst_current": 43.4,
        "ta_current": 40.1,
        "lst_after": 40.7,
        "ta_after": 38.3,
        "cooling_potential": 2.7,
        "population": 3039,
        "vulnerability_score": 0.57,
        "canopy_pct": 13,
        "drivers": {
          "ndvi": 0.19,
          "albedo": 0.17,
          "building_density": 0.57,
          "sky_view_factor": 0.42,
          "imperviousness": 0.78,
          "traffic_density": 0.5
        },
        "energy_balance": {
          "H": 295,
          "LE": 56,
          "G": 115,
          "QF": 45
        }
      },
      "geometry": {
        "type": "Polygon",
        "coordinates": [
          [
            [
              77.2125,
              28.632563
            ],
            [
              77.21375,
              28.632563
            ],
            [
              77.21375,
              28.633625
            ],
            [
              77.2125,
              28.633625
            ],
            [
              77.2125,
              28.632563
            ]
          ]
        ]
      }
    },
    {
      "type": "Feature",
      "properties": {
        "cell_id": "CELL_09_03",
        "row": 9,
        "col": 3,
        "ward_name": "Parliament Street Commercial Zone",
        "bounds": [
          77.21375,
          28.632563,
          77.215,
          28.633625
        ],
        "center": [
          77.214375,
          28.633094
        ],
        "lst_current": 44.5,
        "ta_current": 41.0,
        "lst_after": 41.4,
        "ta_after": 39.0,
        "cooling_potential": 3.1,
        "population": 3198,
        "vulnerability_score": 0.66,
        "canopy_pct": 10,
        "drivers": {
          "ndvi": 0.15,
          "albedo": 0.15,
          "building_density": 0.61,
          "sky_view_factor": 0.41,
          "imperviousness": 0.79,
          "traffic_density": 0.6
        },
        "energy_balance": {
          "H": 311,
          "LE": 51,
          "G": 117,
          "QF": 50
        }
      },
      "geometry": {
        "type": "Polygon",
        "coordinates": [
          [
            [
              77.21375,
              28.632563
            ],
            [
              77.215,
              28.632563
            ],
            [
              77.215,
              28.633625
            ],
            [
              77.21375,
              28.633625
            ],
            [
              77.21375,
              28.632563
            ]
          ]
        ]
      }
    },
    {
      "type": "Feature",
      "properties": {
        "cell_id": "CELL_09_04",
        "row": 9,
        "col": 4,
        "ward_name": "Parliament Street Commercial Zone",
        "bounds": [
          77.215,
          28.632563,
          77.21625,
          28.633625
        ],
        "center": [
          77.215625,
          28.633094
        ],
        "lst_current": 45.5,
        "ta_current": 41.8,
        "lst_after": 42.0,
        "ta_after": 39.5,
        "cooling_potential": 3.5,
        "population": 3357,
        "vulnerability_score": 0.74,
        "canopy_pct": 8,
        "drivers": {
          "ndvi": 0.12,
          "albedo": 0.15,
          "building_density": 0.65,
          "sky_view_factor": 0.39,
          "imperviousness": 0.81,
          "traffic_density": 0.3
        },
        "energy_balance": {
          "H": 325,
          "LE": 46,
          "G": 119,
          "QF": 35
        }
      },
      "geometry": {
        "type": "Polygon",
        "coordinates": [
          [
            [
              77.215,
              28.632563
            ],
            [
              77.21625,
              28.632563
            ],
            [
              77.21625,
              28.633625
            ],
            [
              77.215,
              28.633625
            ],
            [
              77.215,
              28.632563
            ]
          ]
        ]
      }
    },
    {
      "type": "Feature",
      "properties": {
        "cell_id": "CELL_09_05",
        "row": 9,
        "col": 5,
        "ward_name": "Parliament Street Commercial Zone",
        "bounds": [
          77.21625,
          28.632563,
          77.2175,
          28.633625
        ],
        "center": [
          77.216875,
          28.633094
        ],
        "lst_current": 44.4,
        "ta_current": 40.9,
        "lst_after": 41.3,
        "ta_after": 38.9,
        "cooling_potential": 3.1,
        "population": 3160,
        "vulnerability_score": 0.65,
        "canopy_pct": 11,
        "drivers": {
          "ndvi": 0.16,
          "albedo": 0.16,
          "building_density": 0.61,
          "sky_view_factor": 0.41,
          "imperviousness": 0.79,
          "traffic_density": 0.4
        },
        "energy_balance": {
          "H": 309,
          "LE": 52,
          "G": 117,
          "QF": 40
        }
      },
      "geometry": {
        "type": "Polygon",
        "coordinates": [
          [
            [
              77.21625,
              28.632563
            ],
            [
              77.2175,
              28.632563
            ],
            [
              77.2175,
              28.633625
            ],
            [
              77.21625,
              28.633625
            ],
            [
              77.21625,
              28.632563
            ]
          ]
        ]
      }
    },
    {
      "type": "Feature",
      "properties": {
        "cell_id": "CELL_09_06",
        "row": 9,
        "col": 6,
        "ward_name": "Connaught Place Inner Circle & Central Park",
        "bounds": [
          77.2175,
          28.632563,
          77.21875,
          28.633625
        ],
        "center": [
          77.218125,
          28.633094
        ],
        "lst_current": 39.4,
        "ta_current": 35.8,
        "lst_after": 37.8,
        "ta_after": 34.8,
        "cooling_potential": 1.6,
        "population": 1495,
        "vulnerability_score": 0.25,
        "canopy_pct": 48,
        "drivers": {
          "ndvi": 0.57,
          "albedo": 0.24,
          "building_density": 0.08,
          "sky_view_factor": 0.78,
          "imperviousness": 0.22,
          "traffic_density": 0.25
        },
        "energy_balance": {
          "H": 239,
          "LE": 109,
          "G": 93,
          "QF": 32
        }
      },
      "geometry": {
        "type": "Polygon",
        "coordinates": [
          [
            [
              77.2175,
              28.632563
            ],
            [
              77.21875,
              28.632563
            ],
            [
              77.21875,
              28.633625
            ],
            [
              77.2175,
              28.633625
            ],
            [
              77.2175,
              28.632563
            ]
          ]
        ]
      }
    },
    {
      "type": "Feature",
      "properties": {
        "cell_id": "CELL_09_07",
        "row": 9,
        "col": 7,
        "ward_name": "Connaught Place Inner Circle & Central Park",
        "bounds": [
          77.21875,
          28.632563,
          77.22,
          28.633625
        ],
        "center": [
          77.219375,
          28.633094
        ],
        "lst_current": 39.4,
        "ta_current": 35.8,
        "lst_after": 37.8,
        "ta_after": 34.8,
        "cooling_potential": 1.6,
        "population": 1526,
        "vulnerability_score": 0.25,
        "canopy_pct": 48,
        "drivers": {
          "ndvi": 0.58,
          "albedo": 0.24,
          "building_density": 0.08,
          "sky_view_factor": 0.78,
          "imperviousness": 0.22,
          "traffic_density": 0.25
        },
        "energy_balance": {
          "H": 239,
          "LE": 111,
          "G": 93,
          "QF": 32
        }
      },
      "geometry": {
        "type": "Polygon",
        "coordinates": [
          [
            [
              77.21875,
              28.632563
            ],
            [
              77.22,
              28.632563
            ],
            [
              77.22,
              28.633625
            ],
            [
              77.21875,
              28.633625
            ],
            [
              77.21875,
              28.632563
            ]
          ]
        ]
      }
    },
    {
      "type": "Feature",
      "properties": {
        "cell_id": "CELL_09_08",
        "row": 9,
        "col": 8,
        "ward_name": "Connaught Place Inner Circle & Central Park",
        "bounds": [
          77.22,
          28.632563,
          77.22125,
          28.633625
        ],
        "center": [
          77.220625,
          28.633094
        ],
        "lst_current": 39.4,
        "ta_current": 35.8,
        "lst_after": 37.8,
        "ta_after": 34.8,
        "cooling_potential": 1.6,
        "population": 1457,
        "vulnerability_score": 0.25,
        "canopy_pct": 48,
        "drivers": {
          "ndvi": 0.49,
          "albedo": 0.24,
          "building_density": 0.08,
          "sky_view_factor": 0.78,
          "imperviousness": 0.22,
          "traffic_density": 0.25
        },
        "energy_balance": {
          "H": 239,
          "LE": 98,
          "G": 93,
          "QF": 32
        }
      },
      "geometry": {
        "type": "Polygon",
        "coordinates": [
          [
            [
              77.22,
              28.632563
            ],
            [
              77.22125,
              28.632563
            ],
            [
              77.22125,
              28.633625
            ],
            [
              77.22,
              28.633625
            ],
            [
              77.22,
              28.632563
            ]
          ]
        ]
      }
    },
    {
      "type": "Feature",
      "properties": {
        "cell_id": "CELL_09_09",
        "row": 9,
        "col": 9,
        "ward_name": "Connaught Place Inner Circle & Central Park",
        "bounds": [
          77.22125,
          28.632563,
          77.2225,
          28.633625
        ],
        "center": [
          77.221875,
          28.633094
        ],
        "lst_current": 39.4,
        "ta_current": 35.8,
        "lst_after": 37.8,
        "ta_after": 34.8,
        "cooling_potential": 1.6,
        "population": 1488,
        "vulnerability_score": 0.25,
        "canopy_pct": 48,
        "drivers": {
          "ndvi": 0.5,
          "albedo": 0.24,
          "building_density": 0.08,
          "sky_view_factor": 0.78,
          "imperviousness": 0.22,
          "traffic_density": 0.25
        },
        "energy_balance": {
          "H": 239,
          "LE": 100,
          "G": 93,
          "QF": 32
        }
      },
      "geometry": {
        "type": "Polygon",
        "coordinates": [
          [
            [
              77.22125,
              28.632563
            ],
            [
              77.2225,
              28.632563
            ],
            [
              77.2225,
              28.633625
            ],
            [
              77.22125,
              28.633625
            ],
            [
              77.22125,
              28.632563
            ]
          ]
        ]
      }
    },
    {
      "type": "Feature",
      "properties": {
        "cell_id": "CELL_09_10",
        "row": 9,
        "col": 10,
        "ward_name": "Barakhamba Road High-Rise Corridor",
        "bounds": [
          77.2225,
          28.632563,
          77.22375,
          28.633625
        ],
        "center": [
          77.223125,
          28.633094
        ],
        "lst_current": 46.5,
        "ta_current": 42.6,
        "lst_after": 42.6,
        "ta_after": 40.1,
        "cooling_potential": 3.9,
        "population": 3471,
        "vulnerability_score": 0.82,
        "canopy_pct": 6,
        "drivers": {
          "ndvi": 0.09,
          "albedo": 0.14,
          "building_density": 0.69,
          "sky_view_factor": 0.37,
          "imperviousness": 0.83,
          "traffic_density": 0.5
        },
        "energy_balance": {
          "H": 339,
          "LE": 42,
          "G": 121,
          "QF": 45
        }
      },
      "geometry": {
        "type": "Polygon",
        "coordinates": [
          [
            [
              77.2225,
              28.632563
            ],
            [
              77.22375,
              28.632563
            ],
            [
              77.22375,
              28.633625
            ],
            [
              77.2225,
              28.633625
            ],
            [
              77.2225,
              28.632563
            ]
          ]
        ]
      }
    },
    {
      "type": "Feature",
      "properties": {
        "cell_id": "CELL_09_11",
        "row": 9,
        "col": 11,
        "ward_name": "Barakhamba Road High-Rise Corridor",
        "bounds": [
          77.22375,
          28.632563,
          77.225,
          28.633625
        ],
        "center": [
          77.224375,
          28.633094
        ],
        "lst_current": 47.1,
        "ta_current": 43.1,
        "lst_after": 42.9,
        "ta_after": 40.4,
        "cooling_potential": 4.2,
        "population": 3566,
        "vulnerability_score": 0.87,
        "canopy_pct": 5,
        "drivers": {
          "ndvi": 0.08,
          "albedo": 0.13,
          "building_density": 0.71,
          "sky_view_factor": 0.37,
          "imperviousness": 0.83,
          "traffic_density": 0.6
        },
        "energy_balance": {
          "H": 347,
          "LE": 41,
          "G": 121,
          "QF": 50
        }
      },
      "geometry": {
        "type": "Polygon",
        "coordinates": [
          [
            [
              77.22375,
              28.632563
            ],
            [
              77.225,
              28.632563
            ],
            [
              77.225,
              28.633625
            ],
            [
              77.22375,
              28.633625
            ],
            [
              77.22375,
              28.632563
            ]
          ]
        ]
      }
    },
    {
      "type": "Feature",
      "properties": {
        "cell_id": "CELL_09_12",
        "row": 9,
        "col": 12,
        "ward_name": "Barakhamba Road High-Rise Corridor",
        "bounds": [
          77.225,
          28.632563,
          77.22625,
          28.633625
        ],
        "center": [
          77.225625,
          28.633094
        ],
        "lst_current": 45.3,
        "ta_current": 41.6,
        "lst_after": 41.8,
        "ta_after": 39.3,
        "cooling_potential": 3.5,
        "population": 3273,
        "vulnerability_score": 0.72,
        "canopy_pct": 9,
        "drivers": {
          "ndvi": 0.13,
          "albedo": 0.15,
          "building_density": 0.64,
          "sky_view_factor": 0.39,
          "imperviousness": 0.81,
          "traffic_density": 0.3
        },
        "energy_balance": {
          "H": 322,
          "LE": 48,
          "G": 118,
          "QF": 35
        }
      },
      "geometry": {
        "type": "Polygon",
        "coordinates": [
          [
            [
              77.225,
              28.632563
            ],
            [
              77.22625,
              28.632563
            ],
            [
              77.22625,
              28.633625
            ],
            [
              77.225,
              28.633625
            ],
            [
              77.225,
              28.632563
            ]
          ]
        ]
      }
    },
    {
      "type": "Feature",
      "properties": {
        "cell_id": "CELL_09_13",
        "row": 9,
        "col": 13,
        "ward_name": "Barakhamba Road High-Rise Corridor",
        "bounds": [
          77.22625,
          28.632563,
          77.2275,
          28.633625
        ],
        "center": [
          77.226875,
          28.633094
        ],
        "lst_current": 45.6,
        "ta_current": 41.9,
        "lst_after": 42.0,
        "ta_after": 39.6,
        "cooling_potential": 3.6,
        "population": 3336,
        "vulnerability_score": 0.75,
        "canopy_pct": 8,
        "drivers": {
          "ndvi": 0.12,
          "albedo": 0.14,
          "building_density": 0.65,
          "sky_view_factor": 0.39,
          "imperviousness": 0.81,
          "traffic_density": 0.4
        },
        "energy_balance": {
          "H": 326,
          "LE": 46,
          "G": 119,
          "QF": 40
        }
      },
      "geometry": {
        "type": "Polygon",
        "coordinates": [
          [
            [
              77.22625,
              28.632563
            ],
            [
              77.2275,
              28.632563
            ],
            [
              77.2275,
              28.633625
            ],
            [
              77.22625,
              28.633625
            ],
            [
              77.22625,
              28.632563
            ]
          ]
        ]
      }
    },
    {
      "type": "Feature",
      "properties": {
        "cell_id": "CELL_09_14",
        "row": 9,
        "col": 14,
        "ward_name": "Barakhamba Road High-Rise Corridor",
        "bounds": [
          77.2275,
          28.632563,
          77.22875,
          28.633625
        ],
        "center": [
          77.228125,
          28.633094
        ],
        "lst_current": 45.8,
        "ta_current": 42.1,
        "lst_after": 42.1,
        "ta_after": 39.7,
        "cooling_potential": 3.7,
        "population": 3399,
        "vulnerability_score": 0.76,
        "canopy_pct": 8,
        "drivers": {
          "ndvi": 0.12,
          "albedo": 0.14,
          "building_density": 0.66,
          "sky_view_factor": 0.39,
          "imperviousness": 0.81,
          "traffic_density": 0.5
        },
        "energy_balance": {
          "H": 329,
          "LE": 46,
          "G": 119,
          "QF": 45
        }
      },
      "geometry": {
        "type": "Polygon",
        "coordinates": [
          [
            [
              77.2275,
              28.632563
            ],
            [
              77.22875,
              28.632563
            ],
            [
              77.22875,
              28.633625
            ],
            [
              77.2275,
              28.633625
            ],
            [
              77.2275,
              28.632563
            ]
          ]
        ]
      }
    },
    {
      "type": "Feature",
      "properties": {
        "cell_id": "CELL_09_15",
        "row": 9,
        "col": 15,
        "ward_name": "Barakhamba Road High-Rise Corridor",
        "bounds": [
          77.22875,
          28.632563,
          77.23,
          28.633625
        ],
        "center": [
          77.229375,
          28.633094
        ],
        "lst_current": 43.8,
        "ta_current": 40.4,
        "lst_after": 41.0,
        "ta_after": 38.6,
        "cooling_potential": 2.8,
        "population": 3074,
        "vulnerability_score": 0.6,
        "canopy_pct": 12,
        "drivers": {
          "ndvi": 0.18,
          "albedo": 0.16,
          "building_density": 0.58,
          "sky_view_factor": 0.42,
          "imperviousness": 0.78,
          "traffic_density": 0.6
        },
        "energy_balance": {
          "H": 301,
          "LE": 55,
          "G": 116,
          "QF": 50
        }
      },
      "geometry": {
        "type": "Polygon",
        "coordinates": [
          [
            [
              77.22875,
              28.632563
            ],
            [
              77.23,
              28.632563
            ],
            [
              77.23,
              28.633625
            ],
            [
              77.22875,
              28.633625
            ],
            [
              77.22875,
              28.632563
            ]
          ]
        ]
      }
    },
    {
      "type": "Feature",
      "properties": {
        "cell_id": "CELL_10_00",
        "row": 10,
        "col": 0,
        "ward_name": "Gole Market & Baba Kharak Singh Marg",
        "bounds": [
          77.21,
          28.633625,
          77.21125,
          28.634688
        ],
        "center": [
          77.210625,
          28.634156
        ],
        "lst_current": 43.9,
        "ta_current": 40.5,
        "lst_after": 41.0,
        "ta_after": 38.6,
        "cooling_potential": 2.9,
        "population": 3158,
        "vulnerability_score": 0.61,
        "canopy_pct": 11,
        "drivers": {
          "ndvi": 0.17,
          "albedo": 0.16,
          "building_density": 0.59,
          "sky_view_factor": 0.41,
          "imperviousness": 0.79,
          "traffic_density": 0.4
        },
        "energy_balance": {
          "H": 302,
          "LE": 53,
          "G": 116,
          "QF": 40
        }
      },
      "geometry": {
        "type": "Polygon",
        "coordinates": [
          [
            [
              77.21,
              28.633625
            ],
            [
              77.21125,
              28.633625
            ],
            [
              77.21125,
              28.634688
            ],
            [
              77.21,
              28.634688
            ],
            [
              77.21,
              28.633625
            ]
          ]
        ]
      }
    },
    {
      "type": "Feature",
      "properties": {
        "cell_id": "CELL_10_01",
        "row": 10,
        "col": 1,
        "ward_name": "Gole Market & Baba Kharak Singh Marg",
        "bounds": [
          77.21125,
          28.633625,
          77.2125,
          28.634688
        ],
        "center": [
          77.211875,
          28.634156
        ],
        "lst_current": 42.7,
        "ta_current": 39.5,
        "lst_after": 40.3,
        "ta_after": 37.9,
        "cooling_potential": 2.4,
        "population": 2929,
        "vulnerability_score": 0.52,
        "canopy_pct": 14,
        "drivers": {
          "ndvi": 0.21,
          "albedo": 0.17,
          "building_density": 0.54,
          "sky_view_factor": 0.43,
          "imperviousness": 0.77,
          "traffic_density": 0.5
        },
        "energy_balance": {
          "H": 285,
          "LE": 59,
          "G": 114,
          "QF": 45
        }
      },
      "geometry": {
        "type": "Polygon",
        "coordinates": [
          [
            [
              77.21125,
              28.633625
            ],
            [
              77.2125,
              28.633625
            ],
            [
              77.2125,
              28.634688
            ],
            [
              77.21125,
              28.634688
            ],
            [
              77.21125,
              28.633625
            ]
          ]
        ]
      }
    },
    {
      "type": "Feature",
      "properties": {
        "cell_id": "CELL_10_02",
        "row": 10,
        "col": 2,
        "ward_name": "Gole Market & Baba Kharak Singh Marg",
        "bounds": [
          77.2125,
          28.633625,
          77.21375,
          28.634688
        ],
        "center": [
          77.213125,
          28.634156
        ],
        "lst_current": 43.7,
        "ta_current": 40.3,
        "lst_after": 40.9,
        "ta_after": 38.5,
        "cooling_potential": 2.8,
        "population": 3088,
        "vulnerability_score": 0.6,
        "canopy_pct": 12,
        "drivers": {
          "ndvi": 0.18,
          "albedo": 0.16,
          "building_density": 0.58,
          "sky_view_factor": 0.42,
          "imperviousness": 0.78,
          "traffic_density": 0.6
        },
        "energy_balance": {
          "H": 299,
          "LE": 55,
          "G": 116,
          "QF": 50
        }
      },
      "geometry": {
        "type": "Polygon",
        "coordinates": [
          [
            [
              77.2125,
              28.633625
            ],
            [
              77.21375,
              28.633625
            ],
            [
              77.21375,
              28.634688
            ],
            [
              77.2125,
              28.634688
            ],
            [
              77.2125,
              28.633625
            ]
          ]
        ]
      }
    },
    {
      "type": "Feature",
      "properties": {
        "cell_id": "CELL_10_03",
        "row": 10,
        "col": 3,
        "ward_name": "Gole Market & Baba Kharak Singh Marg",
        "bounds": [
          77.21375,
          28.633625,
          77.215,
          28.634688
        ],
        "center": [
          77.214375,
          28.634156
        ],
        "lst_current": 44.7,
        "ta_current": 41.2,
        "lst_after": 41.5,
        "ta_after": 39.1,
        "cooling_potential": 3.2,
        "population": 3247,
        "vulnerability_score": 0.68,
        "canopy_pct": 10,
        "drivers": {
          "ndvi": 0.15,
          "albedo": 0.15,
          "building_density": 0.62,
          "sky_view_factor": 0.4,
          "imperviousness": 0.8,
          "traffic_density": 0.7
        },
        "energy_balance": {
          "H": 313,
          "LE": 51,
          "G": 117,
          "QF": 55
        }
      },
      "geometry": {
        "type": "Polygon",
        "coordinates": [
          [
            [
              77.21375,
              28.633625
            ],
            [
              77.215,
              28.633625
            ],
            [
              77.215,
              28.634688
            ],
            [
              77.21375,
              28.634688
            ],
            [
              77.21375,
              28.633625
            ]
          ]
        ]
      }
    },
    {
      "type": "Feature",
      "properties": {
        "cell_id": "CELL_10_04",
        "row": 10,
        "col": 4,
        "ward_name": "Gole Market & Baba Kharak Singh Marg",
        "bounds": [
          77.215,
          28.633625,
          77.21625,
          28.634688
        ],
        "center": [
          77.215625,
          28.634156
        ],
        "lst_current": 45.7,
        "ta_current": 42.0,
        "lst_after": 42.1,
        "ta_after": 39.7,
        "cooling_potential": 3.6,
        "population": 3406,
        "vulnerability_score": 0.76,
        "canopy_pct": 8,
        "drivers": {
          "ndvi": 0.12,
          "albedo": 0.14,
          "building_density": 0.66,
          "sky_view_factor": 0.39,
          "imperviousness": 0.81,
          "traffic_density": 0.4
        },
        "energy_balance": {
          "H": 327,
          "LE": 46,
          "G": 119,
          "QF": 40
        }
      },
      "geometry": {
        "type": "Polygon",
        "coordinates": [
          [
            [
              77.215,
              28.633625
            ],
            [
              77.21625,
              28.633625
            ],
            [
              77.21625,
              28.634688
            ],
            [
              77.215,
              28.634688
            ],
            [
              77.215,
              28.633625
            ]
          ]
        ]
      }
    },
    {
      "type": "Feature",
      "properties": {
        "cell_id": "CELL_10_05",
        "row": 10,
        "col": 5,
        "ward_name": "Gole Market & Baba Kharak Singh Marg",
        "bounds": [
          77.21625,
          28.633625,
          77.2175,
          28.634688
        ],
        "center": [
          77.216875,
          28.634156
        ],
        "lst_current": 44.5,
        "ta_current": 41.0,
        "lst_after": 41.4,
        "ta_after": 39.0,
        "cooling_potential": 3.1,
        "population": 3177,
        "vulnerability_score": 0.66,
        "canopy_pct": 10,
        "drivers": {
          "ndvi": 0.15,
          "albedo": 0.15,
          "building_density": 0.61,
          "sky_view_factor": 0.41,
          "imperviousness": 0.79,
          "traffic_density": 0.5
        },
        "energy_balance": {
          "H": 311,
          "LE": 51,
          "G": 117,
          "QF": 45
        }
      },
      "geometry": {
        "type": "Polygon",
        "coordinates": [
          [
            [
              77.21625,
              28.633625
            ],
            [
              77.2175,
              28.633625
            ],
            [
              77.2175,
              28.634688
            ],
            [
              77.21625,
              28.634688
            ],
            [
              77.21625,
              28.633625
            ]
          ]
        ]
      }
    },
    {
      "type": "Feature",
      "properties": {
        "cell_id": "CELL_10_06",
        "row": 10,
        "col": 6,
        "ward_name": "Kasturba Gandhi Marg District",
        "bounds": [
          77.2175,
          28.633625,
          77.21875,
          28.634688
        ],
        "center": [
          77.218125,
          28.634156
        ],
        "lst_current": 45.5,
        "ta_current": 41.8,
        "lst_after": 42.0,
        "ta_after": 39.5,
        "cooling_potential": 3.5,
        "population": 3336,
        "vulnerability_score": 0.74,
        "canopy_pct": 8,
        "drivers": {
          "ndvi": 0.12,
          "albedo": 0.15,
          "building_density": 0.65,
          "sky_view_factor": 0.39,
          "imperviousness": 0.81,
          "traffic_density": 0.6
        },
        "energy_balance": {
          "H": 325,
          "LE": 46,
          "G": 119,
          "QF": 50
        }
      },
      "geometry": {
        "type": "Polygon",
        "coordinates": [
          [
            [
              77.2175,
              28.633625
            ],
            [
              77.21875,
              28.633625
            ],
            [
              77.21875,
              28.634688
            ],
            [
              77.2175,
              28.634688
            ],
            [
              77.2175,
              28.633625
            ]
          ]
        ]
      }
    },
    {
      "type": "Feature",
      "properties": {
        "cell_id": "CELL_10_07",
        "row": 10,
        "col": 7,
        "ward_name": "Kasturba Gandhi Marg District",
        "bounds": [
          77.21875,
          28.633625,
          77.22,
          28.634688
        ],
        "center": [
          77.219375,
          28.634156
        ],
        "lst_current": 46.4,
        "ta_current": 42.5,
        "lst_after": 42.5,
        "ta_after": 40.0,
        "cooling_potential": 3.9,
        "population": 3495,
        "vulnerability_score": 0.81,
        "canopy_pct": 7,
        "drivers": {
          "ndvi": 0.1,
          "albedo": 0.14,
          "building_density": 0.69,
          "sky_view_factor": 0.37,
          "imperviousness": 0.83,
          "traffic_density": 0.7
        },
        "energy_balance": {
          "H": 337,
          "LE": 44,
          "G": 121,
          "QF": 55
        }
      },
      "geometry": {
        "type": "Polygon",
        "coordinates": [
          [
            [
              77.21875,
              28.633625
            ],
            [
              77.22,
              28.633625
            ],
            [
              77.22,
              28.634688
            ],
            [
              77.21875,
              28.634688
            ],
            [
              77.21875,
              28.633625
            ]
          ]
        ]
      }
    },
    {
      "type": "Feature",
      "properties": {
        "cell_id": "CELL_10_08",
        "row": 10,
        "col": 8,
        "ward_name": "Kasturba Gandhi Marg District",
        "bounds": [
          77.22,
          28.633625,
          77.22125,
          28.634688
        ],
        "center": [
          77.220625,
          28.634156
        ],
        "lst_current": 45.1,
        "ta_current": 41.5,
        "lst_after": 41.7,
        "ta_after": 39.3,
        "cooling_potential": 3.4,
        "population": 3234,
        "vulnerability_score": 0.71,
        "canopy_pct": 9,
        "drivers": {
          "ndvi": 0.14,
          "albedo": 0.15,
          "building_density": 0.63,
          "sky_view_factor": 0.4,
          "imperviousness": 0.8,
          "traffic_density": 0.4
        },
        "energy_balance": {
          "H": 319,
          "LE": 49,
          "G": 118,
          "QF": 40
        }
      },
      "geometry": {
        "type": "Polygon",
        "coordinates": [
          [
            [
              77.22,
              28.633625
            ],
            [
              77.22125,
              28.633625
            ],
            [
              77.22125,
              28.634688
            ],
            [
              77.22,
              28.634688
            ],
            [
              77.22,
              28.633625
            ]
          ]
        ]
      }
    },
    {
      "type": "Feature",
      "properties": {
        "cell_id": "CELL_10_09",
        "row": 10,
        "col": 9,
        "ward_name": "Kasturba Gandhi Marg District",
        "bounds": [
          77.22125,
          28.633625,
          77.2225,
          28.634688
        ],
        "center": [
          77.221875,
          28.634156
        ],
        "lst_current": 45.8,
        "ta_current": 42.1,
        "lst_after": 42.1,
        "ta_after": 39.7,
        "cooling_potential": 3.7,
        "population": 3361,
        "vulnerability_score": 0.76,
        "canopy_pct": 8,
        "drivers": {
          "ndvi": 0.12,
          "albedo": 0.14,
          "building_density": 0.66,
          "sky_view_factor": 0.39,
          "imperviousness": 0.81,
          "traffic_density": 0.5
        },
        "energy_balance": {
          "H": 329,
          "LE": 46,
          "G": 119,
          "QF": 45
        }
      },
      "geometry": {
        "type": "Polygon",
        "coordinates": [
          [
            [
              77.22125,
              28.633625
            ],
            [
              77.2225,
              28.633625
            ],
            [
              77.2225,
              28.634688
            ],
            [
              77.22125,
              28.634688
            ],
            [
              77.22125,
              28.633625
            ]
          ]
        ]
      }
    },
    {
      "type": "Feature",
      "properties": {
        "cell_id": "CELL_10_10",
        "row": 10,
        "col": 10,
        "ward_name": "Barakhamba Road High-Rise Corridor",
        "bounds": [
          77.2225,
          28.633625,
          77.22375,
          28.634688
        ],
        "center": [
          77.223125,
          28.634156
        ],
        "lst_current": 46.4,
        "ta_current": 42.5,
        "lst_after": 42.5,
        "ta_after": 40.0,
        "cooling_potential": 3.9,
        "population": 3488,
        "vulnerability_score": 0.81,
        "canopy_pct": 7,
        "drivers": {
          "ndvi": 0.1,
          "albedo": 0.14,
          "building_density": 0.69,
          "sky_view_factor": 0.37,
          "imperviousness": 0.83,
          "traffic_density": 0.6
        },
        "energy_balance": {
          "H": 337,
          "LE": 44,
          "G": 121,
          "QF": 50
        }
      },
      "geometry": {
        "type": "Polygon",
        "coordinates": [
          [
            [
              77.2225,
              28.633625
            ],
            [
              77.22375,
              28.633625
            ],
            [
              77.22375,
              28.634688
            ],
            [
              77.2225,
              28.634688
            ],
            [
              77.2225,
              28.633625
            ]
          ]
        ]
      }
    },
    {
      "type": "Feature",
      "properties": {
        "cell_id": "CELL_10_11",
        "row": 10,
        "col": 11,
        "ward_name": "Barakhamba Road High-Rise Corridor",
        "bounds": [
          77.22375,
          28.633625,
          77.225,
          28.634688
        ],
        "center": [
          77.224375,
          28.634156
        ],
        "lst_current": 44.8,
        "ta_current": 41.2,
        "lst_after": 41.5,
        "ta_after": 39.1,
        "cooling_potential": 3.3,
        "population": 3195,
        "vulnerability_score": 0.68,
        "canopy_pct": 10,
        "drivers": {
          "ndvi": 0.15,
          "albedo": 0.15,
          "building_density": 0.62,
          "sky_view_factor": 0.4,
          "imperviousness": 0.8,
          "traffic_density": 0.7
        },
        "energy_balance": {
          "H": 315,
          "LE": 51,
          "G": 117,
          "QF": 55
        }
      },
      "geometry": {
        "type": "Polygon",
        "coordinates": [
          [
            [
              77.22375,
              28.633625
            ],
            [
              77.225,
              28.633625
            ],
            [
              77.225,
              28.634688
            ],
            [
              77.22375,
              28.634688
            ],
            [
              77.22375,
              28.633625
            ]
          ]
        ]
      }
    },
    {
      "type": "Feature",
      "properties": {
        "cell_id": "CELL_10_12",
        "row": 10,
        "col": 12,
        "ward_name": "Barakhamba Road High-Rise Corridor",
        "bounds": [
          77.225,
          28.633625,
          77.22625,
          28.634688
        ],
        "center": [
          77.225625,
          28.634156
        ],
        "lst_current": 45.2,
        "ta_current": 41.6,
        "lst_after": 41.8,
        "ta_after": 39.4,
        "cooling_potential": 3.4,
        "population": 3290,
        "vulnerability_score": 0.72,
        "canopy_pct": 9,
        "drivers": {
          "ndvi": 0.13,
          "albedo": 0.15,
          "building_density": 0.64,
          "sky_view_factor": 0.39,
          "imperviousness": 0.81,
          "traffic_density": 0.4
        },
        "energy_balance": {
          "H": 320,
          "LE": 48,
          "G": 118,
          "QF": 40
        }
      },
      "geometry": {
        "type": "Polygon",
        "coordinates": [
          [
            [
              77.225,
              28.633625
            ],
            [
              77.22625,
              28.633625
            ],
            [
              77.22625,
              28.634688
            ],
            [
              77.225,
              28.634688
            ],
            [
              77.225,
              28.633625
            ]
          ]
        ]
      }
    },
    {
      "type": "Feature",
      "properties": {
        "cell_id": "CELL_10_13",
        "row": 10,
        "col": 13,
        "ward_name": "Barakhamba Road High-Rise Corridor",
        "bounds": [
          77.22625,
          28.633625,
          77.2275,
          28.634688
        ],
        "center": [
          77.226875,
          28.634156
        ],
        "lst_current": 45.6,
        "ta_current": 41.9,
        "lst_after": 42.0,
        "ta_after": 39.6,
        "cooling_potential": 3.6,
        "population": 3353,
        "vulnerability_score": 0.75,
        "canopy_pct": 8,
        "drivers": {
          "ndvi": 0.12,
          "albedo": 0.14,
          "building_density": 0.65,
          "sky_view_factor": 0.39,
          "imperviousness": 0.81,
          "traffic_density": 0.5
        },
        "energy_balance": {
          "H": 326,
          "LE": 46,
          "G": 119,
          "QF": 45
        }
      },
      "geometry": {
        "type": "Polygon",
        "coordinates": [
          [
            [
              77.22625,
              28.633625
            ],
            [
              77.2275,
              28.633625
            ],
            [
              77.2275,
              28.634688
            ],
            [
              77.22625,
              28.634688
            ],
            [
              77.22625,
              28.633625
            ]
          ]
        ]
      }
    },
    {
      "type": "Feature",
      "properties": {
        "cell_id": "CELL_10_14",
        "row": 10,
        "col": 14,
        "ward_name": "Barakhamba Road High-Rise Corridor",
        "bounds": [
          77.2275,
          28.633625,
          77.22875,
          28.634688
        ],
        "center": [
          77.228125,
          28.634156
        ],
        "lst_current": 43.7,
        "ta_current": 40.3,
        "lst_after": 40.9,
        "ta_after": 38.5,
        "cooling_potential": 2.8,
        "population": 3060,
        "vulnerability_score": 0.6,
        "canopy_pct": 12,
        "drivers": {
          "ndvi": 0.18,
          "albedo": 0.16,
          "building_density": 0.58,
          "sky_view_factor": 0.42,
          "imperviousness": 0.78,
          "traffic_density": 0.6
        },
        "energy_balance": {
          "H": 299,
          "LE": 55,
          "G": 116,
          "QF": 50
        }
      },
      "geometry": {
        "type": "Polygon",
        "coordinates": [
          [
            [
              77.2275,
              28.633625
            ],
            [
              77.22875,
              28.633625
            ],
            [
              77.22875,
              28.634688
            ],
            [
              77.2275,
              28.634688
            ],
            [
              77.2275,
              28.633625
            ]
          ]
        ]
      }
    },
    {
      "type": "Feature",
      "properties": {
        "cell_id": "CELL_10_15",
        "row": 10,
        "col": 15,
        "ward_name": "Barakhamba Road High-Rise Corridor",
        "bounds": [
          77.22875,
          28.633625,
          77.23,
          28.634688
        ],
        "center": [
          77.229375,
          28.634156
        ],
        "lst_current": 43.9,
        "ta_current": 40.5,
        "lst_after": 41.0,
        "ta_after": 38.6,
        "cooling_potential": 2.9,
        "population": 3123,
        "vulnerability_score": 0.61,
        "canopy_pct": 11,
        "drivers": {
          "ndvi": 0.17,
          "albedo": 0.16,
          "building_density": 0.59,
          "sky_view_factor": 0.41,
          "imperviousness": 0.79,
          "traffic_density": 0.7
        },
        "energy_balance": {
          "H": 302,
          "LE": 53,
          "G": 116,
          "QF": 55
        }
      },
      "geometry": {
        "type": "Polygon",
        "coordinates": [
          [
            [
              77.22875,
              28.633625
            ],
            [
              77.23,
              28.633625
            ],
            [
              77.23,
              28.634688
            ],
            [
              77.22875,
              28.634688
            ],
            [
              77.22875,
              28.633625
            ]
          ]
        ]
      }
    },
    {
      "type": "Feature",
      "properties": {
        "cell_id": "CELL_11_00",
        "row": 11,
        "col": 0,
        "ward_name": "Gole Market & Baba Kharak Singh Marg",
        "bounds": [
          77.21,
          28.634688,
          77.21125,
          28.63575
        ],
        "center": [
          77.210625,
          28.635219
        ],
        "lst_current": 44.1,
        "ta_current": 40.7,
        "lst_after": 41.1,
        "ta_after": 38.8,
        "cooling_potential": 3.0,
        "population": 3175,
        "vulnerability_score": 0.63,
        "canopy_pct": 11,
        "drivers": {
          "ndvi": 0.17,
          "albedo": 0.16,
          "building_density": 0.59,
          "sky_view_factor": 0.41,
          "imperviousness": 0.79,
          "traffic_density": 0.5
        },
        "energy_balance": {
          "H": 305,
          "LE": 53,
          "G": 116,
          "QF": 45
        }
      },
      "geometry": {
        "type": "Polygon",
        "coordinates": [
          [
            [
              77.21,
              28.634688
            ],
            [
              77.21125,
              28.634688
            ],
            [
              77.21125,
              28.63575
            ],
            [
              77.21,
              28.63575
            ],
            [
              77.21,
              28.634688
            ]
          ]
        ]
      }
    },
    {
      "type": "Feature",
      "properties": {
        "cell_id": "CELL_11_01",
        "row": 11,
        "col": 1,
        "ward_name": "Gole Market & Baba Kharak Singh Marg",
        "bounds": [
          77.21125,
          28.634688,
          77.2125,
          28.63575
        ],
        "center": [
          77.211875,
          28.635219
        ],
        "lst_current": 42.9,
        "ta_current": 39.7,
        "lst_after": 40.4,
        "ta_after": 38.1,
        "cooling_potential": 2.5,
        "population": 2978,
        "vulnerability_score": 0.53,
        "canopy_pct": 14,
        "drivers": {
          "ndvi": 0.2,
          "albedo": 0.17,
          "building_density": 0.55,
          "sky_view_factor": 0.43,
          "imperviousness": 0.77,
          "traffic_density": 0.6
        },
        "energy_balance": {
          "H": 288,
          "LE": 58,
          "G": 114,
          "QF": 50
        }
      },
      "geometry": {
        "type": "Polygon",
        "coordinates": [
          [
            [
              77.21125,
              28.634688
            ],
            [
              77.2125,
              28.634688
            ],
            [
              77.2125,
              28.63575
            ],
            [
              77.21125,
              28.63575
            ],
            [
              77.21125,
              28.634688
            ]
          ]
        ]
      }
    },
    {
      "type": "Feature",
      "properties": {
        "cell_id": "CELL_11_02",
        "row": 11,
        "col": 2,
        "ward_name": "Gole Market & Baba Kharak Singh Marg",
        "bounds": [
          77.2125,
          28.634688,
          77.21375,
          28.63575
        ],
        "center": [
          77.213125,
          28.635219
        ],
        "lst_current": 43.9,
        "ta_current": 40.5,
        "lst_after": 41.0,
        "ta_after": 38.6,
        "cooling_potential": 2.9,
        "population": 3137,
        "vulnerability_score": 0.61,
        "canopy_pct": 11,
        "drivers": {
          "ndvi": 0.17,
          "albedo": 0.16,
          "building_density": 0.59,
          "sky_view_factor": 0.41,
          "imperviousness": 0.79,
          "traffic_density": 0.7
        },
        "energy_balance": {
          "H": 302,
          "LE": 53,
          "G": 116,
          "QF": 55
        }
      },
      "geometry": {
        "type": "Polygon",
        "coordinates": [
          [
            [
              77.2125,
              28.634688
            ],
            [
              77.21375,
              28.634688
            ],
            [
              77.21375,
              28.63575
            ],
            [
              77.2125,
              28.63575
            ],
            [
              77.2125,
              28.634688
            ]
          ]
        ]
      }
    },
    {
      "type": "Feature",
      "properties": {
        "cell_id": "CELL_11_03",
        "row": 11,
        "col": 3,
        "ward_name": "Gole Market & Baba Kharak Singh Marg",
        "bounds": [
          77.21375,
          28.634688,
          77.215,
          28.63575
        ],
        "center": [
          77.214375,
          28.635219
        ],
        "lst_current": 44.9,
        "ta_current": 41.3,
        "lst_after": 41.6,
        "ta_after": 39.2,
        "cooling_potential": 3.3,
        "population": 3296,
        "vulnerability_score": 0.69,
        "canopy_pct": 9,
        "drivers": {
          "ndvi": 0.14,
          "albedo": 0.15,
          "building_density": 0.63,
          "sky_view_factor": 0.4,
          "imperviousness": 0.8,
          "traffic_density": 0.8
        },
        "energy_balance": {
          "H": 316,
          "LE": 49,
          "G": 118,
          "QF": 60
        }
      },
      "geometry": {
        "type": "Polygon",
        "coordinates": [
          [
            [
              77.21375,
              28.634688
            ],
            [
              77.215,
              28.634688
            ],
            [
              77.215,
              28.63575
            ],
            [
              77.21375,
              28.63575
            ],
            [
              77.21375,
              28.634688
            ]
          ]
        ]
      }
    },
    {
      "type": "Feature",
      "properties": {
        "cell_id": "CELL_11_04",
        "row": 11,
        "col": 4,
        "ward_name": "Gole Market & Baba Kharak Singh Marg",
        "bounds": [
          77.215,
          28.634688,
          77.21625,
          28.63575
        ],
        "center": [
          77.215625,
          28.635219
        ],
        "lst_current": 43.7,
        "ta_current": 40.3,
        "lst_after": 40.9,
        "ta_after": 38.5,
        "cooling_potential": 2.8,
        "population": 3067,
        "vulnerability_score": 0.6,
        "canopy_pct": 12,
        "drivers": {
          "ndvi": 0.18,
          "albedo": 0.16,
          "building_density": 0.58,
          "sky_view_factor": 0.42,
          "imperviousness": 0.78,
          "traffic_density": 0.5
        },
        "energy_balance": {
          "H": 299,
          "LE": 55,
          "G": 116,
          "QF": 45
        }
      },
      "geometry": {
        "type": "Polygon",
        "coordinates": [
          [
            [
              77.215,
              28.634688
            ],
            [
              77.21625,
              28.634688
            ],
            [
              77.21625,
              28.63575
            ],
            [
              77.215,
              28.63575
            ],
            [
              77.215,
              28.634688
            ]
          ]
        ]
      }
    },
    {
      "type": "Feature",
      "properties": {
        "cell_id": "CELL_11_05",
        "row": 11,
        "col": 5,
        "ward_name": "Gole Market & Baba Kharak Singh Marg",
        "bounds": [
          77.21625,
          28.634688,
          77.2175,
          28.63575
        ],
        "center": [
          77.216875,
          28.635219
        ],
        "lst_current": 44.6,
        "ta_current": 41.1,
        "lst_after": 41.4,
        "ta_after": 39.0,
        "cooling_potential": 3.2,
        "population": 3194,
        "vulnerability_score": 0.67,
        "canopy_pct": 10,
        "drivers": {
          "ndvi": 0.15,
          "albedo": 0.15,
          "building_density": 0.61,
          "sky_view_factor": 0.41,
          "imperviousness": 0.79,
          "traffic_density": 0.6
        },
        "energy_balance": {
          "H": 312,
          "LE": 51,
          "G": 117,
          "QF": 50
        }
      },
      "geometry": {
        "type": "Polygon",
        "coordinates": [
          [
            [
              77.21625,
              28.634688
            ],
            [
              77.2175,
              28.634688
            ],
            [
              77.2175,
              28.63575
            ],
            [
              77.21625,
              28.63575
            ],
            [
              77.21625,
              28.634688
            ]
          ]
        ]
      }
    },
    {
      "type": "Feature",
      "properties": {
        "cell_id": "CELL_11_06",
        "row": 11,
        "col": 6,
        "ward_name": "Kasturba Gandhi Marg District",
        "bounds": [
          77.2175,
          28.634688,
          77.21875,
          28.63575
        ],
        "center": [
          77.218125,
          28.635219
        ],
        "lst_current": 45.6,
        "ta_current": 41.9,
        "lst_after": 42.0,
        "ta_after": 39.6,
        "cooling_potential": 3.6,
        "population": 3353,
        "vulnerability_score": 0.75,
        "canopy_pct": 8,
        "drivers": {
          "ndvi": 0.12,
          "albedo": 0.14,
          "building_density": 0.65,
          "sky_view_factor": 0.39,
          "imperviousness": 0.81,
          "traffic_density": 0.7
        },
        "energy_balance": {
          "H": 326,
          "LE": 46,
          "G": 119,
          "QF": 55
        }
      },
      "geometry": {
        "type": "Polygon",
        "coordinates": [
          [
            [
              77.2175,
              28.634688
            ],
            [
              77.21875,
              28.634688
            ],
            [
              77.21875,
              28.63575
            ],
            [
              77.2175,
              28.63575
            ],
            [
              77.2175,
              28.634688
            ]
          ]
        ]
      }
    },
    {
      "type": "Feature",
      "properties": {
        "cell_id": "CELL_11_07",
        "row": 11,
        "col": 7,
        "ward_name": "Kasturba Gandhi Marg District",
        "bounds": [
          77.21875,
          28.634688,
          77.22,
          28.63575
        ],
        "center": [
          77.219375,
          28.635219
        ],
        "lst_current": 44.2,
        "ta_current": 40.7,
        "lst_after": 41.2,
        "ta_after": 38.8,
        "cooling_potential": 3.0,
        "population": 3124,
        "vulnerability_score": 0.64,
        "canopy_pct": 11,
        "drivers": {
          "ndvi": 0.16,
          "albedo": 0.16,
          "building_density": 0.6,
          "sky_view_factor": 0.41,
          "imperviousness": 0.79,
          "traffic_density": 0.8
        },
        "energy_balance": {
          "H": 306,
          "LE": 52,
          "G": 117,
          "QF": 60
        }
      },
      "geometry": {
        "type": "Polygon",
        "coordinates": [
          [
            [
              77.21875,
              28.634688
            ],
            [
              77.22,
              28.634688
            ],
            [
              77.22,
              28.63575
            ],
            [
              77.21875,
              28.63575
            ],
            [
              77.21875,
              28.634688
            ]
          ]
        ]
      }
    },
    {
      "type": "Feature",
      "properties": {
        "cell_id": "CELL_11_08",
        "row": 11,
        "col": 8,
        "ward_name": "Kasturba Gandhi Marg District",
        "bounds": [
          77.22,
          28.634688,
          77.22125,
          28.63575
        ],
        "center": [
          77.220625,
          28.635219
        ],
        "lst_current": 45.0,
        "ta_current": 41.4,
        "lst_after": 41.7,
        "ta_after": 39.3,
        "cooling_potential": 3.3,
        "population": 3251,
        "vulnerability_score": 0.7,
        "canopy_pct": 9,
        "drivers": {
          "ndvi": 0.14,
          "albedo": 0.15,
          "building_density": 0.63,
          "sky_view_factor": 0.4,
          "imperviousness": 0.8,
          "traffic_density": 0.5
        },
        "energy_balance": {
          "H": 318,
          "LE": 49,
          "G": 118,
          "QF": 45
        }
      },
      "geometry": {
        "type": "Polygon",
        "coordinates": [
          [
            [
              77.22,
              28.634688
            ],
            [
              77.22125,
              28.634688
            ],
            [
              77.22125,
              28.63575
            ],
            [
              77.22,
              28.63575
            ],
            [
              77.22,
              28.634688
            ]
          ]
        ]
      }
    },
    {
      "type": "Feature",
      "properties": {
        "cell_id": "CELL_11_09",
        "row": 11,
        "col": 9,
        "ward_name": "Kasturba Gandhi Marg District",
        "bounds": [
          77.22125,
          28.634688,
          77.2225,
          28.63575
        ],
        "center": [
          77.221875,
          28.635219
        ],
        "lst_current": 45.7,
        "ta_current": 42.0,
        "lst_after": 42.1,
        "ta_after": 39.7,
        "cooling_potential": 3.6,
        "population": 3378,
        "vulnerability_score": 0.76,
        "canopy_pct": 8,
        "drivers": {
          "ndvi": 0.12,
          "albedo": 0.14,
          "building_density": 0.66,
          "sky_view_factor": 0.39,
          "imperviousness": 0.81,
          "traffic_density": 0.6
        },
        "energy_balance": {
          "H": 327,
          "LE": 46,
          "G": 119,
          "QF": 50
        }
      },
      "geometry": {
        "type": "Polygon",
        "coordinates": [
          [
            [
              77.22125,
              28.634688
            ],
            [
              77.2225,
              28.634688
            ],
            [
              77.2225,
              28.63575
            ],
            [
              77.22125,
              28.63575
            ],
            [
              77.22125,
              28.634688
            ]
          ]
        ]
      }
    },
    {
      "type": "Feature",
      "properties": {
        "cell_id": "CELL_11_10",
        "row": 11,
        "col": 10,
        "ward_name": "Barakhamba Road High-Rise Corridor",
        "bounds": [
          77.2225,
          28.634688,
          77.22375,
          28.63575
        ],
        "center": [
          77.223125,
          28.635219
        ],
        "lst_current": 46.4,
        "ta_current": 42.5,
        "lst_after": 42.5,
        "ta_after": 40.0,
        "cooling_potential": 3.9,
        "population": 3505,
        "vulnerability_score": 0.81,
        "canopy_pct": 7,
        "drivers": {
          "ndvi": 0.1,
          "albedo": 0.14,
          "building_density": 0.69,
          "sky_view_factor": 0.37,
          "imperviousness": 0.83,
          "traffic_density": 0.7
        },
        "energy_balance": {
          "H": 337,
          "LE": 44,
          "G": 121,
          "QF": 55
        }
      },
      "geometry": {
        "type": "Polygon",
        "coordinates": [
          [
            [
              77.2225,
              28.634688
            ],
            [
              77.22375,
              28.634688
            ],
            [
              77.22375,
              28.63575
            ],
            [
              77.2225,
              28.63575
            ],
            [
              77.2225,
              28.634688
            ]
          ]
        ]
      }
    },
    {
      "type": "Feature",
      "properties": {
        "cell_id": "CELL_11_11",
        "row": 11,
        "col": 11,
        "ward_name": "Barakhamba Road High-Rise Corridor",
        "bounds": [
          77.22375,
          28.634688,
          77.225,
          28.63575
        ],
        "center": [
          77.224375,
          28.635219
        ],
        "lst_current": 44.7,
        "ta_current": 41.2,
        "lst_after": 41.5,
        "ta_after": 39.1,
        "cooling_potential": 3.2,
        "population": 3212,
        "vulnerability_score": 0.68,
        "canopy_pct": 10,
        "drivers": {
          "ndvi": 0.15,
          "albedo": 0.15,
          "building_density": 0.62,
          "sky_view_factor": 0.4,
          "imperviousness": 0.8,
          "traffic_density": 0.8
        },
        "energy_balance": {
          "H": 313,
          "LE": 51,
          "G": 117,
          "QF": 60
        }
      },
      "geometry": {
        "type": "Polygon",
        "coordinates": [
          [
            [
              77.22375,
              28.634688
            ],
            [
              77.225,
              28.634688
            ],
            [
              77.225,
              28.63575
            ],
            [
              77.22375,
              28.63575
            ],
            [
              77.22375,
              28.634688
            ]
          ]
        ]
      }
    },
    {
      "type": "Feature",
      "properties": {
        "cell_id": "CELL_11_12",
        "row": 11,
        "col": 12,
        "ward_name": "Barakhamba Road High-Rise Corridor",
        "bounds": [
          77.225,
          28.634688,
          77.22625,
          28.63575
        ],
        "center": [
          77.225625,
          28.635219
        ],
        "lst_current": 45.2,
        "ta_current": 41.6,
        "lst_after": 41.8,
        "ta_after": 39.4,
        "cooling_potential": 3.4,
        "population": 3307,
        "vulnerability_score": 0.72,
        "canopy_pct": 9,
        "drivers": {
          "ndvi": 0.13,
          "albedo": 0.15,
          "building_density": 0.64,
          "sky_view_factor": 0.39,
          "imperviousness": 0.81,
          "traffic_density": 0.5
        },
        "energy_balance": {
          "H": 320,
          "LE": 48,
          "G": 118,
          "QF": 45
        }
      },
      "geometry": {
        "type": "Polygon",
        "coordinates": [
          [
            [
              77.225,
              28.634688
            ],
            [
              77.22625,
              28.634688
            ],
            [
              77.22625,
              28.63575
            ],
            [
              77.225,
              28.63575
            ],
            [
              77.225,
              28.634688
            ]
          ]
        ]
      }
    },
    {
      "type": "Feature",
      "properties": {
        "cell_id": "CELL_11_13",
        "row": 11,
        "col": 13,
        "ward_name": "Barakhamba Road High-Rise Corridor",
        "bounds": [
          77.22625,
          28.634688,
          77.2275,
          28.63575
        ],
        "center": [
          77.226875,
          28.635219
        ],
        "lst_current": 45.6,
        "ta_current": 41.9,
        "lst_after": 42.0,
        "ta_after": 39.6,
        "cooling_potential": 3.6,
        "population": 3370,
        "vulnerability_score": 0.75,
        "canopy_pct": 8,
        "drivers": {
          "ndvi": 0.12,
          "albedo": 0.14,
          "building_density": 0.65,
          "sky_view_factor": 0.39,
          "imperviousness": 0.81,
          "traffic_density": 0.6
        },
        "energy_balance": {
          "H": 326,
          "LE": 46,
          "G": 119,
          "QF": 50
        }
      },
      "geometry": {
        "type": "Polygon",
        "coordinates": [
          [
            [
              77.22625,
              28.634688
            ],
            [
              77.2275,
              28.634688
            ],
            [
              77.2275,
              28.63575
            ],
            [
              77.22625,
              28.63575
            ],
            [
              77.22625,
              28.634688
            ]
          ]
        ]
      }
    },
    {
      "type": "Feature",
      "properties": {
        "cell_id": "CELL_11_14",
        "row": 11,
        "col": 14,
        "ward_name": "Barakhamba Road High-Rise Corridor",
        "bounds": [
          77.2275,
          28.634688,
          77.22875,
          28.63575
        ],
        "center": [
          77.228125,
          28.635219
        ],
        "lst_current": 43.8,
        "ta_current": 40.4,
        "lst_after": 41.0,
        "ta_after": 38.6,
        "cooling_potential": 2.8,
        "population": 3077,
        "vulnerability_score": 0.6,
        "canopy_pct": 12,
        "drivers": {
          "ndvi": 0.18,
          "albedo": 0.16,
          "building_density": 0.58,
          "sky_view_factor": 0.42,
          "imperviousness": 0.78,
          "traffic_density": 0.7
        },
        "energy_balance": {
          "H": 301,
          "LE": 55,
          "G": 116,
          "QF": 55
        }
      },
      "geometry": {
        "type": "Polygon",
        "coordinates": [
          [
            [
              77.2275,
              28.634688
            ],
            [
              77.22875,
              28.634688
            ],
            [
              77.22875,
              28.63575
            ],
            [
              77.2275,
              28.63575
            ],
            [
              77.2275,
              28.634688
            ]
          ]
        ]
      }
    },
    {
      "type": "Feature",
      "properties": {
        "cell_id": "CELL_11_15",
        "row": 11,
        "col": 15,
        "ward_name": "Barakhamba Road High-Rise Corridor",
        "bounds": [
          77.22875,
          28.634688,
          77.23,
          28.63575
        ],
        "center": [
          77.229375,
          28.635219
        ],
        "lst_current": 44.1,
        "ta_current": 40.7,
        "lst_after": 41.1,
        "ta_after": 38.8,
        "cooling_potential": 3.0,
        "population": 3140,
        "vulnerability_score": 0.63,
        "canopy_pct": 11,
        "drivers": {
          "ndvi": 0.17,
          "albedo": 0.16,
          "building_density": 0.59,
          "sky_view_factor": 0.41,
          "imperviousness": 0.79,
          "traffic_density": 0.8
        },
        "energy_balance": {
          "H": 305,
          "LE": 53,
          "G": 116,
          "QF": 60
        }
      },
      "geometry": {
        "type": "Polygon",
        "coordinates": [
          [
            [
              77.22875,
              28.634688
            ],
            [
              77.23,
              28.634688
            ],
            [
              77.23,
              28.63575
            ],
            [
              77.22875,
              28.63575
            ],
            [
              77.22875,
              28.634688
            ]
          ]
        ]
      }
    },
    {
      "type": "Feature",
      "properties": {
        "cell_id": "CELL_12_00",
        "row": 12,
        "col": 0,
        "ward_name": "Gole Market & Baba Kharak Singh Marg",
        "bounds": [
          77.21,
          28.63575,
          77.21125,
          28.636813
        ],
        "center": [
          77.210625,
          28.636281
        ],
        "lst_current": 42.1,
        "ta_current": 39.0,
        "lst_after": 39.9,
        "ta_after": 37.6,
        "cooling_potential": 2.2,
        "population": 2836,
        "vulnerability_score": 0.47,
        "canopy_pct": 16,
        "drivers": {
          "ndvi": 0.23,
          "albedo": 0.18,
          "building_density": 0.51,
          "sky_view_factor": 0.45,
          "imperviousness": 0.75,
          "traffic_density": 0.3
        },
        "energy_balance": {
          "H": 277,
          "LE": 62,
          "G": 112,
          "QF": 35
        }
      },
      "geometry": {
        "type": "Polygon",
        "coordinates": [
          [
            [
              77.21,
              28.63575
            ],
            [
              77.21125,
              28.63575
            ],
            [
              77.21125,
              28.636813
            ],
            [
              77.21,
              28.636813
            ],
            [
              77.21,
              28.63575
            ]
          ]
        ]
      }
    },
    {
      "type": "Feature",
      "properties": {
        "cell_id": "CELL_12_01",
        "row": 12,
        "col": 1,
        "ward_name": "Gole Market & Baba Kharak Singh Marg",
        "bounds": [
          77.21125,
          28.63575,
          77.2125,
          28.636813
        ],
        "center": [
          77.211875,
          28.636281
        ],
        "lst_current": 43.1,
        "ta_current": 39.8,
        "lst_after": 40.5,
        "ta_after": 38.1,
        "cooling_potential": 2.6,
        "population": 2995,
        "vulnerability_score": 0.55,
        "canopy_pct": 14,
        "drivers": {
          "ndvi": 0.2,
          "albedo": 0.17,
          "building_density": 0.55,
          "sky_view_factor": 0.43,
          "imperviousness": 0.77,
          "traffic_density": 0.4
        },
        "energy_balance": {
          "H": 291,
          "LE": 58,
          "G": 114,
          "QF": 40
        }
      },
      "geometry": {
        "type": "Polygon",
        "coordinates": [
          [
            [
              77.21125,
              28.63575
            ],
            [
              77.2125,
              28.63575
            ],
            [
              77.2125,
              28.636813
            ],
            [
              77.21125,
              28.636813
            ],
            [
              77.21125,
              28.63575
            ]
          ]
        ]
      }
    },
    {
      "type": "Feature",
      "properties": {
        "cell_id": "CELL_12_02",
        "row": 12,
        "col": 2,
        "ward_name": "Gole Market & Baba Kharak Singh Marg",
        "bounds": [
          77.2125,
          28.63575,
          77.21375,
          28.636813
        ],
        "center": [
          77.213125,
          28.636281
        ],
        "lst_current": 44.1,
        "ta_current": 40.7,
        "lst_after": 41.1,
        "ta_after": 38.8,
        "cooling_potential": 3.0,
        "population": 3154,
        "vulnerability_score": 0.63,
        "canopy_pct": 11,
        "drivers": {
          "ndvi": 0.17,
          "albedo": 0.16,
          "building_density": 0.59,
          "sky_view_factor": 0.41,
          "imperviousness": 0.79,
          "traffic_density": 0.5
        },
        "energy_balance": {
          "H": 305,
          "LE": 53,
          "G": 116,
          "QF": 45
        }
      },
      "geometry": {
        "type": "Polygon",
        "coordinates": [
          [
            [
              77.2125,
              28.63575
            ],
            [
              77.21375,
              28.63575
            ],
            [
              77.21375,
              28.636813
            ],
            [
              77.2125,
              28.636813
            ],
            [
              77.2125,
              28.63575
            ]
          ]
        ]
      }
    },
    {
      "type": "Feature",
      "properties": {
        "cell_id": "CELL_12_03",
        "row": 12,
        "col": 3,
        "ward_name": "Gole Market & Baba Kharak Singh Marg",
        "bounds": [
          77.21375,
          28.63575,
          77.215,
          28.636813
        ],
        "center": [
          77.214375,
          28.636281
        ],
        "lst_current": 45.0,
        "ta_current": 41.4,
        "lst_after": 41.7,
        "ta_after": 39.3,
        "cooling_potential": 3.3,
        "population": 3313,
        "vulnerability_score": 0.7,
        "canopy_pct": 9,
        "drivers": {
          "ndvi": 0.14,
          "albedo": 0.15,
          "building_density": 0.63,
          "sky_view_factor": 0.4,
          "imperviousness": 0.8,
          "traffic_density": 0.6
        },
        "energy_balance": {
          "H": 318,
          "LE": 49,
          "G": 118,
          "QF": 50
        }
      },
      "geometry": {
        "type": "Polygon",
        "coordinates": [
          [
            [
              77.21375,
              28.63575
            ],
            [
              77.215,
              28.63575
            ],
            [
              77.215,
              28.636813
            ],
            [
              77.21375,
              28.636813
            ],
            [
              77.21375,
              28.63575
            ]
          ]
        ]
      }
    },
    {
      "type": "Feature",
      "properties": {
        "cell_id": "CELL_12_04",
        "row": 12,
        "col": 4,
        "ward_name": "Gole Market & Baba Kharak Singh Marg",
        "bounds": [
          77.215,
          28.63575,
          77.21625,
          28.636813
        ],
        "center": [
          77.215625,
          28.636281
        ],
        "lst_current": 43.8,
        "ta_current": 40.4,
        "lst_after": 41.0,
        "ta_after": 38.6,
        "cooling_potential": 2.8,
        "population": 3084,
        "vulnerability_score": 0.6,
        "canopy_pct": 12,
        "drivers": {
          "ndvi": 0.18,
          "albedo": 0.16,
          "building_density": 0.58,
          "sky_view_factor": 0.42,
          "imperviousness": 0.78,
          "traffic_density": 0.3
        },
        "energy_balance": {
          "H": 301,
          "LE": 55,
          "G": 116,
          "QF": 35
        }
      },
      "geometry": {
        "type": "Polygon",
        "coordinates": [
          [
            [
              77.215,
              28.63575
            ],
            [
              77.21625,
              28.63575
            ],
            [
              77.21625,
              28.636813
            ],
            [
              77.215,
              28.636813
            ],
            [
              77.215,
              28.63575
            ]
          ]
        ]
      }
    },
    {
      "type": "Feature",
      "properties": {
        "cell_id": "CELL_12_05",
        "row": 12,
        "col": 5,
        "ward_name": "Gole Market & Baba Kharak Singh Marg",
        "bounds": [
          77.21625,
          28.63575,
          77.2175,
          28.636813
        ],
        "center": [
          77.216875,
          28.636281
        ],
        "lst_current": 44.7,
        "ta_current": 41.2,
        "lst_after": 41.5,
        "ta_after": 39.1,
        "cooling_potential": 3.2,
        "population": 3243,
        "vulnerability_score": 0.68,
        "canopy_pct": 10,
        "drivers": {
          "ndvi": 0.15,
          "albedo": 0.15,
          "building_density": 0.62,
          "sky_view_factor": 0.4,
          "imperviousness": 0.8,
          "traffic_density": 0.4
        },
        "energy_balance": {
          "H": 313,
          "LE": 51,
          "G": 117,
          "QF": 40
        }
      },
      "geometry": {
        "type": "Polygon",
        "coordinates": [
          [
            [
              77.21625,
              28.63575
            ],
            [
              77.2175,
              28.63575
            ],
            [
              77.2175,
              28.636813
            ],
            [
              77.21625,
              28.636813
            ],
            [
              77.21625,
              28.63575
            ]
          ]
        ]
      }
    },
    {
      "type": "Feature",
      "properties": {
        "cell_id": "CELL_12_06",
        "row": 12,
        "col": 6,
        "ward_name": "Kasturba Gandhi Marg District",
        "bounds": [
          77.2175,
          28.63575,
          77.21875,
          28.636813
        ],
        "center": [
          77.218125,
          28.636281
        ],
        "lst_current": 45.6,
        "ta_current": 41.9,
        "lst_after": 42.0,
        "ta_after": 39.6,
        "cooling_potential": 3.6,
        "population": 3370,
        "vulnerability_score": 0.75,
        "canopy_pct": 8,
        "drivers": {
          "ndvi": 0.12,
          "albedo": 0.14,
          "building_density": 0.65,
          "sky_view_factor": 0.39,
          "imperviousness": 0.81,
          "traffic_density": 0.5
        },
        "energy_balance": {
          "H": 326,
          "LE": 46,
          "G": 119,
          "QF": 45
        }
      },
      "geometry": {
        "type": "Polygon",
        "coordinates": [
          [
            [
              77.2175,
              28.63575
            ],
            [
              77.21875,
              28.63575
            ],
            [
              77.21875,
              28.636813
            ],
            [
              77.2175,
              28.636813
            ],
            [
              77.2175,
              28.63575
            ]
          ]
        ]
      }
    },
    {
      "type": "Feature",
      "properties": {
        "cell_id": "CELL_12_07",
        "row": 12,
        "col": 7,
        "ward_name": "Kasturba Gandhi Marg District",
        "bounds": [
          77.21875,
          28.63575,
          77.22,
          28.636813
        ],
        "center": [
          77.219375,
          28.636281
        ],
        "lst_current": 44.2,
        "ta_current": 40.7,
        "lst_after": 41.2,
        "ta_after": 38.8,
        "cooling_potential": 3.0,
        "population": 3141,
        "vulnerability_score": 0.64,
        "canopy_pct": 11,
        "drivers": {
          "ndvi": 0.16,
          "albedo": 0.16,
          "building_density": 0.6,
          "sky_view_factor": 0.41,
          "imperviousness": 0.79,
          "traffic_density": 0.6
        },
        "energy_balance": {
          "H": 306,
          "LE": 52,
          "G": 117,
          "QF": 50
        }
      },
      "geometry": {
        "type": "Polygon",
        "coordinates": [
          [
            [
              77.21875,
              28.63575
            ],
            [
              77.22,
              28.63575
            ],
            [
              77.22,
              28.636813
            ],
            [
              77.21875,
              28.636813
            ],
            [
              77.21875,
              28.63575
            ]
          ]
        ]
      }
    },
    {
      "type": "Feature",
      "properties": {
        "cell_id": "CELL_12_08",
        "row": 12,
        "col": 8,
        "ward_name": "Kasturba Gandhi Marg District",
        "bounds": [
          77.22,
          28.63575,
          77.22125,
          28.636813
        ],
        "center": [
          77.220625,
          28.636281
        ],
        "lst_current": 45.0,
        "ta_current": 41.4,
        "lst_after": 41.7,
        "ta_after": 39.3,
        "cooling_potential": 3.3,
        "population": 3268,
        "vulnerability_score": 0.7,
        "canopy_pct": 9,
        "drivers": {
          "ndvi": 0.14,
          "albedo": 0.15,
          "building_density": 0.63,
          "sky_view_factor": 0.4,
          "imperviousness": 0.8,
          "traffic_density": 0.3
        },
        "energy_balance": {
          "H": 318,
          "LE": 49,
          "G": 118,
          "QF": 35
        }
      },
      "geometry": {
        "type": "Polygon",
        "coordinates": [
          [
            [
              77.22,
              28.63575
            ],
            [
              77.22125,
              28.63575
            ],
            [
              77.22125,
              28.636813
            ],
            [
              77.22,
              28.636813
            ],
            [
              77.22,
              28.63575
            ]
          ]
        ]
      }
    },
    {
      "type": "Feature",
      "properties": {
        "cell_id": "CELL_12_09",
        "row": 12,
        "col": 9,
        "ward_name": "Kasturba Gandhi Marg District",
        "bounds": [
          77.22125,
          28.63575,
          77.2225,
          28.636813
        ],
        "center": [
          77.221875,
          28.636281
        ],
        "lst_current": 45.7,
        "ta_current": 42.0,
        "lst_after": 42.1,
        "ta_after": 39.7,
        "cooling_potential": 3.6,
        "population": 3395,
        "vulnerability_score": 0.76,
        "canopy_pct": 8,
        "drivers": {
          "ndvi": 0.12,
          "albedo": 0.14,
          "building_density": 0.66,
          "sky_view_factor": 0.39,
          "imperviousness": 0.81,
          "traffic_density": 0.4
        },
        "energy_balance": {
          "H": 327,
          "LE": 46,
          "G": 119,
          "QF": 40
        }
      },
      "geometry": {
        "type": "Polygon",
        "coordinates": [
          [
            [
              77.22125,
              28.63575
            ],
            [
              77.2225,
              28.63575
            ],
            [
              77.2225,
              28.636813
            ],
            [
              77.22125,
              28.636813
            ],
            [
              77.22125,
              28.63575
            ]
          ]
        ]
      }
    },
    {
      "type": "Feature",
      "properties": {
        "cell_id": "CELL_12_10",
        "row": 12,
        "col": 10,
        "ward_name": "Barakhamba Road High-Rise Corridor",
        "bounds": [
          77.2225,
          28.63575,
          77.22375,
          28.636813
        ],
        "center": [
          77.223125,
          28.636281
        ],
        "lst_current": 44.1,
        "ta_current": 40.7,
        "lst_after": 41.1,
        "ta_after": 38.8,
        "cooling_potential": 3.0,
        "population": 3102,
        "vulnerability_score": 0.63,
        "canopy_pct": 11,
        "drivers": {
          "ndvi": 0.17,
          "albedo": 0.16,
          "building_density": 0.59,
          "sky_view_factor": 0.41,
          "imperviousness": 0.79,
          "traffic_density": 0.5
        },
        "energy_balance": {
          "H": 305,
          "LE": 53,
          "G": 116,
          "QF": 45
        }
      },
      "geometry": {
        "type": "Polygon",
        "coordinates": [
          [
            [
              77.2225,
              28.63575
            ],
            [
              77.22375,
              28.63575
            ],
            [
              77.22375,
              28.636813
            ],
            [
              77.2225,
              28.636813
            ],
            [
              77.2225,
              28.63575
            ]
          ]
        ]
      }
    },
    {
      "type": "Feature",
      "properties": {
        "cell_id": "CELL_12_11",
        "row": 12,
        "col": 11,
        "ward_name": "Barakhamba Road High-Rise Corridor",
        "bounds": [
          77.22375,
          28.63575,
          77.225,
          28.636813
        ],
        "center": [
          77.224375,
          28.636281
        ],
        "lst_current": 44.7,
        "ta_current": 41.2,
        "lst_after": 41.5,
        "ta_after": 39.1,
        "cooling_potential": 3.2,
        "population": 3229,
        "vulnerability_score": 0.68,
        "canopy_pct": 10,
        "drivers": {
          "ndvi": 0.15,
          "albedo": 0.15,
          "building_density": 0.62,
          "sky_view_factor": 0.4,
          "imperviousness": 0.8,
          "traffic_density": 0.6
        },
        "energy_balance": {
          "H": 313,
          "LE": 51,
          "G": 117,
          "QF": 50
        }
      },
      "geometry": {
        "type": "Polygon",
        "coordinates": [
          [
            [
              77.22375,
              28.63575
            ],
            [
              77.225,
              28.63575
            ],
            [
              77.225,
              28.636813
            ],
            [
              77.22375,
              28.636813
            ],
            [
              77.22375,
              28.63575
            ]
          ]
        ]
      }
    },
    {
      "type": "Feature",
      "properties": {
        "cell_id": "CELL_12_12",
        "row": 12,
        "col": 12,
        "ward_name": "Barakhamba Road High-Rise Corridor",
        "bounds": [
          77.225,
          28.63575,
          77.22625,
          28.636813
        ],
        "center": [
          77.225625,
          28.636281
        ],
        "lst_current": 45.2,
        "ta_current": 41.6,
        "lst_after": 41.8,
        "ta_after": 39.4,
        "cooling_potential": 3.4,
        "population": 3324,
        "vulnerability_score": 0.72,
        "canopy_pct": 9,
        "drivers": {
          "ndvi": 0.13,
          "albedo": 0.15,
          "building_density": 0.64,
          "sky_view_factor": 0.39,
          "imperviousness": 0.81,
          "traffic_density": 0.3
        },
        "energy_balance": {
          "H": 320,
          "LE": 48,
          "G": 118,
          "QF": 35
        }
      },
      "geometry": {
        "type": "Polygon",
        "coordinates": [
          [
            [
              77.225,
              28.63575
            ],
            [
              77.22625,
              28.63575
            ],
            [
              77.22625,
              28.636813
            ],
            [
              77.225,
              28.636813
            ],
            [
              77.225,
              28.63575
            ]
          ]
        ]
      }
    },
    {
      "type": "Feature",
      "properties": {
        "cell_id": "CELL_12_13",
        "row": 12,
        "col": 13,
        "ward_name": "Barakhamba Road High-Rise Corridor",
        "bounds": [
          77.22625,
          28.63575,
          77.2275,
          28.636813
        ],
        "center": [
          77.226875,
          28.636281
        ],
        "lst_current": 43.4,
        "ta_current": 40.1,
        "lst_after": 40.7,
        "ta_after": 38.3,
        "cooling_potential": 2.7,
        "population": 3031,
        "vulnerability_score": 0.57,
        "canopy_pct": 13,
        "drivers": {
          "ndvi": 0.19,
          "albedo": 0.17,
          "building_density": 0.57,
          "sky_view_factor": 0.42,
          "imperviousness": 0.78,
          "traffic_density": 0.4
        },
        "energy_balance": {
          "H": 295,
          "LE": 56,
          "G": 115,
          "QF": 40
        }
      },
      "geometry": {
        "type": "Polygon",
        "coordinates": [
          [
            [
              77.22625,
              28.63575
            ],
            [
              77.2275,
              28.63575
            ],
            [
              77.2275,
              28.636813
            ],
            [
              77.22625,
              28.636813
            ],
            [
              77.22625,
              28.63575
            ]
          ]
        ]
      }
    },
    {
      "type": "Feature",
      "properties": {
        "cell_id": "CELL_12_14",
        "row": 12,
        "col": 14,
        "ward_name": "Barakhamba Road High-Rise Corridor",
        "bounds": [
          77.2275,
          28.63575,
          77.22875,
          28.636813
        ],
        "center": [
          77.228125,
          28.636281
        ],
        "lst_current": 43.8,
        "ta_current": 40.4,
        "lst_after": 41.0,
        "ta_after": 38.6,
        "cooling_potential": 2.8,
        "population": 3094,
        "vulnerability_score": 0.6,
        "canopy_pct": 12,
        "drivers": {
          "ndvi": 0.18,
          "albedo": 0.16,
          "building_density": 0.58,
          "sky_view_factor": 0.42,
          "imperviousness": 0.78,
          "traffic_density": 0.5
        },
        "energy_balance": {
          "H": 301,
          "LE": 55,
          "G": 116,
          "QF": 45
        }
      },
      "geometry": {
        "type": "Polygon",
        "coordinates": [
          [
            [
              77.2275,
              28.63575
            ],
            [
              77.22875,
              28.63575
            ],
            [
              77.22875,
              28.636813
            ],
            [
              77.2275,
              28.636813
            ],
            [
              77.2275,
              28.63575
            ]
          ]
        ]
      }
    },
    {
      "type": "Feature",
      "properties": {
        "cell_id": "CELL_12_15",
        "row": 12,
        "col": 15,
        "ward_name": "Barakhamba Road High-Rise Corridor",
        "bounds": [
          77.22875,
          28.63575,
          77.23,
          28.636813
        ],
        "center": [
          77.229375,
          28.636281
        ],
        "lst_current": 44.2,
        "ta_current": 40.7,
        "lst_after": 41.2,
        "ta_after": 38.8,
        "cooling_potential": 3.0,
        "population": 3189,
        "vulnerability_score": 0.64,
        "canopy_pct": 11,
        "drivers": {
          "ndvi": 0.16,
          "albedo": 0.16,
          "building_density": 0.6,
          "sky_view_factor": 0.41,
          "imperviousness": 0.79,
          "traffic_density": 0.6
        },
        "energy_balance": {
          "H": 306,
          "LE": 52,
          "G": 117,
          "QF": 50
        }
      },
      "geometry": {
        "type": "Polygon",
        "coordinates": [
          [
            [
              77.22875,
              28.63575
            ],
            [
              77.23,
              28.63575
            ],
            [
              77.23,
              28.636813
            ],
            [
              77.22875,
              28.636813
            ],
            [
              77.22875,
              28.63575
            ]
          ]
        ]
      }
    },
    {
      "type": "Feature",
      "properties": {
        "cell_id": "CELL_13_00",
        "row": 13,
        "col": 0,
        "ward_name": "Gole Market & Baba Kharak Singh Marg",
        "bounds": [
          77.21,
          28.636813,
          77.21125,
          28.637875
        ],
        "center": [
          77.210625,
          28.637344
        ],
        "lst_current": 42.3,
        "ta_current": 39.2,
        "lst_after": 40.1,
        "ta_after": 37.8,
        "cooling_potential": 2.2,
        "population": 2885,
        "vulnerability_score": 0.48,
        "canopy_pct": 15,
        "drivers": {
          "ndvi": 0.22,
          "albedo": 0.18,
          "building_density": 0.52,
          "sky_view_factor": 0.44,
          "imperviousness": 0.76,
          "traffic_density": 0.4
        },
        "energy_balance": {
          "H": 280,
          "LE": 60,
          "G": 113,
          "QF": 40
        }
      },
      "geometry": {
        "type": "Polygon",
        "coordinates": [
          [
            [
              77.21,
              28.636813
            ],
            [
              77.21125,
              28.636813
            ],
            [
              77.21125,
              28.637875
            ],
            [
              77.21,
              28.637875
            ],
            [
              77.21,
              28.636813
            ]
          ]
        ]
      }
    },
    {
      "type": "Feature",
      "properties": {
        "cell_id": "CELL_13_01",
        "row": 13,
        "col": 1,
        "ward_name": "Gole Market & Baba Kharak Singh Marg",
        "bounds": [
          77.21125,
          28.636813,
          77.2125,
          28.637875
        ],
        "center": [
          77.211875,
          28.637344
        ],
        "lst_current": 43.3,
        "ta_current": 40.0,
        "lst_after": 40.7,
        "ta_after": 38.3,
        "cooling_potential": 2.6,
        "population": 3044,
        "vulnerability_score": 0.56,
        "canopy_pct": 13,
        "drivers": {
          "ndvi": 0.19,
          "albedo": 0.17,
          "building_density": 0.56,
          "sky_view_factor": 0.43,
          "imperviousness": 0.77,
          "traffic_density": 0.5
        },
        "energy_balance": {
          "H": 294,
          "LE": 56,
          "G": 115,
          "QF": 45
        }
      },
      "geometry": {
        "type": "Polygon",
        "coordinates": [
          [
            [
              77.21125,
              28.636813
            ],
            [
              77.2125,
              28.636813
            ],
            [
              77.2125,
              28.637875
            ],
            [
              77.21125,
              28.637875
            ],
            [
              77.21125,
              28.636813
            ]
          ]
        ]
      }
    },
    {
      "type": "Feature",
      "properties": {
        "cell_id": "CELL_13_02",
        "row": 13,
        "col": 2,
        "ward_name": "Gole Market & Baba Kharak Singh Marg",
        "bounds": [
          77.2125,
          28.636813,
          77.21375,
          28.637875
        ],
        "center": [
          77.213125,
          28.637344
        ],
        "lst_current": 44.2,
        "ta_current": 40.7,
        "lst_after": 41.2,
        "ta_after": 38.8,
        "cooling_potential": 3.0,
        "population": 3203,
        "vulnerability_score": 0.64,
        "canopy_pct": 11,
        "drivers": {
          "ndvi": 0.16,
          "albedo": 0.16,
          "building_density": 0.6,
          "sky_view_factor": 0.41,
          "imperviousness": 0.79,
          "traffic_density": 0.6
        },
        "energy_balance": {
          "H": 306,
          "LE": 52,
          "G": 117,
          "QF": 50
        }
      },
      "geometry": {
        "type": "Polygon",
        "coordinates": [
          [
            [
              77.2125,
              28.636813
            ],
            [
              77.21375,
              28.636813
            ],
            [
              77.21375,
              28.637875
            ],
            [
              77.2125,
              28.637875
            ],
            [
              77.2125,
              28.636813
            ]
          ]
        ]
      }
    },
    {
      "type": "Feature",
      "properties": {
        "cell_id": "CELL_13_03",
        "row": 13,
        "col": 3,
        "ward_name": "Gole Market & Baba Kharak Singh Marg",
        "bounds": [
          77.21375,
          28.636813,
          77.215,
          28.637875
        ],
        "center": [
          77.214375,
          28.637344
        ],
        "lst_current": 43.0,
        "ta_current": 39.8,
        "lst_after": 40.5,
        "ta_after": 38.2,
        "cooling_potential": 2.5,
        "population": 2974,
        "vulnerability_score": 0.54,
        "canopy_pct": 14,
        "drivers": {
          "ndvi": 0.2,
          "albedo": 0.17,
          "building_density": 0.55,
          "sky_view_factor": 0.43,
          "imperviousness": 0.77,
          "traffic_density": 0.7
        },
        "energy_balance": {
          "H": 290,
          "LE": 58,
          "G": 114,
          "QF": 55
        }
      },
      "geometry": {
        "type": "Polygon",
        "coordinates": [
          [
            [
              77.21375,
              28.636813
            ],
            [
              77.215,
              28.636813
            ],
            [
              77.215,
              28.637875
            ],
            [
              77.21375,
              28.637875
            ],
            [
              77.21375,
              28.636813
            ]
          ]
        ]
      }
    },
    {
      "type": "Feature",
      "properties": {
        "cell_id": "CELL_13_04",
        "row": 13,
        "col": 4,
        "ward_name": "Gole Market & Baba Kharak Singh Marg",
        "bounds": [
          77.215,
          28.636813,
          77.21625,
          28.637875
        ],
        "center": [
          77.215625,
          28.637344
        ],
        "lst_current": 43.9,
        "ta_current": 40.5,
        "lst_after": 41.0,
        "ta_after": 38.6,
        "cooling_potential": 2.9,
        "population": 3133,
        "vulnerability_score": 0.61,
        "canopy_pct": 11,
        "drivers": {
          "ndvi": 0.17,
          "albedo": 0.16,
          "building_density": 0.59,
          "sky_view_factor": 0.41,
          "imperviousness": 0.79,
          "traffic_density": 0.4
        },
        "energy_balance": {
          "H": 302,
          "LE": 53,
          "G": 116,
          "QF": 40
        }
      },
      "geometry": {
        "type": "Polygon",
        "coordinates": [
          [
            [
              77.215,
              28.636813
            ],
            [
              77.21625,
              28.636813
            ],
            [
              77.21625,
              28.637875
            ],
            [
              77.215,
              28.637875
            ],
            [
              77.215,
              28.636813
            ]
          ]
        ]
      }
    },
    {
      "type": "Feature",
      "properties": {
        "cell_id": "CELL_13_05",
        "row": 13,
        "col": 5,
        "ward_name": "Gole Market & Baba Kharak Singh Marg",
        "bounds": [
          77.21625,
          28.636813,
          77.2175,
          28.637875
        ],
        "center": [
          77.216875,
          28.637344
        ],
        "lst_current": 44.8,
        "ta_current": 41.2,
        "lst_after": 41.5,
        "ta_after": 39.1,
        "cooling_potential": 3.3,
        "population": 3260,
        "vulnerability_score": 0.68,
        "canopy_pct": 10,
        "drivers": {
          "ndvi": 0.15,
          "albedo": 0.15,
          "building_density": 0.62,
          "sky_view_factor": 0.4,
          "imperviousness": 0.8,
          "traffic_density": 0.5
        },
        "energy_balance": {
          "H": 315,
          "LE": 51,
          "G": 117,
          "QF": 45
        }
      },
      "geometry": {
        "type": "Polygon",
        "coordinates": [
          [
            [
              77.21625,
              28.636813
            ],
            [
              77.2175,
              28.636813
            ],
            [
              77.2175,
              28.637875
            ],
            [
              77.21625,
              28.637875
            ],
            [
              77.21625,
              28.636813
            ]
          ]
        ]
      }
    },
    {
      "type": "Feature",
      "properties": {
        "cell_id": "CELL_13_06",
        "row": 13,
        "col": 6,
        "ward_name": "Kasturba Gandhi Marg District",
        "bounds": [
          77.2175,
          28.636813,
          77.21875,
          28.637875
        ],
        "center": [
          77.218125,
          28.637344
        ],
        "lst_current": 43.4,
        "ta_current": 40.1,
        "lst_after": 40.7,
        "ta_after": 38.3,
        "cooling_potential": 2.7,
        "population": 3031,
        "vulnerability_score": 0.57,
        "canopy_pct": 13,
        "drivers": {
          "ndvi": 0.19,
          "albedo": 0.17,
          "building_density": 0.57,
          "sky_view_factor": 0.42,
          "imperviousness": 0.78,
          "traffic_density": 0.6
        },
        "energy_balance": {
          "H": 295,
          "LE": 56,
          "G": 115,
          "QF": 50
        }
      },
      "geometry": {
        "type": "Polygon",
        "coordinates": [
          [
            [
              77.2175,
              28.636813
            ],
            [
              77.21875,
              28.636813
            ],
            [
              77.21875,
              28.637875
            ],
            [
              77.2175,
              28.637875
            ],
            [
              77.2175,
              28.636813
            ]
          ]
        ]
      }
    },
    {
      "type": "Feature",
      "properties": {
        "cell_id": "CELL_13_07",
        "row": 13,
        "col": 7,
        "ward_name": "Kasturba Gandhi Marg District",
        "bounds": [
          77.21875,
          28.636813,
          77.22,
          28.637875
        ],
        "center": [
          77.219375,
          28.637344
        ],
        "lst_current": 44.2,
        "ta_current": 40.7,
        "lst_after": 41.2,
        "ta_after": 38.8,
        "cooling_potential": 3.0,
        "population": 3158,
        "vulnerability_score": 0.64,
        "canopy_pct": 11,
        "drivers": {
          "ndvi": 0.16,
          "albedo": 0.16,
          "building_density": 0.6,
          "sky_view_factor": 0.41,
          "imperviousness": 0.79,
          "traffic_density": 0.7
        },
        "energy_balance": {
          "H": 306,
          "LE": 52,
          "G": 117,
          "QF": 55
        }
      },
      "geometry": {
        "type": "Polygon",
        "coordinates": [
          [
            [
              77.21875,
              28.636813
            ],
            [
              77.22,
              28.636813
            ],
            [
              77.22,
              28.637875
            ],
            [
              77.21875,
              28.637875
            ],
            [
              77.21875,
              28.636813
            ]
          ]
        ]
      }
    },
    {
      "type": "Feature",
      "properties": {
        "cell_id": "CELL_13_08",
        "row": 13,
        "col": 8,
        "ward_name": "Kasturba Gandhi Marg District",
        "bounds": [
          77.22,
          28.636813,
          77.22125,
          28.637875
        ],
        "center": [
          77.220625,
          28.637344
        ],
        "lst_current": 45.0,
        "ta_current": 41.4,
        "lst_after": 41.7,
        "ta_after": 39.3,
        "cooling_potential": 3.3,
        "population": 3285,
        "vulnerability_score": 0.7,
        "canopy_pct": 9,
        "drivers": {
          "ndvi": 0.14,
          "albedo": 0.15,
          "building_density": 0.63,
          "sky_view_factor": 0.4,
          "imperviousness": 0.8,
          "traffic_density": 0.4
        },
        "energy_balance": {
          "H": 318,
          "LE": 49,
          "G": 118,
          "QF": 40
        }
      },
      "geometry": {
        "type": "Polygon",
        "coordinates": [
          [
            [
              77.22,
              28.636813
            ],
            [
              77.22125,
              28.636813
            ],
            [
              77.22125,
              28.637875
            ],
            [
              77.22,
              28.637875
            ],
            [
              77.22,
              28.636813
            ]
          ]
        ]
      }
    },
    {
      "type": "Feature",
      "properties": {
        "cell_id": "CELL_13_09",
        "row": 13,
        "col": 9,
        "ward_name": "Kasturba Gandhi Marg District",
        "bounds": [
          77.22125,
          28.636813,
          77.2225,
          28.637875
        ],
        "center": [
          77.221875,
          28.637344
        ],
        "lst_current": 43.5,
        "ta_current": 40.2,
        "lst_after": 40.8,
        "ta_after": 38.4,
        "cooling_potential": 2.7,
        "population": 3024,
        "vulnerability_score": 0.58,
        "canopy_pct": 12,
        "drivers": {
          "ndvi": 0.18,
          "albedo": 0.17,
          "building_density": 0.57,
          "sky_view_factor": 0.42,
          "imperviousness": 0.78,
          "traffic_density": 0.5
        },
        "energy_balance": {
          "H": 297,
          "LE": 55,
          "G": 115,
          "QF": 45
        }
      },
      "geometry": {
        "type": "Polygon",
        "coordinates": [
          [
            [
              77.22125,
              28.636813
            ],
            [
              77.2225,
              28.636813
            ],
            [
              77.2225,
              28.637875
            ],
            [
              77.22125,
              28.637875
            ],
            [
              77.22125,
              28.636813
            ]
          ]
        ]
      }
    },
    {
      "type": "Feature",
      "properties": {
        "cell_id": "CELL_13_10",
        "row": 13,
        "col": 10,
        "ward_name": "Barakhamba Road High-Rise Corridor",
        "bounds": [
          77.2225,
          28.636813,
          77.22375,
          28.637875
        ],
        "center": [
          77.223125,
          28.637344
        ],
        "lst_current": 44.1,
        "ta_current": 40.7,
        "lst_after": 41.1,
        "ta_after": 38.8,
        "cooling_potential": 3.0,
        "population": 3119,
        "vulnerability_score": 0.63,
        "canopy_pct": 11,
        "drivers": {
          "ndvi": 0.17,
          "albedo": 0.16,
          "building_density": 0.59,
          "sky_view_factor": 0.41,
          "imperviousness": 0.79,
          "traffic_density": 0.6
        },
        "energy_balance": {
          "H": 305,
          "LE": 53,
          "G": 116,
          "QF": 50
        }
      },
      "geometry": {
        "type": "Polygon",
        "coordinates": [
          [
            [
              77.2225,
              28.636813
            ],
            [
              77.22375,
              28.636813
            ],
            [
              77.22375,
              28.637875
            ],
            [
              77.2225,
              28.637875
            ],
            [
              77.2225,
              28.636813
            ]
          ]
        ]
      }
    },
    {
      "type": "Feature",
      "properties": {
        "cell_id": "CELL_13_11",
        "row": 13,
        "col": 11,
        "ward_name": "Barakhamba Road High-Rise Corridor",
        "bounds": [
          77.22375,
          28.636813,
          77.225,
          28.637875
        ],
        "center": [
          77.224375,
          28.637344
        ],
        "lst_current": 44.7,
        "ta_current": 41.2,
        "lst_after": 41.5,
        "ta_after": 39.1,
        "cooling_potential": 3.2,
        "population": 3246,
        "vulnerability_score": 0.68,
        "canopy_pct": 10,
        "drivers": {
          "ndvi": 0.15,
          "albedo": 0.15,
          "building_density": 0.62,
          "sky_view_factor": 0.4,
          "imperviousness": 0.8,
          "traffic_density": 0.7
        },
        "energy_balance": {
          "H": 313,
          "LE": 51,
          "G": 117,
          "QF": 55
        }
      },
      "geometry": {
        "type": "Polygon",
        "coordinates": [
          [
            [
              77.22375,
              28.636813
            ],
            [
              77.225,
              28.636813
            ],
            [
              77.225,
              28.637875
            ],
            [
              77.22375,
              28.637875
            ],
            [
              77.22375,
              28.636813
            ]
          ]
        ]
      }
    },
    {
      "type": "Feature",
      "properties": {
        "cell_id": "CELL_13_12",
        "row": 13,
        "col": 12,
        "ward_name": "Barakhamba Road High-Rise Corridor",
        "bounds": [
          77.225,
          28.636813,
          77.22625,
          28.637875
        ],
        "center": [
          77.225625,
          28.637344
        ],
        "lst_current": 45.2,
        "ta_current": 41.6,
        "lst_after": 41.8,
        "ta_after": 39.4,
        "cooling_potential": 3.4,
        "population": 3341,
        "vulnerability_score": 0.72,
        "canopy_pct": 9,
        "drivers": {
          "ndvi": 0.13,
          "albedo": 0.15,
          "building_density": 0.64,
          "sky_view_factor": 0.39,
          "imperviousness": 0.81,
          "traffic_density": 0.4
        },
        "energy_balance": {
          "H": 320,
          "LE": 48,
          "G": 118,
          "QF": 40
        }
      },
      "geometry": {
        "type": "Polygon",
        "coordinates": [
          [
            [
              77.225,
              28.636813
            ],
            [
              77.22625,
              28.636813
            ],
            [
              77.22625,
              28.637875
            ],
            [
              77.225,
              28.637875
            ],
            [
              77.225,
              28.636813
            ]
          ]
        ]
      }
    },
    {
      "type": "Feature",
      "properties": {
        "cell_id": "CELL_13_13",
        "row": 13,
        "col": 13,
        "ward_name": "Barakhamba Road High-Rise Corridor",
        "bounds": [
          77.22625,
          28.636813,
          77.2275,
          28.637875
        ],
        "center": [
          77.226875,
          28.637344
        ],
        "lst_current": 43.4,
        "ta_current": 40.1,
        "lst_after": 40.7,
        "ta_after": 38.3,
        "cooling_potential": 2.7,
        "population": 3048,
        "vulnerability_score": 0.57,
        "canopy_pct": 13,
        "drivers": {
          "ndvi": 0.19,
          "albedo": 0.17,
          "building_density": 0.57,
          "sky_view_factor": 0.42,
          "imperviousness": 0.78,
          "traffic_density": 0.5
        },
        "energy_balance": {
          "H": 295,
          "LE": 56,
          "G": 115,
          "QF": 45
        }
      },
      "geometry": {
        "type": "Polygon",
        "coordinates": [
          [
            [
              77.22625,
              28.636813
            ],
            [
              77.2275,
              28.636813
            ],
            [
              77.2275,
              28.637875
            ],
            [
              77.22625,
              28.637875
            ],
            [
              77.22625,
              28.636813
            ]
          ]
        ]
      }
    },
    {
      "type": "Feature",
      "properties": {
        "cell_id": "CELL_13_14",
        "row": 13,
        "col": 14,
        "ward_name": "Barakhamba Road High-Rise Corridor",
        "bounds": [
          77.2275,
          28.636813,
          77.22875,
          28.637875
        ],
        "center": [
          77.228125,
          28.637344
        ],
        "lst_current": 43.9,
        "ta_current": 40.5,
        "lst_after": 41.0,
        "ta_after": 38.6,
        "cooling_potential": 2.9,
        "population": 3143,
        "vulnerability_score": 0.61,
        "canopy_pct": 11,
        "drivers": {
          "ndvi": 0.17,
          "albedo": 0.16,
          "building_density": 0.59,
          "sky_view_factor": 0.41,
          "imperviousness": 0.79,
          "traffic_density": 0.6
        },
        "energy_balance": {
          "H": 302,
          "LE": 53,
          "G": 116,
          "QF": 50
        }
      },
      "geometry": {
        "type": "Polygon",
        "coordinates": [
          [
            [
              77.2275,
              28.636813
            ],
            [
              77.22875,
              28.636813
            ],
            [
              77.22875,
              28.637875
            ],
            [
              77.2275,
              28.637875
            ],
            [
              77.2275,
              28.636813
            ]
          ]
        ]
      }
    },
    {
      "type": "Feature",
      "properties": {
        "cell_id": "CELL_13_15",
        "row": 13,
        "col": 15,
        "ward_name": "Barakhamba Road High-Rise Corridor",
        "bounds": [
          77.22875,
          28.636813,
          77.23,
          28.637875
        ],
        "center": [
          77.229375,
          28.637344
        ],
        "lst_current": 44.3,
        "ta_current": 40.8,
        "lst_after": 41.2,
        "ta_after": 38.8,
        "cooling_potential": 3.1,
        "population": 3206,
        "vulnerability_score": 0.64,
        "canopy_pct": 11,
        "drivers": {
          "ndvi": 0.16,
          "albedo": 0.16,
          "building_density": 0.6,
          "sky_view_factor": 0.41,
          "imperviousness": 0.79,
          "traffic_density": 0.7
        },
        "energy_balance": {
          "H": 308,
          "LE": 52,
          "G": 117,
          "QF": 55
        }
      },
      "geometry": {
        "type": "Polygon",
        "coordinates": [
          [
            [
              77.22875,
              28.636813
            ],
            [
              77.23,
              28.636813
            ],
            [
              77.23,
              28.637875
            ],
            [
              77.22875,
              28.637875
            ],
            [
              77.22875,
              28.636813
            ]
          ]
        ]
      }
    },
    {
      "type": "Feature",
      "properties": {
        "cell_id": "CELL_14_00",
        "row": 14,
        "col": 0,
        "ward_name": "Gole Market & Baba Kharak Singh Marg",
        "bounds": [
          77.21,
          28.637875,
          77.21125,
          28.638938
        ],
        "center": [
          77.210625,
          28.638406
        ],
        "lst_current": 42.5,
        "ta_current": 39.4,
        "lst_after": 40.2,
        "ta_after": 37.9,
        "cooling_potential": 2.3,
        "population": 2934,
        "vulnerability_score": 0.5,
        "canopy_pct": 14,
        "drivers": {
          "ndvi": 0.21,
          "albedo": 0.17,
          "building_density": 0.53,
          "sky_view_factor": 0.44,
          "imperviousness": 0.76,
          "traffic_density": 0.5
        },
        "energy_balance": {
          "H": 283,
          "LE": 59,
          "G": 113,
          "QF": 45
        }
      },
      "geometry": {
        "type": "Polygon",
        "coordinates": [
          [
            [
              77.21,
              28.637875
            ],
            [
              77.21125,
              28.637875
            ],
            [
              77.21125,
              28.638938
            ],
            [
              77.21,
              28.638938
            ],
            [
              77.21,
              28.637875
            ]
          ]
        ]
      }
    },
    {
      "type": "Feature",
      "properties": {
        "cell_id": "CELL_14_01",
        "row": 14,
        "col": 1,
        "ward_name": "Gole Market & Baba Kharak Singh Marg",
        "bounds": [
          77.21125,
          28.637875,
          77.2125,
          28.638938
        ],
        "center": [
          77.211875,
          28.638406
        ],
        "lst_current": 43.4,
        "ta_current": 40.1,
        "lst_after": 40.7,
        "ta_after": 38.3,
        "cooling_potential": 2.7,
        "population": 3093,
        "vulnerability_score": 0.57,
        "canopy_pct": 13,
        "drivers": {
          "ndvi": 0.19,
          "albedo": 0.17,
          "building_density": 0.57,
          "sky_view_factor": 0.42,
          "imperviousness": 0.78,
          "traffic_density": 0.6
        },
        "energy_balance": {
          "H": 295,
          "LE": 56,
          "G": 115,
          "QF": 50
        }
      },
      "geometry": {
        "type": "Polygon",
        "coordinates": [
          [
            [
              77.21125,
              28.637875
            ],
            [
              77.2125,
              28.637875
            ],
            [
              77.2125,
              28.638938
            ],
            [
              77.21125,
              28.638938
            ],
            [
              77.21125,
              28.637875
            ]
          ]
        ]
      }
    },
    {
      "type": "Feature",
      "properties": {
        "cell_id": "CELL_14_02",
        "row": 14,
        "col": 2,
        "ward_name": "Gole Market & Baba Kharak Singh Marg",
        "bounds": [
          77.2125,
          28.637875,
          77.21375,
          28.638938
        ],
        "center": [
          77.213125,
          28.638406
        ],
        "lst_current": 42.1,
        "ta_current": 39.0,
        "lst_after": 39.9,
        "ta_after": 37.6,
        "cooling_potential": 2.2,
        "population": 2832,
        "vulnerability_score": 0.47,
        "canopy_pct": 16,
        "drivers": {
          "ndvi": 0.23,
          "albedo": 0.18,
          "building_density": 0.51,
          "sky_view_factor": 0.45,
          "imperviousness": 0.75,
          "traffic_density": 0.7
        },
        "energy_balance": {
          "H": 277,
          "LE": 62,
          "G": 112,
          "QF": 55
        }
      },
      "geometry": {
        "type": "Polygon",
        "coordinates": [
          [
            [
              77.2125,
              28.637875
            ],
            [
              77.21375,
              28.637875
            ],
            [
              77.21375,
              28.638938
            ],
            [
              77.2125,
              28.638938
            ],
            [
              77.2125,
              28.637875
            ]
          ]
        ]
      }
    },
    {
      "type": "Feature",
      "properties": {
        "cell_id": "CELL_14_03",
        "row": 14,
        "col": 3,
        "ward_name": "Gole Market & Baba Kharak Singh Marg",
        "bounds": [
          77.21375,
          28.637875,
          77.215,
          28.638938
        ],
        "center": [
          77.214375,
          28.638406
        ],
        "lst_current": 43.1,
        "ta_current": 39.8,
        "lst_after": 40.5,
        "ta_after": 38.1,
        "cooling_potential": 2.6,
        "population": 2991,
        "vulnerability_score": 0.55,
        "canopy_pct": 14,
        "drivers": {
          "ndvi": 0.2,
          "albedo": 0.17,
          "building_density": 0.55,
          "sky_view_factor": 0.43,
          "imperviousness": 0.77,
          "traffic_density": 0.8
        },
        "energy_balance": {
          "H": 291,
          "LE": 58,
          "G": 114,
          "QF": 60
        }
      },
      "geometry": {
        "type": "Polygon",
        "coordinates": [
          [
            [
              77.21375,
              28.637875
            ],
            [
              77.215,
              28.637875
            ],
            [
              77.215,
              28.638938
            ],
            [
              77.21375,
              28.638938
            ],
            [
              77.21375,
              28.637875
            ]
          ]
        ]
      }
    },
    {
      "type": "Feature",
      "properties": {
        "cell_id": "CELL_14_04",
        "row": 14,
        "col": 4,
        "ward_name": "Gole Market & Baba Kharak Singh Marg",
        "bounds": [
          77.215,
          28.637875,
          77.21625,
          28.638938
        ],
        "center": [
          77.215625,
          28.638406
        ],
        "lst_current": 43.9,
        "ta_current": 40.5,
        "lst_after": 41.0,
        "ta_after": 38.6,
        "cooling_potential": 2.9,
        "population": 3150,
        "vulnerability_score": 0.61,
        "canopy_pct": 11,
        "drivers": {
          "ndvi": 0.17,
          "albedo": 0.16,
          "building_density": 0.59,
          "sky_view_factor": 0.41,
          "imperviousness": 0.79,
          "traffic_density": 0.5
        },
        "energy_balance": {
          "H": 302,
          "LE": 53,
          "G": 116,
          "QF": 45
        }
      },
      "geometry": {
        "type": "Polygon",
        "coordinates": [
          [
            [
              77.215,
              28.637875
            ],
            [
              77.21625,
              28.637875
            ],
            [
              77.21625,
              28.638938
            ],
            [
              77.215,
              28.638938
            ],
            [
              77.215,
              28.637875
            ]
          ]
        ]
      }
    },
    {
      "type": "Feature",
      "properties": {
        "cell_id": "CELL_14_05",
        "row": 14,
        "col": 5,
        "ward_name": "Gole Market & Baba Kharak Singh Marg",
        "bounds": [
          77.21625,
          28.637875,
          77.2175,
          28.638938
        ],
        "center": [
          77.216875,
          28.638406
        ],
        "lst_current": 44.8,
        "ta_current": 41.2,
        "lst_after": 41.5,
        "ta_after": 39.1,
        "cooling_potential": 3.3,
        "population": 3277,
        "vulnerability_score": 0.68,
        "canopy_pct": 10,
        "drivers": {
          "ndvi": 0.15,
          "albedo": 0.15,
          "building_density": 0.62,
          "sky_view_factor": 0.4,
          "imperviousness": 0.8,
          "traffic_density": 0.6
        },
        "energy_balance": {
          "H": 315,
          "LE": 51,
          "G": 117,
          "QF": 50
        }
      },
      "geometry": {
        "type": "Polygon",
        "coordinates": [
          [
            [
              77.21625,
              28.637875
            ],
            [
              77.2175,
              28.637875
            ],
            [
              77.2175,
              28.638938
            ],
            [
              77.21625,
              28.638938
            ],
            [
              77.21625,
              28.637875
            ]
          ]
        ]
      }
    },
    {
      "type": "Feature",
      "properties": {
        "cell_id": "CELL_14_06",
        "row": 14,
        "col": 6,
        "ward_name": "Kasturba Gandhi Marg District",
        "bounds": [
          77.2175,
          28.637875,
          77.21875,
          28.638938
        ],
        "center": [
          77.218125,
          28.638406
        ],
        "lst_current": 43.4,
        "ta_current": 40.1,
        "lst_after": 40.7,
        "ta_after": 38.3,
        "cooling_potential": 2.7,
        "population": 3048,
        "vulnerability_score": 0.57,
        "canopy_pct": 13,
        "drivers": {
          "ndvi": 0.19,
          "albedo": 0.17,
          "building_density": 0.57,
          "sky_view_factor": 0.42,
          "imperviousness": 0.78,
          "traffic_density": 0.7
        },
        "energy_balance": {
          "H": 295,
          "LE": 56,
          "G": 115,
          "QF": 55
        }
      },
      "geometry": {
        "type": "Polygon",
        "coordinates": [
          [
            [
              77.2175,
              28.637875
            ],
            [
              77.21875,
              28.637875
            ],
            [
              77.21875,
              28.638938
            ],
            [
              77.2175,
              28.638938
            ],
            [
              77.2175,
              28.637875
            ]
          ]
        ]
      }
    },
    {
      "type": "Feature",
      "properties": {
        "cell_id": "CELL_14_07",
        "row": 14,
        "col": 7,
        "ward_name": "Kasturba Gandhi Marg District",
        "bounds": [
          77.21875,
          28.637875,
          77.22,
          28.638938
        ],
        "center": [
          77.219375,
          28.638406
        ],
        "lst_current": 44.2,
        "ta_current": 40.7,
        "lst_after": 41.2,
        "ta_after": 38.8,
        "cooling_potential": 3.0,
        "population": 3175,
        "vulnerability_score": 0.64,
        "canopy_pct": 11,
        "drivers": {
          "ndvi": 0.16,
          "albedo": 0.16,
          "building_density": 0.6,
          "sky_view_factor": 0.41,
          "imperviousness": 0.79,
          "traffic_density": 0.8
        },
        "energy_balance": {
          "H": 306,
          "LE": 52,
          "G": 117,
          "QF": 60
        }
      },
      "geometry": {
        "type": "Polygon",
        "coordinates": [
          [
            [
              77.21875,
              28.637875
            ],
            [
              77.22,
              28.637875
            ],
            [
              77.22,
              28.638938
            ],
            [
              77.21875,
              28.638938
            ],
            [
              77.21875,
              28.637875
            ]
          ]
        ]
      }
    },
    {
      "type": "Feature",
      "properties": {
        "cell_id": "CELL_14_08",
        "row": 14,
        "col": 8,
        "ward_name": "Kasturba Gandhi Marg District",
        "bounds": [
          77.22,
          28.637875,
          77.22125,
          28.638938
        ],
        "center": [
          77.220625,
          28.638406
        ],
        "lst_current": 44.9,
        "ta_current": 41.3,
        "lst_after": 41.6,
        "ta_after": 39.2,
        "cooling_potential": 3.3,
        "population": 3302,
        "vulnerability_score": 0.69,
        "canopy_pct": 9,
        "drivers": {
          "ndvi": 0.14,
          "albedo": 0.15,
          "building_density": 0.63,
          "sky_view_factor": 0.4,
          "imperviousness": 0.8,
          "traffic_density": 0.5
        },
        "energy_balance": {
          "H": 316,
          "LE": 49,
          "G": 118,
          "QF": 45
        }
      },
      "geometry": {
        "type": "Polygon",
        "coordinates": [
          [
            [
              77.22,
              28.637875
            ],
            [
              77.22125,
              28.637875
            ],
            [
              77.22125,
              28.638938
            ],
            [
              77.22,
              28.638938
            ],
            [
              77.22,
              28.637875
            ]
          ]
        ]
      }
    },
    {
      "type": "Feature",
      "properties": {
        "cell_id": "CELL_14_09",
        "row": 14,
        "col": 9,
        "ward_name": "Kasturba Gandhi Marg District",
        "bounds": [
          77.22125,
          28.637875,
          77.2225,
          28.638938
        ],
        "center": [
          77.221875,
          28.638406
        ],
        "lst_current": 43.4,
        "ta_current": 40.1,
        "lst_after": 40.7,
        "ta_after": 38.3,
        "cooling_potential": 2.7,
        "population": 3041,
        "vulnerability_score": 0.57,
        "canopy_pct": 13,
        "drivers": {
          "ndvi": 0.19,
          "albedo": 0.17,
          "building_density": 0.57,
          "sky_view_factor": 0.42,
          "imperviousness": 0.78,
          "traffic_density": 0.6
        },
        "energy_balance": {
          "H": 295,
          "LE": 56,
          "G": 115,
          "QF": 50
        }
      },
      "geometry": {
        "type": "Polygon",
        "coordinates": [
          [
            [
              77.22125,
              28.637875
            ],
            [
              77.2225,
              28.637875
            ],
            [
              77.2225,
              28.638938
            ],
            [
              77.22125,
              28.638938
            ],
            [
              77.22125,
              28.637875
            ]
          ]
        ]
      }
    },
    {
      "type": "Feature",
      "properties": {
        "cell_id": "CELL_14_10",
        "row": 14,
        "col": 10,
        "ward_name": "Barakhamba Road High-Rise Corridor",
        "bounds": [
          77.2225,
          28.637875,
          77.22375,
          28.638938
        ],
        "center": [
          77.223125,
          28.638406
        ],
        "lst_current": 44.1,
        "ta_current": 40.7,
        "lst_after": 41.1,
        "ta_after": 38.8,
        "cooling_potential": 3.0,
        "population": 3136,
        "vulnerability_score": 0.63,
        "canopy_pct": 11,
        "drivers": {
          "ndvi": 0.17,
          "albedo": 0.16,
          "building_density": 0.59,
          "sky_view_factor": 0.41,
          "imperviousness": 0.79,
          "traffic_density": 0.7
        },
        "energy_balance": {
          "H": 305,
          "LE": 53,
          "G": 116,
          "QF": 55
        }
      },
      "geometry": {
        "type": "Polygon",
        "coordinates": [
          [
            [
              77.2225,
              28.637875
            ],
            [
              77.22375,
              28.637875
            ],
            [
              77.22375,
              28.638938
            ],
            [
              77.2225,
              28.638938
            ],
            [
              77.2225,
              28.637875
            ]
          ]
        ]
      }
    },
    {
      "type": "Feature",
      "properties": {
        "cell_id": "CELL_14_11",
        "row": 14,
        "col": 11,
        "ward_name": "Barakhamba Road High-Rise Corridor",
        "bounds": [
          77.22375,
          28.637875,
          77.225,
          28.638938
        ],
        "center": [
          77.224375,
          28.638406
        ],
        "lst_current": 44.6,
        "ta_current": 41.1,
        "lst_after": 41.4,
        "ta_after": 39.0,
        "cooling_potential": 3.2,
        "population": 3231,
        "vulnerability_score": 0.67,
        "canopy_pct": 10,
        "drivers": {
          "ndvi": 0.15,
          "albedo": 0.15,
          "building_density": 0.61,
          "sky_view_factor": 0.41,
          "imperviousness": 0.79,
          "traffic_density": 0.8
        },
        "energy_balance": {
          "H": 312,
          "LE": 51,
          "G": 117,
          "QF": 60
        }
      },
      "geometry": {
        "type": "Polygon",
        "coordinates": [
          [
            [
              77.22375,
              28.637875
            ],
            [
              77.225,
              28.637875
            ],
            [
              77.225,
              28.638938
            ],
            [
              77.22375,
              28.638938
            ],
            [
              77.22375,
              28.637875
            ]
          ]
        ]
      }
    },
    {
      "type": "Feature",
      "properties": {
        "cell_id": "CELL_14_12",
        "row": 14,
        "col": 12,
        "ward_name": "Barakhamba Road High-Rise Corridor",
        "bounds": [
          77.225,
          28.637875,
          77.22625,
          28.638938
        ],
        "center": [
          77.225625,
          28.638406
        ],
        "lst_current": 43.0,
        "ta_current": 39.8,
        "lst_after": 40.5,
        "ta_after": 38.2,
        "cooling_potential": 2.5,
        "population": 2970,
        "vulnerability_score": 0.54,
        "canopy_pct": 14,
        "drivers": {
          "ndvi": 0.2,
          "albedo": 0.17,
          "building_density": 0.55,
          "sky_view_factor": 0.43,
          "imperviousness": 0.77,
          "traffic_density": 0.5
        },
        "energy_balance": {
          "H": 290,
          "LE": 58,
          "G": 114,
          "QF": 45
        }
      },
      "geometry": {
        "type": "Polygon",
        "coordinates": [
          [
            [
              77.225,
              28.637875
            ],
            [
              77.22625,
              28.637875
            ],
            [
              77.22625,
              28.638938
            ],
            [
              77.225,
              28.638938
            ],
            [
              77.225,
              28.637875
            ]
          ]
        ]
      }
    },
    {
      "type": "Feature",
      "properties": {
        "cell_id": "CELL_14_13",
        "row": 14,
        "col": 13,
        "ward_name": "Barakhamba Road High-Rise Corridor",
        "bounds": [
          77.22625,
          28.637875,
          77.2275,
          28.638938
        ],
        "center": [
          77.226875,
          28.638406
        ],
        "lst_current": 43.5,
        "ta_current": 40.2,
        "lst_after": 40.8,
        "ta_after": 38.4,
        "cooling_potential": 2.7,
        "population": 3065,
        "vulnerability_score": 0.58,
        "canopy_pct": 12,
        "drivers": {
          "ndvi": 0.18,
          "albedo": 0.17,
          "building_density": 0.57,
          "sky_view_factor": 0.42,
          "imperviousness": 0.78,
          "traffic_density": 0.6
        },
        "energy_balance": {
          "H": 297,
          "LE": 55,
          "G": 115,
          "QF": 50
        }
      },
      "geometry": {
        "type": "Polygon",
        "coordinates": [
          [
            [
              77.22625,
              28.637875
            ],
            [
              77.2275,
              28.637875
            ],
            [
              77.2275,
              28.638938
            ],
            [
              77.22625,
              28.638938
            ],
            [
              77.22625,
              28.637875
            ]
          ]
        ]
      }
    },
    {
      "type": "Feature",
      "properties": {
        "cell_id": "CELL_14_14",
        "row": 14,
        "col": 14,
        "ward_name": "Barakhamba Road High-Rise Corridor",
        "bounds": [
          77.2275,
          28.637875,
          77.22875,
          28.638938
        ],
        "center": [
          77.228125,
          28.638406
        ],
        "lst_current": 43.9,
        "ta_current": 40.5,
        "lst_after": 41.0,
        "ta_after": 38.6,
        "cooling_potential": 2.9,
        "population": 3160,
        "vulnerability_score": 0.61,
        "canopy_pct": 11,
        "drivers": {
          "ndvi": 0.17,
          "albedo": 0.16,
          "building_density": 0.59,
          "sky_view_factor": 0.41,
          "imperviousness": 0.79,
          "traffic_density": 0.7
        },
        "energy_balance": {
          "H": 302,
          "LE": 53,
          "G": 116,
          "QF": 55
        }
      },
      "geometry": {
        "type": "Polygon",
        "coordinates": [
          [
            [
              77.2275,
              28.637875
            ],
            [
              77.22875,
              28.637875
            ],
            [
              77.22875,
              28.638938
            ],
            [
              77.2275,
              28.638938
            ],
            [
              77.2275,
              28.637875
            ]
          ]
        ]
      }
    },
    {
      "type": "Feature",
      "properties": {
        "cell_id": "CELL_14_15",
        "row": 14,
        "col": 15,
        "ward_name": "Barakhamba Road High-Rise Corridor",
        "bounds": [
          77.22875,
          28.637875,
          77.23,
          28.638938
        ],
        "center": [
          77.229375,
          28.638406
        ],
        "lst_current": 42.2,
        "ta_current": 39.1,
        "lst_after": 40.0,
        "ta_after": 37.7,
        "cooling_potential": 2.2,
        "population": 2867,
        "vulnerability_score": 0.48,
        "canopy_pct": 15,
        "drivers": {
          "ndvi": 0.22,
          "albedo": 0.18,
          "building_density": 0.52,
          "sky_view_factor": 0.44,
          "imperviousness": 0.76,
          "traffic_density": 0.8
        },
        "energy_balance": {
          "H": 278,
          "LE": 60,
          "G": 113,
          "QF": 60
        }
      },
      "geometry": {
        "type": "Polygon",
        "coordinates": [
          [
            [
              77.22875,
              28.637875
            ],
            [
              77.23,
              28.637875
            ],
            [
              77.23,
              28.638938
            ],
            [
              77.22875,
              28.638938
            ],
            [
              77.22875,
              28.637875
            ]
          ]
        ]
      }
    },
    {
      "type": "Feature",
      "properties": {
        "cell_id": "CELL_15_00",
        "row": 15,
        "col": 0,
        "ward_name": "Gole Market & Baba Kharak Singh Marg",
        "bounds": [
          77.21,
          28.638938,
          77.21125,
          28.64
        ],
        "center": [
          77.210625,
          28.639469
        ],
        "lst_current": 42.6,
        "ta_current": 39.4,
        "lst_after": 40.2,
        "ta_after": 37.8,
        "cooling_potential": 2.4,
        "population": 2951,
        "vulnerability_score": 0.51,
        "canopy_pct": 14,
        "drivers": {
          "ndvi": 0.21,
          "albedo": 0.17,
          "building_density": 0.53,
          "sky_view_factor": 0.44,
          "imperviousness": 0.76,
          "traffic_density": 0.3
        },
        "energy_balance": {
          "H": 284,
          "LE": 59,
          "G": 113,
          "QF": 35
        }
      },
      "geometry": {
        "type": "Polygon",
        "coordinates": [
          [
            [
              77.21,
              28.638938
            ],
            [
              77.21125,
              28.638938
            ],
            [
              77.21125,
              28.64
            ],
            [
              77.21,
              28.64
            ],
            [
              77.21,
              28.638938
            ]
          ]
        ]
      }
    },
    {
      "type": "Feature",
      "properties": {
        "cell_id": "CELL_15_01",
        "row": 15,
        "col": 1,
        "ward_name": "Gole Market & Baba Kharak Singh Marg",
        "bounds": [
          77.21125,
          28.638938,
          77.2125,
          28.64
        ],
        "center": [
          77.211875,
          28.639469
        ],
        "lst_current": 43.6,
        "ta_current": 40.3,
        "lst_after": 40.8,
        "ta_after": 38.5,
        "cooling_potential": 2.8,
        "population": 3110,
        "vulnerability_score": 0.59,
        "canopy_pct": 12,
        "drivers": {
          "ndvi": 0.18,
          "albedo": 0.16,
          "building_density": 0.57,
          "sky_view_factor": 0.42,
          "imperviousness": 0.78,
          "traffic_density": 0.4
        },
        "energy_balance": {
          "H": 298,
          "LE": 55,
          "G": 115,
          "QF": 40
        }
      },
      "geometry": {
        "type": "Polygon",
        "coordinates": [
          [
            [
              77.21125,
              28.638938
            ],
            [
              77.2125,
              28.638938
            ],
            [
              77.2125,
              28.64
            ],
            [
              77.21125,
              28.64
            ],
            [
              77.21125,
              28.638938
            ]
          ]
        ]
      }
    },
    {
      "type": "Feature",
      "properties": {
        "cell_id": "CELL_15_02",
        "row": 15,
        "col": 2,
        "ward_name": "Gole Market & Baba Kharak Singh Marg",
        "bounds": [
          77.2125,
          28.638938,
          77.21375,
          28.64
        ],
        "center": [
          77.213125,
          28.639469
        ],
        "lst_current": 42.3,
        "ta_current": 39.2,
        "lst_after": 40.1,
        "ta_after": 37.8,
        "cooling_potential": 2.2,
        "population": 2881,
        "vulnerability_score": 0.48,
        "canopy_pct": 15,
        "drivers": {
          "ndvi": 0.22,
          "albedo": 0.18,
          "building_density": 0.52,
          "sky_view_factor": 0.44,
          "imperviousness": 0.76,
          "traffic_density": 0.5
        },
        "energy_balance": {
          "H": 280,
          "LE": 60,
          "G": 113,
          "QF": 45
        }
      },
      "geometry": {
        "type": "Polygon",
        "coordinates": [
          [
            [
              77.2125,
              28.638938
            ],
            [
              77.21375,
              28.638938
            ],
            [
              77.21375,
              28.64
            ],
            [
              77.2125,
              28.64
            ],
            [
              77.2125,
              28.638938
            ]
          ]
        ]
      }
    },
    {
      "type": "Feature",
      "properties": {
        "cell_id": "CELL_15_03",
        "row": 15,
        "col": 3,
        "ward_name": "Gole Market & Baba Kharak Singh Marg",
        "bounds": [
          77.21375,
          28.638938,
          77.215,
          28.64
        ],
        "center": [
          77.214375,
          28.639469
        ],
        "lst_current": 43.1,
        "ta_current": 39.8,
        "lst_after": 40.5,
        "ta_after": 38.1,
        "cooling_potential": 2.6,
        "population": 3008,
        "vulnerability_score": 0.55,
        "canopy_pct": 14,
        "drivers": {
          "ndvi": 0.2,
          "albedo": 0.17,
          "building_density": 0.55,
          "sky_view_factor": 0.43,
          "imperviousness": 0.77,
          "traffic_density": 0.6
        },
        "energy_balance": {
          "H": 291,
          "LE": 58,
          "G": 114,
          "QF": 50
        }
      },
      "geometry": {
        "type": "Polygon",
        "coordinates": [
          [
            [
              77.21375,
              28.638938
            ],
            [
              77.215,
              28.638938
            ],
            [
              77.215,
              28.64
            ],
            [
              77.21375,
              28.64
            ],
            [
              77.21375,
              28.638938
            ]
          ]
        ]
      }
    },
    {
      "type": "Feature",
      "properties": {
        "cell_id": "CELL_15_04",
        "row": 15,
        "col": 4,
        "ward_name": "Gole Market & Baba Kharak Singh Marg",
        "bounds": [
          77.215,
          28.638938,
          77.21625,
          28.64
        ],
        "center": [
          77.215625,
          28.639469
        ],
        "lst_current": 44.0,
        "ta_current": 40.6,
        "lst_after": 41.1,
        "ta_after": 38.7,
        "cooling_potential": 2.9,
        "population": 3167,
        "vulnerability_score": 0.62,
        "canopy_pct": 11,
        "drivers": {
          "ndvi": 0.17,
          "albedo": 0.16,
          "building_density": 0.59,
          "sky_view_factor": 0.41,
          "imperviousness": 0.79,
          "traffic_density": 0.3
        },
        "energy_balance": {
          "H": 304,
          "LE": 53,
          "G": 116,
          "QF": 35
        }
      },
      "geometry": {
        "type": "Polygon",
        "coordinates": [
          [
            [
              77.215,
              28.638938
            ],
            [
              77.21625,
              28.638938
            ],
            [
              77.21625,
              28.64
            ],
            [
              77.215,
              28.64
            ],
            [
              77.215,
              28.638938
            ]
          ]
        ]
      }
    },
    {
      "type": "Feature",
      "properties": {
        "cell_id": "CELL_15_05",
        "row": 15,
        "col": 5,
        "ward_name": "Gole Market & Baba Kharak Singh Marg",
        "bounds": [
          77.21625,
          28.638938,
          77.2175,
          28.64
        ],
        "center": [
          77.216875,
          28.639469
        ],
        "lst_current": 42.6,
        "ta_current": 39.4,
        "lst_after": 40.2,
        "ta_after": 37.8,
        "cooling_potential": 2.4,
        "population": 2906,
        "vulnerability_score": 0.51,
        "canopy_pct": 14,
        "drivers": {
          "ndvi": 0.21,
          "albedo": 0.17,
          "building_density": 0.53,
          "sky_view_factor": 0.44,
          "imperviousness": 0.76,
          "traffic_density": 0.4
        },
        "energy_balance": {
          "H": 284,
          "LE": 59,
          "G": 113,
          "QF": 40
        }
      },
      "geometry": {
        "type": "Polygon",
        "coordinates": [
          [
            [
              77.21625,
              28.638938
            ],
            [
              77.2175,
              28.638938
            ],
            [
              77.2175,
              28.64
            ],
            [
              77.21625,
              28.64
            ],
            [
              77.21625,
              28.638938
            ]
          ]
        ]
      }
    },
    {
      "type": "Feature",
      "properties": {
        "cell_id": "CELL_15_06",
        "row": 15,
        "col": 6,
        "ward_name": "Kasturba Gandhi Marg District",
        "bounds": [
          77.2175,
          28.638938,
          77.21875,
          28.64
        ],
        "center": [
          77.218125,
          28.639469
        ],
        "lst_current": 43.5,
        "ta_current": 40.2,
        "lst_after": 40.8,
        "ta_after": 38.4,
        "cooling_potential": 2.7,
        "population": 3065,
        "vulnerability_score": 0.58,
        "canopy_pct": 12,
        "drivers": {
          "ndvi": 0.18,
          "albedo": 0.17,
          "building_density": 0.57,
          "sky_view_factor": 0.42,
          "imperviousness": 0.78,
          "traffic_density": 0.5
        },
        "energy_balance": {
          "H": 297,
          "LE": 55,
          "G": 115,
          "QF": 45
        }
      },
      "geometry": {
        "type": "Polygon",
        "coordinates": [
          [
            [
              77.2175,
              28.638938
            ],
            [
              77.21875,
              28.638938
            ],
            [
              77.21875,
              28.64
            ],
            [
              77.2175,
              28.64
            ],
            [
              77.2175,
              28.638938
            ]
          ]
        ]
      }
    },
    {
      "type": "Feature",
      "properties": {
        "cell_id": "CELL_15_07",
        "row": 15,
        "col": 7,
        "ward_name": "Kasturba Gandhi Marg District",
        "bounds": [
          77.21875,
          28.638938,
          77.22,
          28.64
        ],
        "center": [
          77.219375,
          28.639469
        ],
        "lst_current": 44.2,
        "ta_current": 40.7,
        "lst_after": 41.2,
        "ta_after": 38.8,
        "cooling_potential": 3.0,
        "population": 3192,
        "vulnerability_score": 0.64,
        "canopy_pct": 11,
        "drivers": {
          "ndvi": 0.16,
          "albedo": 0.16,
          "building_density": 0.6,
          "sky_view_factor": 0.41,
          "imperviousness": 0.79,
          "traffic_density": 0.6
        },
        "energy_balance": {
          "H": 306,
          "LE": 52,
          "G": 117,
          "QF": 50
        }
      },
      "geometry": {
        "type": "Polygon",
        "coordinates": [
          [
            [
              77.21875,
              28.638938
            ],
            [
              77.22,
              28.638938
            ],
            [
              77.22,
              28.64
            ],
            [
              77.21875,
              28.64
            ],
            [
              77.21875,
              28.638938
            ]
          ]
        ]
      }
    },
    {
      "type": "Feature",
      "properties": {
        "cell_id": "CELL_15_08",
        "row": 15,
        "col": 8,
        "ward_name": "Kasturba Gandhi Marg District",
        "bounds": [
          77.22,
          28.638938,
          77.22125,
          28.64
        ],
        "center": [
          77.220625,
          28.639469
        ],
        "lst_current": 42.7,
        "ta_current": 39.5,
        "lst_after": 40.3,
        "ta_after": 37.9,
        "cooling_potential": 2.4,
        "population": 2931,
        "vulnerability_score": 0.52,
        "canopy_pct": 14,
        "drivers": {
          "ndvi": 0.21,
          "albedo": 0.17,
          "building_density": 0.54,
          "sky_view_factor": 0.43,
          "imperviousness": 0.77,
          "traffic_density": 0.3
        },
        "energy_balance": {
          "H": 285,
          "LE": 59,
          "G": 114,
          "QF": 35
        }
      },
      "geometry": {
        "type": "Polygon",
        "coordinates": [
          [
            [
              77.22,
              28.638938
            ],
            [
              77.22125,
              28.638938
            ],
            [
              77.22125,
              28.64
            ],
            [
              77.22,
              28.64
            ],
            [
              77.22,
              28.638938
            ]
          ]
        ]
      }
    },
    {
      "type": "Feature",
      "properties": {
        "cell_id": "CELL_15_09",
        "row": 15,
        "col": 9,
        "ward_name": "Kasturba Gandhi Marg District",
        "bounds": [
          77.22125,
          28.638938,
          77.2225,
          28.64
        ],
        "center": [
          77.221875,
          28.639469
        ],
        "lst_current": 43.4,
        "ta_current": 40.1,
        "lst_after": 40.7,
        "ta_after": 38.3,
        "cooling_potential": 2.7,
        "population": 3058,
        "vulnerability_score": 0.57,
        "canopy_pct": 13,
        "drivers": {
          "ndvi": 0.19,
          "albedo": 0.17,
          "building_density": 0.57,
          "sky_view_factor": 0.42,
          "imperviousness": 0.78,
          "traffic_density": 0.4
        },
        "energy_balance": {
          "H": 295,
          "LE": 56,
          "G": 115,
          "QF": 40
        }
      },
      "geometry": {
        "type": "Polygon",
        "coordinates": [
          [
            [
              77.22125,
              28.638938
            ],
            [
              77.2225,
              28.638938
            ],
            [
              77.2225,
              28.64
            ],
            [
              77.22125,
              28.64
            ],
            [
              77.22125,
              28.638938
            ]
          ]
        ]
      }
    },
    {
      "type": "Feature",
      "properties": {
        "cell_id": "CELL_15_10",
        "row": 15,
        "col": 10,
        "ward_name": "Barakhamba Road High-Rise Corridor",
        "bounds": [
          77.2225,
          28.638938,
          77.22375,
          28.64
        ],
        "center": [
          77.223125,
          28.639469
        ],
        "lst_current": 44.1,
        "ta_current": 40.7,
        "lst_after": 41.1,
        "ta_after": 38.8,
        "cooling_potential": 3.0,
        "population": 3153,
        "vulnerability_score": 0.63,
        "canopy_pct": 11,
        "drivers": {
          "ndvi": 0.17,
          "albedo": 0.16,
          "building_density": 0.59,
          "sky_view_factor": 0.41,
          "imperviousness": 0.79,
          "traffic_density": 0.5
        },
        "energy_balance": {
          "H": 305,
          "LE": 53,
          "G": 116,
          "QF": 45
        }
      },
      "geometry": {
        "type": "Polygon",
        "coordinates": [
          [
            [
              77.2225,
              28.638938
            ],
            [
              77.22375,
              28.638938
            ],
            [
              77.22375,
              28.64
            ],
            [
              77.2225,
              28.64
            ],
            [
              77.2225,
              28.638938
            ]
          ]
        ]
      }
    },
    {
      "type": "Feature",
      "properties": {
        "cell_id": "CELL_15_11",
        "row": 15,
        "col": 11,
        "ward_name": "Barakhamba Road High-Rise Corridor",
        "bounds": [
          77.22375,
          28.638938,
          77.225,
          28.64
        ],
        "center": [
          77.224375,
          28.639469
        ],
        "lst_current": 44.6,
        "ta_current": 41.1,
        "lst_after": 41.4,
        "ta_after": 39.0,
        "cooling_potential": 3.2,
        "population": 3248,
        "vulnerability_score": 0.67,
        "canopy_pct": 10,
        "drivers": {
          "ndvi": 0.15,
          "albedo": 0.15,
          "building_density": 0.61,
          "sky_view_factor": 0.41,
          "imperviousness": 0.79,
          "traffic_density": 0.6
        },
        "energy_balance": {
          "H": 312,
          "LE": 51,
          "G": 117,
          "QF": 50
        }
      },
      "geometry": {
        "type": "Polygon",
        "coordinates": [
          [
            [
              77.22375,
              28.638938
            ],
            [
              77.225,
              28.638938
            ],
            [
              77.225,
              28.64
            ],
            [
              77.22375,
              28.64
            ],
            [
              77.22375,
              28.638938
            ]
          ]
        ]
      }
    },
    {
      "type": "Feature",
      "properties": {
        "cell_id": "CELL_15_12",
        "row": 15,
        "col": 12,
        "ward_name": "Barakhamba Road High-Rise Corridor",
        "bounds": [
          77.225,
          28.638938,
          77.22625,
          28.64
        ],
        "center": [
          77.225625,
          28.639469
        ],
        "lst_current": 43.0,
        "ta_current": 39.8,
        "lst_after": 40.5,
        "ta_after": 38.2,
        "cooling_potential": 2.5,
        "population": 2987,
        "vulnerability_score": 0.54,
        "canopy_pct": 14,
        "drivers": {
          "ndvi": 0.2,
          "albedo": 0.17,
          "building_density": 0.55,
          "sky_view_factor": 0.43,
          "imperviousness": 0.77,
          "traffic_density": 0.3
        },
        "energy_balance": {
          "H": 290,
          "LE": 58,
          "G": 114,
          "QF": 35
        }
      },
      "geometry": {
        "type": "Polygon",
        "coordinates": [
          [
            [
              77.225,
              28.638938
            ],
            [
              77.22625,
              28.638938
            ],
            [
              77.22625,
              28.64
            ],
            [
              77.225,
              28.64
            ],
            [
              77.225,
              28.638938
            ]
          ]
        ]
      }
    },
    {
      "type": "Feature",
      "properties": {
        "cell_id": "CELL_15_13",
        "row": 15,
        "col": 13,
        "ward_name": "Barakhamba Road High-Rise Corridor",
        "bounds": [
          77.22625,
          28.638938,
          77.2275,
          28.64
        ],
        "center": [
          77.226875,
          28.639469
        ],
        "lst_current": 43.5,
        "ta_current": 40.2,
        "lst_after": 40.8,
        "ta_after": 38.4,
        "cooling_potential": 2.7,
        "population": 3082,
        "vulnerability_score": 0.58,
        "canopy_pct": 12,
        "drivers": {
          "ndvi": 0.18,
          "albedo": 0.17,
          "building_density": 0.57,
          "sky_view_factor": 0.42,
          "imperviousness": 0.78,
          "traffic_density": 0.4
        },
        "energy_balance": {
          "H": 297,
          "LE": 55,
          "G": 115,
          "QF": 40
        }
      },
      "geometry": {
        "type": "Polygon",
        "coordinates": [
          [
            [
              77.22625,
              28.638938
            ],
            [
              77.2275,
              28.638938
            ],
            [
              77.2275,
              28.64
            ],
            [
              77.22625,
              28.64
            ],
            [
              77.22625,
              28.638938
            ]
          ]
        ]
      }
    },
    {
      "type": "Feature",
      "properties": {
        "cell_id": "CELL_15_14",
        "row": 15,
        "col": 14,
        "ward_name": "Barakhamba Road High-Rise Corridor",
        "bounds": [
          77.2275,
          28.638938,
          77.22875,
          28.64
        ],
        "center": [
          77.228125,
          28.639469
        ],
        "lst_current": 44.0,
        "ta_current": 40.6,
        "lst_after": 41.1,
        "ta_after": 38.7,
        "cooling_potential": 2.9,
        "population": 3177,
        "vulnerability_score": 0.62,
        "canopy_pct": 11,
        "drivers": {
          "ndvi": 0.17,
          "albedo": 0.16,
          "building_density": 0.59,
          "sky_view_factor": 0.41,
          "imperviousness": 0.79,
          "traffic_density": 0.5
        },
        "energy_balance": {
          "H": 304,
          "LE": 53,
          "G": 116,
          "QF": 45
        }
      },
      "geometry": {
        "type": "Polygon",
        "coordinates": [
          [
            [
              77.2275,
              28.638938
            ],
            [
              77.22875,
              28.638938
            ],
            [
              77.22875,
              28.64
            ],
            [
              77.2275,
              28.64
            ],
            [
              77.2275,
              28.638938
            ]
          ]
        ]
      }
    },
    {
      "type": "Feature",
      "properties": {
        "cell_id": "CELL_15_15",
        "row": 15,
        "col": 15,
        "ward_name": "Barakhamba Road High-Rise Corridor",
        "bounds": [
          77.22875,
          28.638938,
          77.23,
          28.64
        ],
        "center": [
          77.229375,
          28.639469
        ],
        "lst_current": 42.2,
        "ta_current": 39.1,
        "lst_after": 40.0,
        "ta_after": 37.7,
        "cooling_potential": 2.2,
        "population": 2884,
        "vulnerability_score": 0.48,
        "canopy_pct": 15,
        "drivers": {
          "ndvi": 0.22,
          "albedo": 0.18,
          "building_density": 0.52,
          "sky_view_factor": 0.44,
          "imperviousness": 0.76,
          "traffic_density": 0.6
        },
        "energy_balance": {
          "H": 278,
          "LE": 60,
          "G": 113,
          "QF": 50
        }
      },
      "geometry": {
        "type": "Polygon",
        "coordinates": [
          [
            [
              77.22875,
              28.638938
            ],
            [
              77.23,
              28.638938
            ],
            [
              77.23,
              28.64
            ],
            [
              77.22875,
              28.64
            ],
            [
              77.22875,
              28.638938
            ]
          ]
        ]
      }
    }
  ]
}