date,wbgt_max,utci_max,tmax,tmin,rh_mean,sw_max,wind_mean
2015-01-01,16.99,22.35,21.3,12.0,67.958,547.0,1.66
2015-01-02,15.089,17.667,17.2,14.2,83.25,239.0,1.6
2015-01-03,15.726,19.314,17.9,14.0,83.958,287.0,1.422
2015-01-04,15.887,16.53,19.1,10.9,78.375,531.0,2.807
2015-01-05,16.588,14.335,20.7,9.6,73.833,646.0,5.365
2015-01-06,16.747,16.161,20.6,10.5,75.167,585.0,3.562
2015-01-07,14.965,17.053,18.1,10.0,78.75,416.0,1.927
2015-01-08,16.406,21.643,19.6,6.9,80.417,622.0,1.906
2015-01-09,15.883,20.213,18.7,6.3,82.667,637.0,1.793
2015-01-10,14.915,15.313,18.1,7.4,81.5,667.0,2.758
2015-01-11,15.328,17.78,18.1,6.9,84.25,548.0,2.337
2015-01-12,15.222,21.437,17.7,6.0,86.625,588.0,1.128
2015-01-13,15.07,16.409,17.6,6.6,87.458,566.0,2.266
2015-01-14,15.256,15.577,16.8,10.1,84.958,472.0,3.294
2015-01-15,15.193,21.283,18.3,7.7,83.875,636.0,1.509
2015-01-16,16.295,22.172,19.5,7.7,77.583,655.0,1.917
2015-01-17,16.951,21.01,20.3,8.1,79.042,669.0,2.238
2015-01-18,16.521,20.837,20.4,7.7,75.625,679.0,2.076
2015-01-19,15.868,21.309,19.7,6.2,74.958,682.0,1.658
2015-01-20,16.027,20.036,19.2,6.3,79.417,676.0,2.223
2015-01-21,14.09,11.483,16.3,9.9,80.917,378.0,3.047
2015-01-22,14.197,13.322,15.6,11.2,86.792,464.0,2.598
2015-01-23,15.6,20.152,17.9,11.1,82.625,486.0,1.664
2015-01-24,15.207,16.201,17.4,10.9,79.958,522.0,2.384
2015-01-25,14.402,18.673,17.5,9.2,75.167,511.0,1.955
2015-01-26,15.12,18.31,18.1,8.1,74.292,602.0,1.981
2015-01-27,13.985,15.215,17.7,8.9,68.875,671.0,2.806
2015-01-28,14.019,15.093,17.2,6.9,73.833,709.0,3.188
2015-01-29,13.778,14.907,17.8,4.8,67.958,716.0,2.838
2015-01-30,14.419,14.125,18.7,5.4,66.458,728.0,3.464
2015-01-31,15.51,16.827,19.9,7.7,64.375,714.0,3.332
2015-02-01,16.774,21.759,20.7,7.0,73.917,668.0,2.118
2015-02-02,18.171,17.996,21.7,11.0,75.333,685.0,4.06
2015-02-03,18.785,22.794,21.9,13.3,78.0,530.0,3.468
2015-02-04,17.249,19.064,19.9,10.0,85.583,679.0,2.867
2015-02-05,16.687,20.197,20.5,9.2,75.917,754.0,3.057
2015-02-06,16.481,23.723,20.7,7.1,72.292,757.0,1.69
2015-02-07,17.61,25.099,22.1,7.8,68.917,743.0,1.563
2015-02-08,18.272,24.062,22.3,9.8,72.833,695.0,2.062
2015-02-09,18.572,22.553,23.1,10.0,71.167,753.0,2.678
2015-02-10,17.052,20.586,22.1,9.5,66.792,774.0,2.778
2015-02-11,17.421,22.53,22.0,7.9,64.0,757.0,2.286
2015-02-12,17.618,21.607,22.1,8.6,68.958,773.0,2.44
2015-02-13,18.494,21.573,24.3,9.7,62.625,771.0,3.094
2015-02-14,21.265,28.956,26.5,11.4,62.958,761.0,1.515
2015-02-15,20.65,28.182,25.4,11.2,71.458,775.0,1.325
2015-02-16,21.868,24.363,26.2,13.9,70.375,757.0,3.895
2015-02-17,22.553,27.94,26.5,15.8,73.875,745.0,2.87
2015-02-18,22.268,29.201,26.1,15.6,77.0,758.0,1.999
2015-02-19,23.241,27.991,26.7,14.4,77.875,750.0,3.326
2015-02-20,23.649,28.447,27.0,17.0,73.958,748.0,2.99
2015-02-21,22.859,26.91,26.5,15.0,75.458,781.0,3.215
2015-02-22,22.416,25.107,27.1,15.4,68.792,799.0,4.497
2015-02-23,22.616,29.839,26.4,13.5,77.083,765.0,1.723
2015-02-24,23.593,28.835,27.2,14.3,78.833,616.0,2.106
2015-02-25,23.761,27.027,27.2,16.8,79.25,668.0,3.22
2015-02-26,19.847,27.24,24.5,13.7,68.458,792.0,2.045
2015-02-27,18.439,24.54,23.6,12.1,67.5,836.0,2.416
2015-02-28,19.152,26.15,25.4,11.4,55.792,815.0,2.39
2015-03-01,17.932,16.345,19.3,16.1,83.208,193.0,5.725
2015-03-02,17.845,19.242,19.5,14.4,92.792,226.0,4.653
2015-03-03,18.146,22.721,19.6,12.6,85.667,608.0,1.357
2015-03-04,17.371,19.536,21.6,9.7,71.583,846.0,2.777
2015-03-05,19.087,25.873,23.7,9.0,70.083,855.0,1.772
2015-03-06,20.48,27.014,24.9,12.6,70.0,834.0,2.272
2015-03-07,21.543,28.401,25.5,11.7,76.167,840.0,1.667
2015-03-08,21.227,22.982,24.0,14.2,79.25,793.0,2.937
2015-03-09,17.713,22.615,22.4,11.8,69.792,888.0,3.095
2015-03-10,18.802,23.358,23.1,9.6,69.5,890.0,2.953
2015-03-11,19.849,25.468,24.7,10.6,69.792,867.0,2.553
2015-03-12,21.085,27.647,26.5,10.1,67.375,880.0,2.355
2015-03-13,21.981,29.516,25.9,13.9,75.542,833.0,1.682
2015-03-14,22.13,27.268,26.1,14.3,78.708,701.0,2.174
2015-03-15,21.063,20.674,22.5,16.0,87.958,548.0,3.421
2015-03-16,20.382,23.694,22.7,15.2,86.625,605.0,3.035
2015-03-17,21.849,24.791,25.1,14.2,75.875,872.0,3.251
2015-03-18,20.902,22.857,24.7,13.6,69.917,876.0,3.772
2015-03-19,21.141,27.872,26.3,12.2,68.708,910.0,2.343
2015-03-20,22.028,28.718,27.8,12.4,66.708,907.0,2.513
2015-03-21,24.019,31.272,29.2,14.8,69.042,892.0,2.274
2015-03-22,24.217,29.711,30.2,16.8,62.5,900.0,3.416
2015-03-23,25.059,31.334,31.1,17.6,61.917,907.0,3.118
2015-03-24,25.696,34.63,32.2,15.6,63.625,915.0,2.13
2015-03-25,25.859,35.637,32.5,17.2,61.5,887.0,1.725
2015-03-26,27.094,36.996,33.6,20.2,57.458,888.0,1.41
2015-03-27,26.859,36.096,33.8,21.8,56.25,908.0,2.106
2015-03-28,25.384,36.421,34.1,16.4,52.292,940.0,1.725
2015-03-29,25.37,32.052,32.2,20.7,52.125,788.0,3.98
2015-03-30,23.729,25.854,27.1,19.5,74.833,795.0,4.905
2015-03-31,23.773,30.849,28.0,17.4,69.667,778.0,2.368
2015-04-01,25.434,34.554,30.8,17.9,65.542,857.0,1.907
2015-04-02,26.093,35.63,33.3,19.2,56.0,919.0,2.458
2015-04-03,25.528,30.863,30.1,19.1,72.458,804.0,2.87
2015-04-04,22.628,28.063,25.1,18.6,82.667,583.0,1.927
2015-04-05,23.77,31.618,28.5,15.5,68.208,928.0,1.619
2015-04-06,23.72,32.339,30.0,16.2,58.375,947.0,2.131
2015-04-07,23.471,30.821,27.7,16.9,66.583,841.0,1.736
2015-04-08,24.412,32.351,30.0,16.6,61.958,933.0,1.952
2015-04-09,24.066,31.266,31.0,17.0,56.875,963.0,3.162
2015-04-10,25.195,33.884,33.0,17.7,51.5,961.0,2.985
2015-04-11,25.951,37.287,34.1,18.2,49.167,951.0,1.59
2015-04-12,23.597,30.06,29.2,20.2,56.417,652.0,1.881
2015-04-13,24.652,30.647,29.2,18.9,70.0,898.0,2.782
2015-04-14,25.194,31.173,29.7,19.1,69.542,852.0,2.478
2015-04-15,25.832,33.385,31.6,19.3,63.042,915.0,2.268
2015-04-16,25.977,33.747,31.4,20.5,61.875,873.0,2.132
2015-04-17,27.396,35.595,34.9,19.7,55.583,953.0,3.061
2015-04-18,28.466,39.54,37.1,21.0,45.583,957.0,2.593
2015-04-19,28.65,42.614,39.4,21.2,38.792,964.0,1.91
2015-04-20,29.399,41.326,38.7,24.6,38.5,940.0,3.373
2015-04-21,28.452,40.393,38.6,22.4,35.833,957.0,2.815
2015-04-22,25.749,39.793,38.2,22.1,26.625,998.0,3.366
2015-04-23,25.891,40.763,38.7,21.6,24.208,871.0,2.268
2015-04-24,26.331,41.813,39.3,22.4,26.708,954.0,1.639
2015-04-25,28.048,38.716,37.0,23.5,35.542,953.0,4.618
2015-04-26,27.488,35.998,34.4,23.2,48.833,959.0,4.899
2015-04-27,28.844,38.217,36.5,23.8,50.042,946.0,3.89
2015-04-28,28.566,40.543,37.2,24.1,49.792,945.0,2.846
2015-04-29,27.712,39.767,36.6,23.2,46.042,948.0,2.346
2015-04-30,29.264,40.4,38.1,22.8,45.625,961.0,4.16
2015-05-01,27.967,39.377,36.5,24.1,39.958,970.0,2.722
2015-05-02,26.035,39.361,37.3,22.0,28.625,974.0,2.618
2015-05-03,26.018,40.04,38.0,21.0,24.667,996.0,2.112
2015-05-04,26.754,41.399,38.9,20.9,28.042,1000.0,2.136
2015-05-05,27.637,42.506,40.0,20.9,27.625,996.0,2.754
2015-05-06,27.832,45.138,42.5,22.4,26.708,994.0,2.528
2015-05-07,28.922,45.698,42.7,24.1,24.625,983.0,2.754
2015-05-08,28.087,44.891,42.1,26.7,17.792,963.0,3.148
2015-05-09,28.215,43.764,40.8,26.8,22.792,992.0,1.515
2015-05-10,28.699,44.547,41.7,25.1,25.333,963.0,2.065
2015-05-11,29.73,43.155,39.6,25.4,34.0,955.0,1.768
2015-05-12,29.506,39.967,36.3,25.8,47.625,922.0,2.37
2015-05-13,29.371,39.529,35.7,26.1,60.0,851.0,1.804
2015-05-14,28.791,38.869,35.8,24.3,57.75,942.0,1.737
2015-05-15,28.341,38.431,36.6,24.4,50.375,920.0,2.251
2015-05-16,28.541,39.558,35.9,23.3,54.75,967.0,1.18
2015-05-17,29.341,41.589,37.9,24.7,46.792,972.0,1.897
2015-05-18,31.476,44.961,41.2,27.6,38.833,957.0,2.106
2015-05-19,30.743,45.546,41.5,26.8,30.875,973.0,2.686
2015-05-20,29.438,43.081,40.3,26.3,31.292,982.0,3.368
2015-05-21,28.665,44.387,41.7,24.6,26.75,994.0,3.172
2015-05-22,28.602,45.526,42.6,26.2,23.083,1000.0,3.274
2015-05-23,29.289,46.17,43.2,25.5,22.167,993.0,2.698
2015-05-24,30.245,46.433,42.8,27.1,22.708,990.0,1.878
2015-05-25,29.374,47.274,44.1,26.2,20.667,992.0,2.556
2015-05-26,28.911,46.656,44.0,27.7,18.167,963.0,2.02
2015-05-27,27.121,44.074,41.8,26.1,17.292,1010.0,2.748
2015-05-28,28.542,44.093,41.2,25.1,20.417,982.0,2.42
2015-05-29,30.055,44.924,41.7,27.0,26.208,969.0,2.999
2015-05-30,29.798,44.185,41.5,27.7,26.625,960.0,2.765
2015-05-31,29.636,44.82,41.5,26.9,25.0,947.0,2.945
2015-06-01,28.723,42.984,39.8,25.9,30.042,941.0,1.442
2015-06-02,27.326,39.907,37.8,27.2,35.417,730.0,1.615
2015-06-03,28.062,40.53,37.9,25.4,42.125,888.0,2.815
2015-06-04,29.208,40.997,37.5,24.4,48.375,931.0,2.466
2015-06-05,29.845,41.293,37.9,27.2,40.208,908.0,2.496
2015-06-06,28.78,41.18,39.0,26.6,35.375,893.0,2.98
2015-06-07,29.326,43.025,40.4,26.2,30.917,906.0,2.461
2015-06-08,29.743,45.646,42.5,27.0,27.542,910.0,2.441
2015-06-09,29.996,46.021,42.6,29.5,25.0,880.0,5.093
2015-06-10,31.334,44.379,41.4,30.8,33.458,905.0,5.333
2015-06-11,31.141,42.851,40.2,30.8,33.833,899.0,4.028
2015-06-12,30.976,43.605,40.6,29.9,36.792,939.0,3.583
2015-06-13,29.777,43.741,40.1,30.2,38.083,846.0,2.562
2015-06-14,28.81,37.162,32.9,25.6,69.042,783.0,2.007
2015-06-15,29.537,38.364,33.9,23.8,69.167,857.0,1.684
2015-06-16,30.152,40.522,36.5,27.1,59.875,831.0,1.526
2015-06-17,30.66,41.865,37.6,27.8,57.917,830.0,1.402
2015-06-18,30.779,42.859,39.1,28.6,46.25,843.0,1.601
2015-06-19,31.691,43.253,39.2,29.4,47.708,855.0,2.404
2015-06-20,31.595,39.866,37.2,28.8,57.792,811.0,4.874
2015-06-21,31.343,40.543,36.4,28.9,61.958,798.0,3.295
2015-06-22,30.885,40.798,36.9,26.7,61.625,883.0,2.902
2015-06-23,31.176,42.23,38.2,28.6,56.167,914.0,2.249
2015-06-24,31.261,40.564,36.4,26.6,69.792,767.0,2.03
2015-06-25,26.158,30.494,27.2,25.2,91.542,250.0,2.293
2015-06-26,29.955,36.738,34.7,24.6,70.0,910.0,3.044
2015-06-27,30.756,38.606,35.9,27.6,66.167,886.0,3.673
2015-06-28,30.957,40.628,37.2,28.1,64.167,827.0,2.477
2015-06-29,29.769,36.751,33.8,27.0,67.375,851.0,4.176
2015-06-30,29.039,36.881,32.9,25.8,68.083,849.0,2.244
2015-07-01,30.238,39.477,34.8,25.6,70.0,815.0,1.411
2015-07-02,31.029,39.791,36.0,26.7,67.5,828.0,1.97
2015-07-03,31.476,40.147,37.2,28.1,63.792,881.0,3.491
2015-07-04,30.857,38.009,35.8,27.1,63.625,768.0,3.856
2015-07-05,31.978,40.503,37.3,27.5,67.583,898.0,3.62
2015-07-06,29.374,37.111,32.6,25.9,76.708,642.0,2.633
2015-07-07,28.946,36.795,31.5,24.9,84.208,714.0,2.048
2015-07-08,29.222,36.152,31.9,25.4,84.042,546.0,1.854
2015-07-09,29.54,37.285,31.8,25.7,86.583,622.0,1.192
2015-07-10,27.479,31.999,28.2,25.6,92.875,349.0,2.199
2015-07-11,26.19,29.151,28.0,23.9,90.75,335.0,3.708
2015-07-12,26.014,28.641,26.9,24.1,88.875,189.0,3.878
2015-07-13,29.043,36.059,32.0,24.0,79.833,735.0,2.117
2015-07-14,29.541,34.819,32.9,26.2,77.208,725.0,3.442
2015-07-15,30.994,37.407,34.8,27.4,69.667,893.0,4.222
2015-07-16,30.234,37.764,34.3,26.5,69.292,828.0,3.31
2015-07-17,28.465,35.583,31.3,26.2,86.25,438.0,2.253
2015-07-18,30.066,37.72,32.7,26.4,83.292,696.0,1.627
2015-07-19,29.999,38.312,32.3,26.3,84.208,748.0,1.55
2015-07-20,28.364,34.322,30.8,25.5,87.667,480.0,2.052
2015-07-21,29.085,35.233,32.1,26.0,81.208,713.0,2.744
2015-07-22,30.023,36.308,31.9,26.9,82.042,714.0,2.874
2015-07-23,29.324,34.666,32.1,27.2,75.917,739.0,3.553
2015-07-24,29.224,36.246,31.5,26.8,79.875,688.0,2.745
2015-07-25,29.343,34.823,32.1,26.1,80.833,703.0,3.33
2015-07-26,28.6,32.198,31.0,26.4,77.333,712.0,6.675
2015-07-27,27.668,31.85,30.7,24.3,75.333,560.0,4.317
2015-07-28,27.939,32.469,31.1,24.7,74.958,687.0,3.601
2015-07-29,26.889,29.387,29.6,24.9,73.875,567.0,4.684
2015-07-30,27.821,31.868,30.2,25.2,79.083,603.0,3.775
2015-07-31,28.044,32.847,30.4,25.7,76.375,857.0,3.039
2015-08-01,27.181,32.887,29.4,25.4,84.167,485.0,1.932
2015-08-02,28.196,35.292,31.2,25.5,82.792,683.0,0.945
2015-08-03,29.97,37.37,33.0,25.7,81.417,782.0,1.627
2015-08-04,30.127,38.81,33.0,25.7,79.5,799.0,1.478
2015-08-05,30.758,39.532,32.3,25.7,86.5,824.0,1.629
2015-08-06,29.541,37.453,32.0,26.1,87.417,723.0,1.156
2015-08-07,29.818,37.077,32.2,25.9,88.75,666.0,1.852
2015-08-08,26.456,28.886,27.5,24.7,94.125,262.0,2.171
2015-08-09,26.915,32.138,28.4,24.4,93.417,386.0,1.658
2015-08-10,28.695,35.906,31.2,25.5,88.125,531.0,0.86
2015-08-11,27.929,32.066,29.4,25.6,91.375,339.0,2.467
2015-08-12,28.914,36.259,31.7,25.8,83.083,693.0,2.288
2015-08-13,30.362,37.987,33.1,26.2,82.583,815.0,1.497
2015-08-14,29.886,37.7,32.0,26.0,85.042,710.0,1.642
2015-08-15,28.808,35.827,30.4,26.3,88.25,570.0,1.478
2015-08-16,27.955,34.405,29.9,25.4,88.5,418.0,0.944
2015-08-17,30.038,37.936,32.7,25.1,83.333,784.0,1.192
2015-08-18,30.838,38.22,33.6,26.0,84.375,824.0,1.985
2015-08-19,30.062,35.366,33.0,25.8,78.458,796.0,3.435
2015-08-20,28.655,33.386,32.0,26.7,71.0,756.0,3.865
2015-08-21,28.596,34.518,31.8,25.7,72.833,751.0,2.469
2015-08-22,28.248,34.371,31.3,25.2,76.042,703.0,1.841
2015-08-23,29.752,36.993,32.5,24.5,81.542,833.0,1.319
2015-08-24,29.471,35.669,32.9,25.4,75.958,801.0,2.545
2015-08-25,29.818,35.507,33.7,26.4,70.875,806.0,3.542
2015-08-26,30.374,37.107,33.9,26.6,72.208,858.0,2.787
2015-08-27,30.18,38.804,33.3,26.3,79.292,738.0,1.076
2015-08-28,30.679,38.741,33.4,25.1,81.958,760.0,1.66
2015-08-29,30.368,37.881,33.9,26.5,78.042,835.0,1.978
2015-08-30,30.399,37.366,34.3,26.1,75.042,818.0,2.387
2015-08-31,29.749,36.164,34.3,26.4,68.292,877.0,2.912
2015-09-01,28.974,35.947,34.5,25.6,63.417,850.0,3.195
2015-09-02,28.552,35.522,33.8,25.5,58.708,883.0,3.149
2015-09-03,28.575,36.912,34.4,25.2,56.958,876.0,2.905
2015-09-04,28.657,36.742,34.8,24.0,60.958,852.0,1.958
2015-09-05,28.59,36.167,34.8,23.2,59.542,881.0,3.02
2015-09-06,28.164,36.213,34.8,23.3,57.542,889.0,2.75
2015-09-07,28.205,36.259,34.7,24.2,55.208,859.0,2.977
2015-09-08,28.693,36.572,35.1,23.0,57.792,873.0,2.932
2015-09-09,28.57,36.665,35.4,23.8,56.375,882.0,3.165
2015-09-10,28.675,37.61,35.9,22.1,59.458,873.0,2.602
2015-09-11,28.868,37.961,35.4,21.9,61.208,881.0,2.002
2015-09-12,29.484,39.011,34.9,22.6,69.042,846.0,1.836
2015-09-13,29.663,39.442,35.4,25.1,68.75,825.0,1.598
2015-09-14,29.615,39.888,36.3,24.1,61.958,830.0,1.652
2015-09-15,29.24,38.834,35.5,24.5,62.708,801.0,1.661
2015-09-16,29.524,38.702,35.0,25.7,66.083,783.0,2.094
2015-09-17,29.985,38.326,34.4,24.7,71.667,732.0,1.671
2015-09-18,29.073,34.689,33.4,26.7,72.292,626.0,2.64
2015-09-19,29.609,36.482,32.5,24.6,84.458,647.0,1.822
2015-09-20,30.329,38.363,33.7,26.1,83.208,808.0,1.77
2015-09-21,29.714,37.17,32.0,25.3,84.542,782.0,1.79
2015-09-22,29.161,33.897,32.1,25.2,78.792,737.0,3.469
2015-09-23,26.386,30.453,30.5,24.0,74.875,731.0,3.295
2015-09-24,26.419,30.948,31.2,23.9,66.792,779.0,3.932
2015-09-25,26.439,31.71,31.3,22.4,66.875,754.0,3.072
2015-09-26,27.6,35.0,32.5,22.3,66.125,827.0,2.344
2015-09-27,27.913,35.609,33.2,22.4,64.375,790.0,2.087
2015-09-28,27.094,34.624,32.5,21.5,65.625,841.0,2.221
2015-09-29,26.891,34.516,33.0,19.9,63.292,842.0,2.562
2015-09-30,26.515,34.459,33.2,20.4,56.875,848.0,2.97
2015-10-01,26.515,35.695,33.2,19.6,60.417,848.0,2.107
2015-10-02,26.583,35.06,34.1,18.4,57.208,848.0,2.423
2015-10-03,27.4,36.351,35.0,19.7,57.25,831.0,2.328
2015-10-04,27.893,38.261,35.5,20.2,56.917,816.0,1.807
2015-10-05,27.866,38.168,35.3,20.5,54.833,816.0,1.559
2015-10-06,28.175,37.185,34.9,20.6,53.167,807.0,1.858
2015-10-07,27.998,36.132,34.5,22.1,56.042,790.0,2.199
2015-10-08,27.823,36.012,34.9,22.3,54.167,803.0,2.57
2015-10-09,27.547,36.182,35.6,21.0,49.833,803.0,2.371
2015-10-10,27.062,37.259,36.3,21.3,40.208,817.0,2.351
2015-10-11,27.854,37.077,35.5,22.1,46.0,799.0,2.166
2015-10-12,27.144,36.73,34.0,21.2,52.25,795.0,1.873
2015-10-13,27.769,35.296,32.7,23.6,69.0,722.0,3.039
2015-10-14,28.659,36.909,32.9,22.3,73.75,735.0,2.348
2015-10-15,27.284,35.73,32.1,21.3,70.333,734.0,1.777
2015-10-16,27.076,35.936,32.9,21.8,67.792,698.0,1.599
2015-10-17,27.39,35.568,33.4,21.5,65.75,759.0,1.895
2015-10-18,27.416,36.192,33.1,22.4,62.875,718.0,1.36
2015-10-19,27.916,36.903,34.1,21.9,63.917,711.0,1.831
2015-10-20,27.13,35.284,34.0,21.3,54.917,731.0,1.992
2015-10-21,26.104,34.393,32.6,20.3,52.917,726.0,2.152
2015-10-22,24.162,31.807,31.8,18.3,47.958,781.0,2.572
2015-10-23,23.723,31.812,31.6,17.0,49.292,776.0,2.462
2015-10-24,24.525,33.505,31.5,18.8,51.375,759.0,1.492
2015-10-25,25.068,32.692,32.0,19.9,52.375,745.0,3.206
2015-10-26,24.621,32.237,30.8,19.4,56.875,738.0,2.355
2015-10-27,23.98,31.811,29.9,18.2,54.458,702.0,1.911
2015-10-28,21.725,28.47,27.4,17.0,72.167,618.0,2.012
2015-10-29,21.668,28.971,26.5,14.9,65.333,732.0,1.672
2015-10-30,22.483,28.885,27.6,15.5,70.875,724.0,1.338
2015-10-31,23.246,30.62,28.2,16.2,66.25,730.0,1.512
2015-11-01,23.747,31.765,29.2,18.1,63.792,722.0,0.916
2015-11-02,24.039,32.223,29.2,17.0,65.333,715.0,1.293
2015-11-03,23.647,29.978,28.4,17.9,66.5,562.0,1.717
2015-11-04,23.93,31.802,28.8,17.6,64.875,691.0,1.173
2015-11-05,23.053,28.065,27.7,19.6,67.208,600.0,2.744
2015-11-06,23.36,29.729,27.7,19.3,68.417,589.0,1.483
2015-11-07,23.696,30.336,27.9,17.3,72.75,660.0,1.027
2015-11-08,23.731,30.384,28.4,18.3,72.708,568.0,1.758
2015-11-09,23.772,31.273,28.5,17.6,69.083,671.0,1.65
2015-11-10,23.896,30.493,28.9,17.6,66.458,680.0,1.847
2015-11-11,22.616,27.164,28.5,17.0,53.625,692.0,3.079
2015-11-12,22.069,28.026,28.7,16.9,51.833,687.0,3.015
2015-11-13,23.53,28.854,29.6,16.4,58.5,680.0,2.573
2015-11-14,23.195,29.301,29.7,17.9,57.833,679.0,2.552
2015-11-15,23.193,30.598,29.5,16.1,56.0,682.0,1.724
2015-11-16,22.535,28.129,28.7,18.2,53.375,593.0,2.684
2015-11-17,19.444,25.957,27.5,14.6,44.292,707.0,2.878
2015-11-18,19.467,26.408,26.9,11.3,46.542,703.0,2.384
2015-11-19,20.141,28.153,26.7,12.1,53.292,688.0,1.561
2015-11-20,20.7,28.684,26.6,12.2,62.375,678.0,1.558
2015-11-21,20.486,28.526,26.5,12.2,60.125,677.0,1.574
2015-11-22,20.221,28.405,26.5,12.2,62.208,667.0,1.7
2015-11-23,20.306,28.234,26.6,11.4,61.792,676.0,1.619
2015-11-24,20.888,26.318,27.3,12.5,56.375,665.0,2.472
2015-11-25,19.969,25.395,27.6,14.2,50.375,654.0,3.198
2015-11-26,20.383,28.031,27.1,12.6,49.917,608.0,1.704
2015-11-27,20.339,24.929,24.6,13.7,69.208,582.0,1.67
2015-11-28,20.704,23.034,24.8,16.4,68.333,502.0,2.652
2015-11-29,21.177,27.523,26.1,13.5,67.458,651.0,1.596
2015-11-30,23.031,29.907,27.0,16.1,71.625,582.0,1.476
2015-12-01,21.891,28.906,26.8,15.5,68.875,592.0,1.718
2015-12-02,20.245,25.363,25.1,15.7,63.5,542.0,2.021
2015-12-03,19.877,23.115,24.6,12.4,65.083,641.0,2.757
2015-12-04,20.079,24.429,25.5,13.1,62.792,646.0,2.98
2015-12-05,19.706,27.142,25.2,11.0,67.083,644.0,1.346
2015-12-06,19.97,27.315,25.1,12.3,67.125,638.0,1.307
2015-12-07,20.241,27.186,24.7,12.0,70.417,628.0,1.503
2015-12-08,20.465,27.208,25.3,13.9,69.708,629.0,1.456
2015-12-09,19.705,23.905,23.9,12.8,72.333,540.0,2.66
2015-12-10,20.988,24.627,25.4,14.2,73.083,497.0,2.497
2015-12-11,18.77,22.774,23.1,13.2,65.125,594.0,1.989
2015-12-12,16.205,18.936,19.8,10.0,65.458,589.0,2.668
2015-12-13,14.944,20.479,19.8,9.2,62.792,613.0,2.276
2015-12-14,15.05,17.403,20.2,8.4,53.25,644.0,2.946
2015-12-15,15.372,18.111,21.0,8.1,51.792,645.0,3.062
2015-12-16,14.523,22.681,20.2,5.4,56.875,651.0,1.562
2015-12-17,15.074,22.385,20.0,6.3,62.958,634.0,1.997
2015-12-18,15.249,17.684,20.5,7.3,61.708,643.0,2.703
2015-12-19,15.229,19.628,20.5,7.5,59.542,647.0,2.456
2015-12-20,14.985,21.754,20.0,7.4,62.167,641.0,1.731
2015-12-21,15.049,22.133,19.6,6.3,62.792,638.0,1.493
2015-12-22,15.455,21.745,19.8,7.3,67.583,627.0,1.201
2015-12-23,15.142,19.434,19.5,6.2,67.417,633.0,2.281
2015-12-24,14.332,14.931,19.0,8.1,58.917,633.0,3.343
2015-12-25,13.823,16.151,19.3,6.1,52.75,644.0,2.977
2015-12-26,15.173,17.461,21.1,7.8,49.083,626.0,3.36
2015-12-27,16.866,18.267,22.2,9.3,54.542,614.0,3.356
2015-12-28,17.877,20.13,23.7,12.2,53.792,577.0,3.851
2015-12-29,17.84,19.439,23.4,12.2,53.75,594.0,3.825
2015-12-30,18.173,23.797,23.9,10.0,61.25,633.0,2.196
2015-12-31,17.622,23.612,23.1,8.7,66.042,647.0,2.042
2016-01-01,17.161,23.756,22.3,9.3,68.417,625.0,1.798
2016-01-02,16.719,21.334,22.0,7.3,65.75,640.0,2.222
2016-01-03,17.273,20.298,22.6,8.7,62.458,636.0,2.845
2016-01-04,18.173,25.207,22.9,8.4,65.542,599.0,1.447
2016-01-05,20.102,26.823,24.5,12.5,68.833,622.0,1.276
2016-01-06,20.235,24.299,24.2,13.0,74.5,592.0,2.088
2016-01-07,20.164,26.779,24.1,11.8,75.458,616.0,1.495
2016-01-08,19.52,22.453,23.1,12.2,74.417,621.0,2.568
2016-01-09,16.945,17.412,21.8,10.7,63.25,650.0,3.755
2016-01-10,18.292,22.247,22.5,9.1,67.667,645.0,2.238
2016-01-11,18.578,25.422,23.0,9.9,71.875,646.0,1.642
2016-01-12,19.213,22.887,23.9,10.2,71.208,644.0,2.582
2016-01-13,18.273,22.999,21.8,10.9,75.792,567.0,1.698
2016-01-14,16.372,21.772,19.3,9.6,76.917,485.0,1.497
2016-01-15,15.298,17.625,18.8,8.5,74.875,590.0,2.44
2016-01-16,15.179,15.61,18.7,8.8,74.375,588.0,2.985
2016-01-17,15.191,21.907,18.4,7.6,76.792,669.0,1.19
2016-01-18,15.145,21.32,18.5,7.1,77.583,654.0,1.419
2016-01-19,15.107,21.244,18.6,7.1,75.292,629.0,1.716
2016-01-20,13.528,17.73,17.5,7.2,72.5,546.0,2.032
2016-01-21,14.266,15.576,17.8,6.0,74.583,671.0,2.488
2016-01-22,14.806,19.201,18.2,4.8,76.292,684.0,1.977
2016-01-23,15.876,22.252,19.4,5.9,76.792,689.0,1.679
2016-01-24,15.781,20.859,18.7,6.5,78.375,690.0,1.841
2016-01-25,14.37,18.228,17.1,5.0,79.958,711.0,1.897
2016-01-26,16.325,22.969,19.6,7.2,74.958,689.0,1.052
2016-01-27,18.612,25.364,22.2,10.3,74.208,680.0,1.48
2016-01-28,18.287,22.003,22.6,9.4,71.792,702.0,2.357
2016-01-29,19.745,26.251,24.0,11.4,71.917,684.0,1.624
2016-01-30,21.718,28.637,25.5,13.7,72.75,679.0,1.573
2016-01-31,18.801,20.795,22.1,12.8,77.333,507.0,2.823
2016-02-01,16.799,20.477,22.1,9.7,64.917,738.0,2.796
2016-02-02,15.553,18.432,20.9,7.4,58.083,738.0,2.66
2016-02-03,15.836,17.115,21.5,8.3,53.333,746.0,3.614
2016-02-04,16.364,20.407,22.3,8.3,51.792,747.0,3.021
2016-02-05,16.924,22.616,22.8,6.9,57.542,754.0,2.431
2016-02-06,17.573,23.488,23.1,7.1,59.542,753.0,2.101
2016-02-07,16.234,19.383,19.6,12.1,73.875,426.0,2.235
2016-02-08,17.343,23.494,21.7,8.6,73.583,744.0,2.005
2016-02-09,18.309,23.541,22.9,9.5,69.417,753.0,2.32
2016-02-10,18.42,25.633,23.4,9.1,66.625,760.0,1.638
2016-02-11,19.204,25.104,24.7,12.2,55.75,755.0,2.887
2016-02-12,19.021,26.754,24.2,9.4,64.458,765.0,1.687
2016-02-13,17.579,19.846,22.0,11.8,61.583,653.0,2.929
2016-02-14,18.273,24.329,23.6,9.3,65.333,777.0,2.445
2016-02-15,17.048,23.533,22.3,9.4,59.542,712.0,2.07
2016-02-16,17.358,25.164,23.3,8.9,54.708,797.0,1.965
2016-02-17,19.598,26.569,25.6,11.0,53.75,698.0,2.166
2016-02-18,22.188,28.882,27.0,14.7,61.042,646.0,2.233
2016-02-19,23.584,30.413,28.8,17.0,65.792,591.0,1.712
2016-02-20,23.286,29.402,25.9,18.1,74.75,636.0,2.101
2016-02-21,20.904,22.955,25.4,14.6,65.292,802.0,4.16
2016-02-22,20.081,22.935,26.1,13.0,52.083,822.0,4.57
2016-02-23,20.523,25.814,26.9,12.4,54.125,824.0,2.873
2016-02-24,20.896,28.508,26.7,11.3,57.792,822.0,1.705
2016-02-25,21.177,28.676,27.3,11.4,59.0,825.0,2.31
2016-02-26,21.77,29.806,27.4,13.7,58.75,820.0,1.738
2016-02-27,21.705,29.814,27.3,12.1,60.292,817.0,1.31
2016-02-28,22.7,30.814,28.0,14.9,61.167,817.0,1.528
2016-02-29,22.707,30.692,28.0,15.0,62.333,793.0,1.408
2016-03-01,23.267,31.83,28.6,16.1,62.0,809.0,1.297
2016-03-02,24.57,33.376,30.5,15.6,62.292,822.0,1.518
2016-03-03,25.194,34.385,31.4,15.9,59.75,825.0,1.807
2016-03-04,24.243,33.856,31.9,16.2,50.917,839.0,2.361
2016-03-05,23.247,30.172,29.8,17.0,59.5,788.0,3.29
2016-03-06,22.049,28.635,25.9,16.0,75.167,682.0,2.635
2016-03-07,23.301,31.332,27.7,15.0,68.75,831.0,1.626
2016-03-08,22.631,29.581,27.6,16.3,66.375,801.0,2.432
2016-03-09,22.513,28.229,28.0,14.9,62.5,859.0,2.517
2016-03-10,23.59,30.528,29.7,15.1,61.875,856.0,2.43
2016-03-11,25.19,32.062,30.9,18.0,64.833,779.0,2.422
2016-03-12,23.551,31.191,28.4,17.5,76.542,828.0,2.841
2016-03-13,23.347,29.01,27.2,16.3,70.833,872.0,3.154
2016-03-14,22.232,28.258,25.1,16.2,76.625,766.0,1.795
2016-03-15,21.579,28.53,27.3,14.4,65.542,825.0,2.067
2016-03-16,21.145,26.214,27.6,14.0,55.917,894.0,3.361
2016-03-17,23.7,30.985,29.8,16.3,56.167,874.0,2.594
2016-03-18,24.045,30.258,29.3,18.6,58.75,857.0,2.978
2016-03-19,24.792,33.675,30.7,17.7,59.917,790.0,1.644
2016-03-20,24.919,34.362,31.4,18.1,55.542,889.0,2.115
2016-03-21,22.339,29.541,30.5,17.5,44.917,916.0,4.49
2016-03-22,21.005,27.989,29.8,16.2,36.208,946.0,5.645
2016-03-23,23.129,31.501,31.9,16.2,39.167,937.0,3.848
2016-03-24,24.586,35.656,33.4,16.3,46.542,888.0,1.566
2016-03-25,26.461,37.686,34.7,17.1,49.833,900.0,1.797
2016-03-26,25.174,32.961,32.3,18.7,53.375,861.0,3.596
2016-03-27,23.307,32.938,31.7,18.4,45.208,926.0,3.099
2016-03-28,23.425,32.575,31.7,16.6,41.458,937.0,2.626
2016-03-29,24.09,32.898,32.0,18.1,41.583,888.0,2.726
2016-03-30,25.455,36.254,34.4,17.9,45.208,806.0,2.076
2016-03-31,26.356,38.441,36.3,19.2,40.292,926.0,1.868
2016-04-01,26.806,38.067,36.5,21.9,39.25,923.0,3.105
2016-04-02,28.139,39.894,37.6,21.4,41.042,898.0,2.182
2016-04-03,29.614,42.132,38.5,24.3,44.208,896.0,1.88
2016-04-04,26.971,39.746,37.1,23.3,34.167,886.0,2.405
2016-04-05,26.038,37.109,35.9,21.5,36.708,904.0,3.25
2016-04-06,24.91,37.585,35.1,22.5,29.833,921.0,2.301
2016-04-07,25.659,36.083,34.8,19.8,36.958,951.0,2.715
2016-04-08,24.055,37.134,34.8,17.8,37.75,963.0,1.772
2016-04-09,25.204,38.588,36.3,20.2,26.625,955.0,2.445
2016-04-10,25.648,38.065,36.3,24.0,29.125,827.0,2.699
2016-04-11,25.551,36.019,34.9,21.2,33.417,954.0,4.292
2016-04-12,25.085,34.942,34.5,21.2,33.375,974.0,4.837
2016-04-13,25.749,38.225,36.7,22.7,29.75,976.0,4.81
2016-04-14,27.591,40.536,38.5,22.7,29.417,958.0,3.489
2016-04-15,27.817,41.929,39.8,22.4,31.292,861.0,2.923
2016-04-16,29.307,43.888,41.0,24.5,30.208,950.0,2.89
2016-04-17,28.111,42.694,39.7,26.5,26.083,932.0,2.285
2016-04-18,28.456,41.638,38.5,26.3,31.833,893.0,1.89
2016-04-19,27.979,40.395,37.8,25.7,37.208,708.0,1.81
2016-04-20,28.098,40.952,38.8,23.7,25.708,964.0,3.389
2016-04-21,26.381,41.131,38.9,24.9,22.875,990.0,4.624
2016-04-22,27.003,41.258,38.6,24.3,24.75,919.0,2.377
2016-04-23,24.505,38.006,36.7,22.6,24.542,986.0,3.12
2016-04-24,24.189,38.475,37.1,19.2,21.083,1004.0,2.933
2016-04-25,25.045,39.675,38.1,21.0,18.583,1002.0,2.795
2016-04-26,25.465,40.891,38.5,21.5,22.792,982.0,2.106
2016-04-27,25.739,42.043,39.7,22.0,22.25,992.0,2.26
2016-04-28,26.018,41.84,39.6,22.1,18.792,1003.0,2.883
2016-04-29,26.061,41.424,39.4,22.3,18.958,984.0,2.722
2016-04-30,26.159,42.333,39.9,21.0,21.0,1005.0,2.174
2016-05-01,27.16,43.766,41.2,23.3,20.125,1005.0,2.999
2016-05-02,28.331,45.057,42.5,24.9,19.208,993.0,2.072
2016-05-03,28.988,40.351,38.0,27.5,31.958,870.0,2.924
2016-05-04,29.51,41.673,38.9,24.8,47.958,919.0,3.65
2016-05-05,27.905,36.827,34.6,24.8,49.792,823.0,3.481
2016-05-06,27.312,36.84,34.1,23.6,54.125,850.0,1.485
2016-05-07,26.947,38.192,36.0,24.6,41.25,817.0,1.637
2016-05-08,29.152,40.601,37.2,25.4,45.167,927.0,2.776
2016-05-09,29.827,41.849,38.8,26.2,41.75,956.0,3.769
2016-05-10,30.098,40.737,38.0,26.6,45.708,961.0,3.579
2016-05-11,29.774,40.357,37.0,26.6,50.708,947.0,2.898
2016-05-12,30.239,42.191,39.0,25.4,48.583,947.0,1.828
2016-05-13,30.448,44.586,41.0,27.9,30.333,970.0,1.985
2016-05-14,29.946,44.598,41.2,27.4,30.0,978.0,1.544
2016-05-15,29.271,45.661,42.3,26.6,29.292,976.0,2.132
2016-05-16,29.195,45.767,42.7,26.6,24.833,991.0,2.963
2016-05-17,29.249,45.903,42.7,26.3,21.708,991.0,2.905
2016-05-18,29.445,46.608,43.1,25.6,22.792,994.0,1.875
2016-05-19,31.916,45.424,41.6,27.7,35.625,962.0,3.96
2016-05-20,32.461,44.341,40.2,29.4,42.75,954.0,3.878
2016-05-21,32.894,44.992,41.1,27.3,53.083,956.0,4.267
2016-05-22,32.473,45.853,42.1,28.2,47.375,957.0,3.145
2016-05-23,32.236,44.806,40.9,26.1,52.5,946.0,3.152
2016-05-24,30.58,41.205,38.0,26.5,59.0,893.0,2.907
2016-05-25,30.232,42.052,39.4,25.2,52.958,897.0,1.885
2016-05-26,30.817,42.887,39.8,25.4,49.5,947.0,1.594
2016-05-27,30.824,44.059,40.9,28.5,36.792,954.0,2.909
2016-05-28,30.655,43.349,40.4,28.9,37.333,934.0,3.172
2016-05-29,29.915,38.519,36.2,26.9,54.417,861.0,3.51
2016-05-30,28.303,36.029,33.0,24.0,68.042,774.0,2.825
2016-05-31,30.995,41.132,38.1,25.1,56.583,886.0,2.068
2016-06-01,30.705,42.907,40.2,27.0,48.25,872.0,2.298
2016-06-02,30.93,44.482,41.0,28.1,37.458,938.0,2.412
2016-06-03,31.153,45.277,41.8,26.5,41.958,948.0,2.016
2016-06-04,31.671,46.363,42.4,27.7,44.875,896.0,2.45
2016-06-05,33.068,44.713,40.8,29.0,55.0,928.0,3.995
2016-06-06,32.52,43.86,40.0,29.3,52.667,935.0,3.59
2016-06-07,32.315,43.683,39.6,29.2,52.292,923.0,3.413
2016-06-08,32.123,44.226,40.5,28.9,51.458,912.0,3.112
2016-06-09,31.631,44.298,40.2,28.7,50.667,878.0,3.068
2016-06-10,32.164,45.535,41.6,29.2,50.458,934.0,2.137
2016-06-11,31.5,43.068,39.4,28.9,50.375,917.0,2.774
2016-06-12,31.377,42.178,38.9,27.0,53.292,924.0,2.657
2016-06-13,31.974,43.567,40.2,29.3,46.917,911.0,3.188
2016-06-14,31.229,40.166,37.5,26.9,61.0,844.0,2.781
2016-06-15,30.879,40.612,36.7,28.5,65.292,661.0,2.002
2016-06-16,30.873,40.428,36.8,28.0,60.833,895.0,4.191
2016-06-17,31.942,41.724,37.5,27.1,62.083,900.0,3.154
2016-06-18,31.003,39.825,36.4,26.4,66.542,858.0,3.369
2016-06-19,31.764,40.361,36.3,28.9,63.708,889.0,3.483
2016-06-20,31.586,39.731,36.5,29.2,63.083,770.0,3.778
2016-06-21,30.892,39.551,36.2,27.7,71.75,753.0,3.588
2016-06-22,30.488,39.421,35.2,26.7,69.125,772.0,2.193
2016-06-23,31.586,41.939,37.7,27.8,62.75,883.0,1.807
2016-06-24,31.896,41.9,38.8,28.6,58.375,752.0,1.874
2016-06-25,32.43,42.911,38.9,29.9,58.833,799.0,3.549
2016-06-26,31.367,40.001,36.5,27.3,65.292,839.0,3.306
2016-06-27,31.492,41.07,37.0,27.0,67.125,723.0,2.688
2016-06-28,30.288,38.063,34.2,26.2,77.292,649.0,2.712
2016-06-29,31.171,39.61,36.1,27.1,69.5,741.0,2.374
2016-06-30,32.174,42.895,37.8,27.9,65.917,896.0,2.127
2016-07-01,31.158,39.372,36.0,27.2,73.333,512.0,3.212
2016-07-02,28.537,33.281,30.7,26.0,86.0,415.0,2.661
2016-07-03,28.439,33.414,30.2,25.4,90.583,382.0,2.28
2016-07-04,29.498,37.843,32.7,25.3,81.375,746.0,1.088
2016-07-05,31.354,40.451,34.7,26.9,75.417,815.0,1.333
2016-07-06,30.733,39.672,33.4,27.1,79.125,795.0,1.979
2016-07-07,30.547,38.559,33.5,26.6,75.958,836.0,2.415
2016-07-08,31.186,39.875,34.4,27.1,75.958,705.0,1.82
2016-07-09,30.903,39.713,34.5,27.4,76.0,803.0,2.163
2016-07-10,30.986,40.079,34.4,27.6,75.208,797.0,1.608
2016-07-11,30.454,36.633,33.0,26.8,82.0,766.0,2.752
2016-07-12,29.746,34.832,32.0,26.0,82.792,682.0,2.957
2016-07-13,30.376,37.728,33.0,26.9,80.417,672.0,2.258
2016-07-14,30.632,38.417,32.7,27.1,86.542,694.0,1.325
2016-07-15,30.303,37.769,32.1,25.6,89.375,773.0,1.692
2016-07-16,26.854,31.8,27.4,25.8,94.5,207.0,1.568
2016-07-17,25.969,30.252,26.8,25.4,94.292,133.0,1.839
2016-07-18,30.279,36.302,32.8,25.0,85.042,805.0,1.95
2016-07-19,30.86,36.95,34.1,25.8,77.75,842.0,3.186
2016-07-20,30.886,38.035,34.8,27.4,69.625,883.0,3.125
2016-07-21,31.139,39.655,35.3,28.4,68.75,792.0,2.834
2016-07-22,30.289,39.163,34.6,26.9,72.625,803.0,1.542
2016-07-23,29.72,35.796,32.0,26.9,81.542,676.0,3.038
2016-07-24,29.837,38.161,32.3,25.7,82.917,765.0,1.615
2016-07-25,30.874,39.814,33.1,25.5,84.375,828.0,1.365
2016-07-26,29.252,34.716,31.3,26.0,86.792,496.0,3.607
2016-07-27,27.699,33.059,29.5,25.7,86.417,458.0,3.481
2016-07-28,27.906,33.007,30.0,24.9,89.125,442.0,2.221
2016-07-29,26.514,31.626,27.0,24.7,94.375,299.0,2.067
2016-07-30,27.742,33.62,29.6,24.8,89.667,532.0,1.986
2016-07-31,27.728,33.411,29.0,24.7,89.375,404.0,1.857
2016-08-01,28.004,31.617,29.2,25.1,89.167,579.0,2.992
2016-08-02,29.334,34.927,31.9,24.7,86.083,648.0,3.022
2016-08-03,30.202,36.283,32.9,25.7,78.5,866.0,2.658
2016-08-04,31.161,38.925,33.6,27.2,79.0,860.0,2.563
2016-08-05,30.902,38.996,33.7,27.3,80.042,704.0,2.093
2016-08-06,28.936,33.016,31.3,27.1,84.708,446.0,3.192
2016-08-07,30.496,37.011,33.0,26.0,79.833,801.0,2.599
2016-08-08,30.172,35.72,32.5,26.8,81.208,827.0,3.038
2016-08-09,28.868,34.41,30.5,25.9,84.792,691.0,3.283
2016-08-10,28.467,32.832,30.4,25.8,87.708,673.0,3.254
2016-08-11,28.436,34.765,30.4,25.2,89.542,467.0,2.185
2016-08-12,28.701,35.506,30.7,25.1,88.833,500.0,1.32
2016-08-13,29.573,37.611,31.8,25.3,88.25,704.0,0.861
2016-08-14,29.009,35.748,30.9,25.3,89.375,602.0,1.636
2016-08-15,30.13,36.415,33.1,25.9,79.625,817.0,2.929
2016-08-16,30.327,36.737,33.4,26.0,72.667,884.0,3.717
2016-08-17,27.643,34.439,29.8,26.4,75.75,594.0,1.928
2016-08-18,28.24,34.487,30.1,25.8,87.167,503.0,1.301
2016-08-19,30.023,38.45,32.3,25.9,82.458,773.0,1.578
2016-08-20,28.79,33.431,31.6,26.3,80.208,622.0,3.593
2016-08-21,27.743,31.844,30.6,25.4,77.583,632.0,3.233
2016-08-22,28.333,33.341,31.6,24.2,78.667,836.0,2.637
2016-08-23,29.177,35.501,31.0,25.8,81.583,724.0,1.894
2016-08-24,28.019,30.802,29.7,26.1,84.667,491.0,3.839
2016-08-25,30.465,37.929,32.3,25.5,84.875,822.0,2.082
2016-08-26,30.236,38.737,32.9,26.1,82.458,825.0,1.24
2016-08-27,30.598,37.863,32.5,25.0,85.667,767.0,2.3
2016-08-28,30.448,37.971,32.9,26.3,83.917,809.0,2.072
2016-08-29,29.383,36.761,31.7,25.5,88.917,580.0,1.537
2016-08-30,29.081,36.701,31.4,24.4,88.25,677.0,0.959
2016-08-31,28.319,34.135,30.0,25.0,90.625,463.0,1.718
2016-09-01,28.905,35.911,31.3,24.5,87.792,650.0,1.538
2016-09-02,29.326,34.704,31.7,25.1,80.167,756.0,3.001
2016-09-03,28.286,32.503,31.3,25.6,73.833,793.0,4.225
2016-09-04,28.893,34.385,32.0,24.7,73.5,846.0,3.819
2016-09-05,28.661,34.001,31.6,24.4,71.625,836.0,4.062
2016-09-06,28.199,33.65,31.6,25.3,69.625,799.0,4.303
2016-09-07,28.665,34.42,32.1,24.9,68.333,800.0,3.62
2016-09-08,28.558,34.427,32.1,25.2,68.25,850.0,3.316
2016-09-09,28.982,35.421,33.0,25.1,67.75,860.0,3.267
2016-09-10,28.78,35.309,33.1,25.5,64.875,846.0,3.67
2016-09-11,28.505,35.557,32.9,25.4,64.333,858.0,3.29
2016-09-12,28.439,35.106,32.5,25.5,64.917,833.0,3.117
2016-09-13,28.997,36.585,33.0,25.1,70.0,828.0,1.599
2016-09-14,28.494,36.048,31.9,24.2,78.583,821.0,1.705
2016-09-15,28.895,37.673,33.1,25.0,75.458,806.0,1.238
2016-09-16,29.175,37.339,33.6,25.2,72.667,824.0,1.412
2016-09-17,28.868,37.406,32.7,24.0,73.083,730.0,1.112
2016-09-18,29.043,37.352,33.0,24.5,76.0,821.0,1.941
2016-09-19,29.093,37.705,33.2,24.4,74.083,750.0,1.07
2016-09-20,29.535,38.921,34.6,25.3,66.583,820.0,1.416
2016-09-21,29.965,38.117,34.4,26.1,72.583,783.0,2.92
2016-09-22,28.037,33.378,30.2,23.9,83.833,541.0,3.589
2016-09-23,28.32,36.193,31.9,22.9,77.5,775.0,1.36
2016-09-24,29.203,36.475,31.8,24.5,77.875,799.0,1.737
2016-09-25,27.933,35.869,31.7,23.6,76.375,721.0,1.623
2016-09-26,28.67,36.933,32.5,24.3,75.375,709.0,1.682
2016-09-27,28.647,36.958,32.8,24.4,74.542,708.0,1.804
2016-09-28,28.809,37.886,33.7,24.2,69.667,789.0,1.52
2016-09-29,29.095,37.73,33.2,24.9,73.792,759.0,1.673
2016-09-30,29.41,38.162,33.5,24.4,71.625,737.0,1.115
2016-10-01,29.431,37.642,33.7,25.6,70.917,700.0,1.521
2016-10-02,29.887,38.326,33.8,26.3,73.458,644.0,1.553
2016-10-03,29.835,38.336,33.1,25.4,76.708,672.0,1.372
2016-10-04,29.643,38.084,33.0,25.5,77.708,687.0,1.139
2016-10-05,28.698,35.794,31.4,24.7,81.417,559.0,1.238
2016-10-06,28.957,36.848,31.8,24.3,77.958,736.0,1.208
2016-10-07,28.622,35.992,33.6,24.2,71.833,758.0,1.77
2016-10-08,28.158,36.045,33.9,23.1,65.417,793.0,2.084
2016-10-09,28.032,37.363,34.0,21.7,63.5,784.0,1.542
2016-10-10,26.565,34.596,32.6,22.7,58.042,752.0,1.995
2016-10-11,26.029,34.045,33.4,19.7,51.583,805.0,2.509
2016-10-12,25.794,34.172,33.7,19.3,49.458,803.0,2.769
2016-10-13,25.473,34.778,34.0,18.3,47.042,808.0,2.712
2016-10-14,25.165,34.742,33.3,17.3,47.375,807.0,1.98
2016-10-15,25.416,34.239,32.9,17.5,52.875,798.0,2.168
2016-10-16,25.154,34.7,33.1,17.9,52.083,793.0,1.985
2016-10-17,24.778,34.305,33.1,18.4,51.583,791.0,2.037
2016-10-18,24.817,33.921,32.6,17.2,51.708,789.0,1.927
2016-10-19,25.139,34.564,32.9,17.1,53.583,780.0,1.814
2016-10-20,24.74,34.259,33.6,18.7,41.458,781.0,2.453
2016-10-21,25.698,33.778,33.3,19.7,42.625,764.0,2.794
2016-10-22,25.95,33.66,33.6,19.8,45.833,765.0,2.999
2016-10-23,25.417,32.109,32.7,18.8,48.542,764.0,3.16
2016-10-24,25.028,32.335,32.6,18.4,49.208,760.0,2.555
2016-10-25,25.334,32.964,32.8,19.4,49.125,751.0,2.576
2016-10-26,25.115,33.766,32.7,17.3,55.083,751.0,1.951
2016-10-27,24.148,31.931,31.7,16.2,54.625,763.0,2.7
2016-10-28,23.367,31.238,30.9,16.7,48.542,758.0,2.21
2016-10-29,23.464,33.006,30.9,17.9,49.958,745.0,1.562
2016-10-30,23.74,32.435,30.2,16.4,61.708,656.0,1.585
2016-10-31,23.848,32.147,29.6,18.8,62.042,733.0,1.259
2016-11-01,23.316,31.243,29.3,15.8,63.917,733.0,1.41
2016-11-02,23.883,31.911,29.7,16.2,63.542,725.0,1.453
2016-11-03,23.65,31.997,29.7,15.5,63.167,726.0,1.466
2016-11-04,23.295,31.171,29.8,15.4,63.083,722.0,1.88
2016-11-05,23.505,29.577,29.5,15.7,62.042,710.0,2.362
2016-11-06,23.248,30.309,29.5,15.0,59.75,722.0,1.942
2016-11-07,22.465,28.714,29.5,15.6,57.083,719.0,2.726
2016-11-08,22.327,27.635,29.3,17.1,49.5,728.0,3.625
2016-11-09,22.339,28.813,29.5,15.1,51.292,725.0,2.649
2016-11-10,22.506,30.887,29.3,13.3,58.542,718.0,1.9
2016-11-11,22.437,30.405,28.9,13.7,63.833,707.0,2.086
2016-11-12,22.416,31.094,29.3,14.7,59.667,698.0,2.084
2016-11-13,22.166,30.303,28.5,15.6,58.417,676.0,1.557
2016-11-14,21.992,29.614,27.7,17.0,61.25,599.0,1.441
2016-11-15,21.025,28.264,27.2,16.9,51.583,668.0,1.839
2016-11-16,20.427,26.691,27.1,14.0,52.333,691.0,2.387
2016-11-17,20.74,24.976,27.5,14.0,50.333,697.0,3.436
2016-11-18,20.993,25.92,27.1,14.4,55.125,687.0,2.839
2016-11-19,20.622,27.548,26.9,13.1,57.833,684.0,1.819
2016-11-20,21.241,29.385,27.6,13.2,61.958,677.0,1.751
2016-11-21,21.443,29.792,28.7,13.0,59.667,681.0,2.022
2016-11-22,21.818,28.137,28.8,13.2,53.25,674.0,2.743
2016-11-23,21.851,27.563,28.1,14.8,57.625,677.0,2.857
2016-11-24,20.981,26.319,27.8,13.0,56.417,669.0,2.904
2016-11-25,20.651,25.591,28.7,15.3,43.125,666.0,4.975
2016-11-26,21.377,27.144,29.4,16.9,38.583,665.0,4.681
2016-11-27,21.215,26.634,29.2,15.7,41.667,662.0,3.99
2016-11-28,20.173,26.567,28.1,16.1,40.667,666.0,3.526
2016-11-29,19.932,27.963,26.5,11.2,55.0,657.0,1.5
2016-11-30,21.446,27.124,26.3,12.2,71.5,641.0,2.17
2016-12-01,21.862,28.823,26.0,14.2,75.167,625.0,1.544
2016-12-02,20.813,27.181,25.3,13.7,71.792,642.0,1.698
2016-12-03,19.178,26.659,25.6,11.5,61.833,654.0,1.782
2016-12-04,19.175,25.143,25.2,10.8,58.958,649.0,2.078
2016-12-05,20.015,24.921,25.3,11.3,63.208,640.0,2.294
2016-12-06,20.057,27.352,25.2,11.4,68.125,637.0,1.548
2016-12-07,20.189,26.252,24.7,11.0,71.667,634.0,1.248
2016-12-08,20.027,27.001,24.4,10.9,73.375,633.0,0.967
2016-12-09,20.395,27.314,25.2,11.4,71.0,627.0,1.109
2016-12-10,21.185,26.327,25.6,11.8,73.958,614.0,2.157
2016-12-11,21.421,27.853,25.7,12.7,71.208,619.0,1.558
2016-12-12,20.321,25.651,25.4,12.4,67.875,628.0,2.023
2016-12-13,20.124,24.188,24.4,12.2,71.833,582.0,2.181
2016-12-14,18.805,22.848,23.8,12.5,69.25,628.0,2.621
2016-12-15,17.824,20.234,23.3,10.9,61.167,637.0,3.253
2016-12-16,17.422,22.398,22.6,8.4,64.542,631.0,2.151
2016-12-17,17.305,22.088,22.3,9.1,66.5,629.0,2.2
2016-12-18,16.944,21.651,22.1,9.0,63.875,645.0,2.366
2016-12-19,17.684,20.344,23.1,8.7,63.042,642.0,3.099
2016-12-20,18.494,19.966,24.3,12.1,56.917,645.0,4.71
2016-12-21,18.466,21.529,24.9,11.7,52.167,650.0,4.041
2016-12-22,18.159,22.991,23.1,9.9,60.0,637.0,2.023
2016-12-23,18.631,25.716,23.8,10.3,67.708,636.0,0.918
2016-12-24,19.396,23.393,23.8,9.5,73.0,626.0,2.613
2016-12-25,17.889,24.037,21.6,11.9,78.167,558.0,2.694
2016-12-26,18.235,20.826,22.6,11.4,73.167,628.0,3.123
2016-12-27,17.517,21.876,22.9,9.7,63.25,636.0,2.807
2016-12-28,18.28,23.344,23.4,8.4,68.208,595.0,1.838
2016-12-29,19.137,23.65,23.0,9.6,75.625,620.0,2.358
2016-12-30,18.885,22.122,22.1,11.2,79.792,621.0,2.498
2016-12-31,18.119,20.49,21.7,10.6,77.708,615.0,2.783
2017-01-01,18.088,20.098,22.0,11.1,79.375,561.0,2.562
2017-01-02,18.294,23.381,21.7,11.1,81.542,622.0,1.912
2017-01-03,18.369,25.302,22.5,10.6,74.208,624.0,1.21
2017-01-04,19.009,24.904,23.1,10.3,74.875,628.0,1.591
2017-01-05,19.389,26.035,23.4,10.9,77.708,633.0,1.747
2017-01-06,19.321,21.06,23.2,12.6,76.958,633.0,3.143
2017-01-07,16.759,16.422,19.2,11.5,86.708,454.0,3.346
2017-01-08,15.0,20.138,18.3,10.6,82.875,639.0,2.099
2017-01-09,14.93,18.099,19.1,8.3,74.208,652.0,2.746
2017-01-10,12.24,11.872,16.7,6.4,64.083,677.0,3.235
2017-01-11,11.552,10.946,16.0,4.4,61.875,674.0,3.152
2017-01-12,12.656,14.902,16.8,4.1,67.833,671.0,2.664
2017-01-13,13.068,17.675,17.8,4.8,67.667,676.0,2.502
2017-01-14,13.546,19.486,18.5,4.6,66.667,665.0,2.027
2017-01-15,15.376,22.323,20.4,8.4,64.167,668.0,2.014
2017-01-16,15.949,16.995,19.6,10.4,64.875,667.0,3.165
2017-01-17,13.061,17.199,16.6,6.0,75.5,675.0,2.552
2017-01-18,14.77,18.665,19.1,5.6,73.333,672.0,2.338
2017-01-19,16.102,17.854,21.0,7.1,67.042,683.0,3.73
2017-01-20,14.797,16.917,19.3,6.3,69.583,636.0,3.39
2017-01-21,15.306,19.155,19.8,7.1,67.792,544.0,2.63
2017-01-22,18.966,23.682,23.0,9.5,73.167,669.0,2.417
2017-01-23,19.125,22.396,23.5,10.3,70.667,680.0,2.794
2017-01-24,20.026,26.94,24.9,10.1,70.083,676.0,1.929
2017-01-25,21.858,25.462,25.5,13.5,74.458,583.0,3.715
2017-01-26,17.291,19.553,19.2,13.9,89.25,191.0,2.94
2017-01-27,15.644,14.096,18.1,12.5,83.417,577.0,3.57
2017-01-28,17.53,20.047,19.6,10.1,83.5,694.0,2.691
2017-01-29,18.493,19.715,21.1,11.0,83.333,707.0,3.383
2017-01-30,18.255,22.339,20.8,9.5,85.375,703.0,1.93
2017-01-31,18.931,22.172,21.2,10.5,85.875,702.0,1.864
2017-02-01,17.764,21.099,20.6,9.7,82.125,722.0,2.347
2017-02-02,17.417,24.158,21.3,9.4,79.958,737.0,1.425
2017-02-03,18.422,23.36,22.0,8.8,83.25,728.0,1.565
2017-02-04,20.183,20.419,22.7,11.6,78.667,642.0,4.097
2017-02-05,19.558,20.147,21.8,14.7,80.292,598.0,3.686
2017-02-06,18.698,20.451,21.8,11.7,79.708,718.0,2.954
2017-02-07,16.519,18.719,19.9,9.7,75.0,757.0,3.225
2017-02-08,17.39,21.259,21.4,9.5,74.292,757.0,2.234
2017-02-09,16.892,17.866,20.8,9.9,73.208,756.0,2.869
2017-02-10,17.067,17.856,21.2,9.8,70.083,770.0,3.565
2017-02-11,16.996,22.52,21.6,7.8,70.833,780.0,2.19
2017-02-12,17.947,25.015,22.2,9.0,71.708,769.0,1.893
2017-02-13,18.067,22.484,23.4,10.0,67.708,783.0,2.832
2017-02-14,18.854,24.079,24.4,10.0,64.917,793.0,3.111
2017-02-15,19.931,24.74,25.7,10.7,64.167,772.0,2.865
2017-02-16,21.636,26.223,28.0,13.0,59.792,771.0,3.579
2017-02-17,22.053,26.568,27.9,14.9,61.917,695.0,3.421
2017-02-18,22.766,28.416,29.1,13.8,63.792,786.0,2.963
2017-02-19,22.062,30.181,29.0,14.5,59.125,714.0,2.453
2017-02-20,23.499,32.656,30.0,16.4,59.375,788.0,2.322
2017-02-21,19.969,23.906,25.8,14.9,64.083,775.0,2.957
2017-02-22,18.988,25.796,26.0,13.2,55.833,817.0,2.579
2017-02-23,17.739,21.727,25.2,11.7,44.042,835.0,4.035
2017-02-24,17.982,21.863,25.7,12.1,38.083,840.0,4.936
2017-02-25,19.344,24.236,27.3,12.7,39.958,826.0,4.744
2017-02-26,19.147,24.327,26.9,12.7,45.667,843.0,3.835
2017-02-27,20.334,26.293,27.7,11.5,48.125,834.0,3.249
2017-02-28,22.007,31.404,29.3,14.6,46.583,811.0,1.563
2017-03-01,22.061,30.927,28.3,18.6,55.083,783.0,2.252
2017-03-02,21.009,30.233,27.7,14.9,59.667,830.0,2.135
2017-03-03,18.847,25.909,26.6,13.4,45.875,857.0,3.085
2017-03-04,18.003,23.617,25.5,11.9,43.875,873.0,3.435
2017-03-05,19.68,24.623,27.1,11.6,44.333,864.0,3.857
2017-03-06,19.23,25.189,27.3,12.1,42.625,868.0,3.51
2017-03-07,20.26,30.052,27.8,13.1,44.958,852.0,2.417
2017-03-08,20.21,26.353,26.0,17.4,50.667,849.0,3.37
2017-03-09,20.446,27.024,25.8,14.0,64.667,790.0,2.805
2017-03-10,19.906,24.253,22.6,13.7,77.583,785.0,3.066
2017-03-11,18.717,24.301,21.3,12.0,77.875,805.0,2.664
2017-03-12,16.933,19.495,21.4,10.9,66.625,873.0,2.789
2017-03-13,17.324,20.407,22.6,10.1,57.708,898.0,3.284
2017-03-14,18.581,24.197,24.4,9.9,56.083,895.0,2.128
2017-03-15,20.59,26.823,27.0,11.3,56.917,887.0,2.706
2017-03-16,20.834,29.616,27.3,13.5,53.333,864.0,2.505
2017-03-17,20.799,25.42,27.1,13.8,54.958,892.0,3.415
2017-03-18,20.61,28.909,28.4,13.5,48.917,900.0,2.486
2017-03-19,22.667,30.739,29.9,15.3,55.458,874.0,2.229
2017-03-20,21.544,29.13,30.1,14.8,54.458,920.0,3.464
2017-03-21,23.739,32.873,32.7,15.6,47.5,898.0,3.322
2017-03-22,25.157,35.179,34.6,17.6,45.792,902.0,3.46
2017-03-23,26.329,37.467,35.3,18.1,47.208,897.0,2.046
2017-03-24,25.553,34.532,33.9,19.3,46.25,901.0,3.555
2017-03-25,24.23,33.276,33.3,17.7,39.917,918.0,3.763
2017-03-26,25.261,35.214,34.8,19.6,37.375,922.0,4.305
2017-03-27,27.468,38.36,36.7,21.3,39.167,914.0,4.688
2017-03-28,27.732,39.299,37.7,21.2,40.208,902.0,3.572
2017-03-29,27.791,39.972,38.1,22.4,37.5,918.0,4.058
2017-03-30,27.561,39.653,37.9,22.7,34.625,922.0,4.036
2017-03-31,27.957,39.985,37.8,22.6,37.75,896.0,2.94
2017-04-01,27.732,40.627,38.1,22.5,34.25,932.0,3.67
2017-04-02,26.183,38.923,37.4,22.0,28.583,937.0,3.91
2017-04-03,26.34,39.716,37.9,21.7,30.042,927.0,3.094
2017-04-04,26.357,39.388,36.8,21.4,31.417,874.0,2.991
2017-04-05,26.6,36.541,35.3,23.0,41.75,866.0,5.725
2017-04-06,26.237,38.104,36.8,22.7,39.875,950.0,4.917
2017-04-07,23.113,35.476,33.6,19.6,36.583,963.0,3.025
2017-04-08,21.054,34.026,33.3,17.6,21.25,992.0,2.986
2017-04-09,20.523,31.741,32.3,19.7,21.333,995.0,5.07
2017-04-10,22.009,34.336,33.9,18.8,21.333,991.0,5.743
2017-04-11,24.926,39.221,37.2,19.8,23.667,978.0,5.355
2017-04-12,26.212,41.256,39.1,21.3,24.583,972.0,4.434
2017-04-13,25.916,41.209,39.0,20.6,25.083,983.0,2.317
2017-04-14,26.876,42.337,39.6,22.9,25.667,960.0,2.494
2017-04-15,27.454,42.767,40.2,22.9,25.875,975.0,2.935
2017-04-16,28.075,42.694,39.9,23.6,28.208,981.0,2.472
2017-04-17,29.199,44.15,41.2,24.8,36.292,963.0,3.071
2017-04-18,29.437,44.69,42.0,24.5,33.625,962.0,2.195
2017-04-19,27.97,44.64,41.9,25.8,18.792,975.0,2.992
2017-04-20,29.125,45.299,42.1,26.5,23.417,964.0,2.413
2017-04-21,29.648,44.222,41.1,26.3,37.75,952.0,3.127
2017-04-22,30.501,44.588,40.7,27.2,48.75,948.0,2.557
2017-04-23,28.035,41.311,39.1,24.3,38.667,962.0,3.131
2017-04-24,27.007,38.951,37.0,24.3,31.042,962.0,3.418
2017-04-25,25.408,38.735,37.4,23.1,25.75,936.0,3.895
2017-04-26,25.628,39.473,37.6,23.4,25.542,980.0,2.794
2017-04-27,25.639,40.52,38.5,23.0,26.042,986.0,2.403
2017-04-28,26.64,40.658,38.2,23.1,29.708,977.0,2.83
2017-04-29,26.171,40.7,38.2,23.7,33.375,898.0,2.061
2017-04-30,27.106,39.553,37.5,23.3,36.958,978.0,3.322
2017-05-01,25.078,38.971,36.9,22.1,32.583,998.0,2.042
2017-05-02,25.565,40.613,38.8,24.4,22.333,924.0,1.801
2017-05-03,26.41,39.018,37.9,26.6,27.042,722.0,2.347
2017-05-04,26.762,41.138,38.9,24.8,26.333,984.0,3.535
2017-05-05,26.909,41.73,39.5,23.5,25.333,988.0,2.942
2017-05-06,28.047,44.175,41.2,24.9,22.333,984.0,2.478
2017-05-07,28.993,45.567,42.6,25.7,22.833,981.0,2.431
2017-05-08,28.753,45.609,42.5,25.9,22.333,982.0,2.328
2017-05-09,28.994,45.478,42.8,26.4,31.042,980.0,3.911
2017-05-10,29.852,43.432,40.2,27.2,43.75,949.0,4.345
2017-05-11,29.276,43.028,40.2,27.0,38.042,965.0,2.982
2017-05-12,29.634,44.286,40.4,27.5,38.667,954.0,2.615
2017-05-13,29.591,43.683,40.4,25.4,37.375,966.0,2.853
2017-05-14,29.324,46.098,43.0,26.2,24.5,975.0,2.853
2017-05-15,28.976,46.357,43.2,26.8,22.292,988.0,2.709
2017-05-16,29.44,44.234,40.8,27.5,27.0,970.0,3.376
2017-05-17,27.042,38.444,36.2,26.0,37.417,820.0,2.22
2017-05-18,28.741,41.631,38.6,26.3,40.083,973.0,2.659
2017-05-19,29.329,43.966,40.7,27.0,36.417,972.0,2.382
2017-05-20,28.733,43.033,40.4,27.3,30.333,970.0,2.103
2017-05-21,28.354,42.808,39.5,26.7,32.667,975.0,2.631
2017-05-22,28.45,40.502,38.1,24.7,44.25,953.0,2.007
2017-05-23,28.601,40.931,38.1,25.3,40.25,950.0,2.65
2017-05-24,29.649,43.523,40.7,26.5,37.375,967.0,2.581
2017-05-25,30.051,44.637,41.2,28.6,36.25,953.0,2.384
2017-05-26,30.486,46.312,42.9,28.7,31.333,908.0,3.103
2017-05-27,32.102,45.279,41.0,28.5,46.375,965.0,4.323
2017-05-28,30.963,41.167,37.9,27.8,53.0,953.0,4.615
2017-05-29,29.314,38.493,35.4,25.3,59.083,954.0,3.835
2017-05-30,28.504,38.019,35.4,24.9,60.958,809.0,2.089
2017-05-31,29.864,40.936,37.8,26.4,56.167,925.0,3.519
2017-06-01,30.287,40.567,38.4,26.8,56.875,940.0,2.074
2017-06-02,29.307,42.659,40.1,24.7,43.125,969.0,2.704
2017-06-03,30.071,46.423,43.1,27.8,33.208,974.0,3.458
2017-06-04,31.495,49.887,45.2,29.6,24.375,959.0,4.634
2017-06-05,32.648,47.304,43.8,34.1,26.75,892.0,5.481
2017-06-06,31.89,44.263,41.6,32.5,34.25,861.0,4.345
2017-06-07,30.574,40.334,37.0,27.1,56.25,821.0,3.663
2017-06-08,30.132,40.52,35.8,27.2,56.417,876.0,1.942
2017-06-09,29.344,40.745,37.4,26.9,53.208,929.0,1.996
2017-06-10,29.851,42.723,39.5,27.0,47.25,927.0,2.034
2017-06-11,29.34,41.753,38.9,26.5,44.125,943.0,1.955
2017-06-12,29.689,42.082,39.6,26.7,39.958,907.0,3.182
2017-06-13,31.011,44.167,41.0,27.4,33.792,935.0,2.902
2017-06-14,30.007,45.034,42.1,28.0,33.125,892.0,3.435
2017-06-15,30.955,42.875,39.8,27.7,47.917,889.0,2.9
2017-06-16,28.924,39.628,36.8,24.3,49.708,880.0,1.974
2017-06-17,30.111,40.38,36.1,24.9,62.333,849.0,2.085
2017-06-18,31.001,39.089,35.9,25.9,69.125,872.0,2.432
2017-06-19,30.903,38.567,35.8,27.5,68.0,804.0,3.201
2017-06-20,30.179,39.458,34.6,24.9,72.375,858.0,1.465
2017-06-21,29.024,35.778,32.7,24.1,74.875,829.0,2.667
2017-06-22,29.812,37.938,33.8,25.4,72.875,919.0,2.408
2017-06-23,29.441,37.323,33.0,25.3,74.583,848.0,2.203
2017-06-24,30.233,39.754,35.7,26.2,65.042,837.0,1.348
2017-06-25,30.837,41.154,36.7,28.8,60.5,792.0,2.285
2017-06-26,32.006,42.205,37.4,29.4,58.25,879.0,3.221
2017-06-27,31.192,40.175,36.9,28.4,59.958,835.0,3.24
2017-06-28,29.74,35.221,33.0,27.0,79.042,626.0,3.421
2017-06-29,28.838,34.236,30.7,25.9,86.083,689.0,3.39
2017-06-30,28.926,34.633,30.2,26.1,86.917,678.0,2.101
2017-07-01,29.364,35.801,31.6,26.6,86.625,418.0,1.59
2017-07-02,28.262,33.6,30.0,25.7,88.083,317.0,2.58
2017-07-03,30.533,39.26,32.9,26.2,83.125,863.0,1.66
2017-07-04,30.834,37.542,34.8,27.8,77.167,666.0,4.05
2017-07-05,31.035,38.005,34.5,27.5,73.958,905.0,3.467
2017-07-06,30.275,38.089,34.0,26.9,76.125,623.0,2.285
2017-07-07,30.608,37.776,34.5,26.1,77.167,748.0,2.478
2017-07-08,30.661,37.75,34.6,26.9,73.333,834.0,2.284
2017-07-09,30.798,38.574,36.6,28.2,66.25,854.0,3.105
2017-07-10,30.911,38.935,36.6,28.6,62.542,801.0,3.687
2017-07-11,30.194,37.751,34.6,27.4,71.792,738.0,2.606
2017-07-12,28.479,33.919,30.8,26.3,79.708,608.0,3.192
2017-07-13,28.712,33.461,32.6,26.1,73.625,681.0,3.498
2017-07-14,30.15,36.255,32.8,27.0,74.125,777.0,3.666
2017-07-15,29.755,35.047,32.4,27.1,76.75,674.0,3.442
2017-07-16,30.468,37.174,33.1,27.2,79.625,748.0,2.53
2017-07-17,30.129,37.003,33.2,27.6,82.167,715.0,2.331
2017-07-18,30.638,38.144,34.0,27.1,80.333,668.0,1.908
2017-07-19,31.387,40.855,34.9,27.9,74.458,795.0,1.634
2017-07-20,29.951,36.344,32.4,25.9,80.125,666.0,2.994
2017-07-21,29.836,35.101,32.4,27.7,78.458,787.0,3.272
2017-07-22,29.334,33.333,31.3,26.6,80.708,786.0,4.949
2017-07-23,29.989,34.768,32.3,25.7,82.042,778.0,4.76
2017-07-24,29.167,32.769,30.5,25.3,84.917,674.0,4.103
2017-07-25,28.646,32.791,31.2,25.4,84.667,552.0,3.866
2017-07-26,29.138,34.513,31.9,25.6,82.292,688.0,2.833
2017-07-27,29.321,33.941,32.8,26.3,78.292,738.0,3.203
2017-07-28,29.802,34.661,32.0,26.9,80.083,750.0,3.808
2017-07-29,29.019,32.898,31.8,26.6,79.458,564.0,4.628
2017-07-30,29.054,34.754,31.4,26.3,81.625,663.0,2.536
2017-07-31,28.357,35.483,30.7,26.0,86.958,563.0,1.905
2017-08-01,27.643,31.118,28.8,25.7,90.542,241.0,2.79
2017-08-02,29.272,34.811,31.4,26.2,84.917,532.0,2.546
2017-08-03,28.791,33.874,31.6,26.3,79.917,491.0,3.756
2017-08-04,29.36,35.919,32.2,26.4,76.25,617.0,2.966
2017-08-05,30.26,38.407,33.4,26.8,74.958,750.0,1.995
2017-08-06,30.094,36.685,32.4,27.5,80.417,748.0,1.874
2017-08-07,29.323,36.762,31.5,26.0,86.667,546.0,1.543
2017-08-08,30.014,38.272,32.4,26.0,85.625,748.0,1.385
2017-08-09,28.994,35.943,30.6,26.1,88.625,403.0,1.468
2017-08-10,30.025,35.416,32.4,25.7,82.292,628.0,3.086
2017-08-11,30.735,36.71,34.4,27.4,73.292,784.0,4.905
2017-08-12,29.846,34.992,33.2,27.3,71.542,760.0,5.591
2017-08-13,29.655,36.24,33.3,26.6,72.875,710.0,4.19
2017-08-14,29.33,37.237,33.2,26.2,71.958,736.0,2.239
2017-08-15,29.844,37.238,32.9,26.8,74.542,821.0,2.722
2017-08-16,29.907,36.633,34.6,27.0,70.958,797.0,3.412
2017-08-17,30.644,38.674,35.9,27.2,66.542,875.0,3.479
2017-08-18,30.433,39.382,35.8,27.2,66.875,878.0,2.932
2017-08-19,28.733,32.713,30.7,26.9,83.167,601.0,3.678
2017-08-20,29.439,35.462,33.4,26.2,75.042,687.0,3.561
2017-08-21,30.341,37.484,32.8,26.8,78.833,742.0,3.288
2017-08-22,29.189,36.991,32.0,26.7,81.625,551.0,2.31
2017-08-23,29.133,35.888,31.1,26.0,87.292,528.0,2.179
2017-08-24,29.403,37.47,32.0,25.6,84.458,728.0,1.648
2017-08-25,28.914,35.704,30.8,26.4,85.958,642.0,1.7
2017-08-26,30.173,38.099,31.7,25.5,87.208,783.0,1.348
2017-08-27,30.114,38.125,32.5,25.8,83.208,818.0,1.735
2017-08-28,27.865,31.216,29.2,26.0,85.0,504.0,3.615
2017-08-29,29.226,33.356,31.1,26.0,81.667,693.0,3.995
2017-08-30,28.429,32.666,30.9,26.4,82.917,683.0,4.162
2017-08-31,27.313,30.552,28.3,24.9,89.792,451.0,2.762
2017-09-01,27.978,32.401,29.4,25.0,87.542,522.0,2.779
2017-09-02,25.935,29.781,28.3,25.2,88.208,272.0,2.61
2017-09-03,28.55,35.436,31.3,24.5,81.542,745.0,1.814
2017-09-04,30.062,36.536,32.8,25.3,80.458,777.0,2.892
2017-09-05,29.684,35.724,32.4,25.2,79.917,749.0,2.818
2017-09-06,29.479,37.271,32.5,25.7,78.667,733.0,2.009
2017-09-07,28.983,36.158,30.6,24.1,84.875,694.0,1.881
2017-09-08,29.615,37.033,32.2,24.9,82.5,799.0,1.852
2017-09-09,29.209,35.614,32.9,24.7,78.292,776.0,2.407
2017-09-10,29.966,39.02,34.6,25.8,74.375,801.0,1.56
2017-09-11,30.052,38.146,34.7,26.1,74.333,833.0,2.065
2017-09-12,29.557,37.041,33.8,25.5,73.542,804.0,2.17
2017-09-13,29.683,37.59,34.2,25.5,72.875,807.0,1.872
2017-09-14,29.186,37.645,33.8,26.2,74.208,780.0,1.795
2017-09-15,29.153,37.3,34.2,25.2,70.667,806.0,2.18
2017-09-16,28.522,36.321,33.6,25.2,73.0,717.0,1.781
2017-09-17,28.087,34.923,33.7,25.7,70.875,817.0,2.647
2017-09-18,28.558,36.473,35.0,23.8,66.583,837.0,2.74
2017-09-19,28.947,37.539,34.0,25.2,73.5,696.0,1.702
2017-09-20,29.276,39.233,36.2,25.4,66.583,838.0,1.508
2017-09-21,28.701,36.46,34.2,25.4,69.583,777.0,3.06
2017-09-22,25.39,28.138,27.4,24.0,83.208,227.0,3.135
2017-09-23,24.609,28.956,25.7,22.9,91.542,145.0,2.876
2017-09-24,27.622,32.357,30.8,20.9,83.875,837.0,2.95
2017-09-25,28.842,34.757,32.9,22.5,78.375,817.0,2.601
2017-09-26,28.462,35.702,33.0,23.6,72.083,808.0,1.972
2017-09-27,28.408,37.446,33.9,23.8,69.042,793.0,1.621
2017-09-28,28.159,36.881,33.6,24.5,67.292,814.0,1.504
2017-09-29,28.547,35.935,33.3,24.1,68.333,749.0,1.857
2017-09-30,28.278,36.525,34.6,23.4,67.083,813.0,2.049
2017-10-01,27.705,37.75,35.3,21.9,64.042,809.0,1.911
2017-10-02,27.645,37.627,35.1,22.8,61.708,802.0,1.665
2017-10-03,27.773,35.86,34.3,22.3,63.167,803.0,2.097
2017-10-04,27.711,36.254,34.1,21.8,64.333,795.0,2.132
2017-10-05,27.389,36.289,34.1,22.5,65.542,798.0,1.828
2017-10-06,26.429,36.074,34.5,22.8,55.917,797.0,2.328
2017-10-07,26.501,35.581,33.8,20.7,55.333,796.0,2.016
2017-10-08,26.749,36.786,34.3,21.3,63.958,779.0,1.6
2017-10-09,27.227,37.086,34.6,22.7,64.0,770.0,1.779
2017-10-10,26.45,36.917,34.5,22.1,61.625,767.0,1.735
2017-10-11,26.928,36.787,34.3,22.7,60.917,741.0,1.835
2017-10-12,26.34,35.607,33.9,22.7,57.0,739.0,1.905
2017-10-13,26.258,35.786,34.3,21.8,52.208,757.0,2.094
2017-10-14,26.991,37.16,35.1,21.1,52.917,754.0,2.066
2017-10-15,26.481,37.132,35.1,20.6,55.25,755.0,1.62
2017-10-16,26.891,36.791,35.1,21.0,54.833,749.0,1.92
2017-10-17,25.078,33.754,33.3,19.0,55.542,759.0,2.356
2017-10-18,25.339,33.712,33.2,19.2,64.625,751.0,2.02
2017-10-19,26.835,36.51,34.1,20.1,63.708,724.0,1.455
2017-10-20,26.264,36.193,34.8,21.5,57.042,690.0,1.74
2017-10-21,26.374,35.413,34.5,20.2,53.208,726.0,2.235
2017-10-22,25.849,35.421,35.2,19.7,51.5,720.0,2.285
2017-10-23,25.638,35.259,33.2,19.2,57.958,714.0,1.788
2017-10-24,24.153,32.737,33.1,18.8,54.5,722.0,2.724
2017-10-25,23.619,32.832,31.9,17.3,51.5,719.0,1.964
2017-10-26,23.785,33.641,31.9,17.3,54.792,710.0,2.043
2017-10-27,23.999,32.762,30.8,18.0,62.5,676.0,1.689
2017-10-28,24.402,33.003,31.1,18.8,64.042,693.0,1.963
2017-10-29,23.626,32.534,30.7,17.6,62.458,691.0,2.005
2017-10-30,23.31,30.983,29.7,17.3,65.792,684.0,1.65
2017-10-31,23.628,31.993,30.1,17.3,65.333,672.0,1.483
2017-11-01,24.213,32.566,30.5,19.5,63.333,668.0,2.278
2017-11-02,24.317,32.475,30.2,18.6,69.875,666.0,1.823
2017-11-03,23.728,30.703,29.3,18.3,70.792,661.0,1.797
2017-11-04,23.725,30.88,29.3,17.7,72.708,652.0,1.724
2017-11-05,23.6,31.232,29.1,19.1,70.25,657.0,1.091
2017-11-06,23.645,30.999,29.2,17.6,66.708,654.0,1.618
2017-11-07,23.463,29.885,28.6,17.5,72.25,615.0,1.57
2017-11-08,23.42,30.03,29.2,16.1,70.75,649.0,1.701
2017-11-09,23.407,29.434,29.0,16.0,72.958,640.0,2.037
2017-11-10,23.056,29.362,28.8,15.4,71.0,644.0,1.819
2017-11-11,22.475,28.797,27.6,14.9,71.917,612.0,1.756
2017-11-12,22.403,27.277,27.4,14.5,71.042,633.0,2.158
2017-11-13,22.484,28.896,27.7,15.4,71.25,627.0,1.816
2017-11-14,21.896,25.579,27.6,15.8,67.458,627.0,3.378
2017-11-15,20.936,26.805,26.0,16.4,66.542,539.0,2.565
2017-11-16,20.824,26.558,25.5,15.3,68.667,540.0,2.375
2017-11-17,20.417,24.349,25.3,15.3,71.375,523.0,2.705
2017-11-18,20.972,25.112,25.3,16.3,69.125,555.0,2.886
2017-11-19,17.855,21.979,24.6,15.3,55.292,608.0,3.536
2017-11-20,16.759,20.295,22.9,11.3,53.917,633.0,3.239
2017-11-21,17.483,20.565,23.4,10.7,55.042,622.0,3.385
2017-11-22,17.83,20.955,24.3,10.1,54.667,625.0,3.315
2017-11-23,17.358,21.513,24.2,10.5,50.583,625.0,3.243
2017-11-24,17.918,23.297,25.0,9.1,51.25,616.0,2.838
2017-11-25,18.132,23.861,25.1,10.6,55.583,613.0,2.66
2017-11-26,18.77,24.719,24.9,9.8,63.917,606.0,2.032
2017-11-27,18.571,22.011,25.3,10.8,58.208,608.0,3.317
2017-11-28,18.83,24.707,25.7,9.8,61.542,603.0,2.445
2017-11-29,19.429,26.434,25.7,11.7,64.75,593.0,1.771
2017-11-30,19.219,25.656,25.3,11.0,67.458,595.0,1.8
2017-12-01,17.798,23.937,23.9,8.9,62.167,602.0,1.527
2017-12-02,17.74,25.31,23.7,10.8,61.083,593.0,1.215
2017-12-03,16.978,24.017,22.8,10.5,59.792,539.0,1.082
2017-12-04,17.244,22.655,22.7,9.4,64.375,525.0,1.74
2017-12-05,17.519,22.126,22.7,13.8,65.083,497.0,1.807
2017-12-06,16.204,21.256,21.1,13.8,56.333,438.0,2.401
2017-12-07,15.593,19.347,22.7,13.7,43.083,503.0,3.1
2017-12-08,16.641,20.39,24.0,10.4,44.208,578.0,3.315
2017-12-09,17.583,24.781,23.5,9.3,53.708,582.0,1.795
2017-12-10,18.111,24.905,23.8,9.7,64.667,581.0,1.398
2017-12-11,17.625,23.183,23.1,10.3,68.833,437.0,1.68
2017-12-12,17.779,23.071,20.7,13.4,83.875,477.0,1.586
2017-12-13,16.411,21.559,19.6,11.3,84.875,559.0,1.809
2017-12-14,15.327,18.769,20.2,9.6,73.667,583.0,2.676
2017-12-15,15.324,16.256,20.0,7.7,73.167,566.0,3.392
2017-12-16,14.53,13.992,19.5,7.4,66.583,589.0,3.984
2017-12-17,15.398,15.72,20.9,7.8,55.917,588.0,4.44
2017-12-18,17.338,19.784,23.5,9.6,51.5,587.0,4.513
2017-12-19,17.615,22.092,22.6,8.7,64.667,523.0,2.92
2017-12-20,18.212,22.645,21.8,9.9,77.292,488.0,2.089
2017-12-21,19.131,22.325,22.9,11.2,81.917,557.0,2.126
2017-12-22,18.63,19.192,23.3,10.8,68.917,574.0,3.963
2017-12-23,16.875,18.248,22.5,10.4,63.417,589.0,3.861
2017-12-24,17.289,23.704,22.1,10.4,66.875,535.0,1.081
2017-12-25,17.467,19.435,22.1,8.4,73.042,573.0,2.548
2017-12-26,17.384,21.057,22.2,8.2,74.208,576.0,2.53
2017-12-27,17.251,22.358,22.3,7.5,68.75,578.0,1.915
2017-12-28,17.631,22.419,22.4,8.2,72.917,575.0,1.803
2017-12-29,17.489,22.677,21.4,7.8,77.625,570.0,1.862
2017-12-30,17.235,22.327,21.0,7.7,78.167,574.0,1.653
2017-12-31,15.874,22.008,20.0,7.2,77.458,579.0,1.552
2018-01-01,15.236,21.384,19.9,6.8,68.708,580.0,1.621
2018-01-02,15.884,20.177,19.9,6.6,72.208,579.0,1.553
2018-01-03,15.615,18.847,19.8,6.7,76.25,591.0,2.005
2018-01-04,14.87,21.004,20.1,5.5,74.625,597.0,2.06
2018-01-05,15.782,22.646,20.1,6.8,75.208,583.0,1.733
2018-01-06,15.641,18.892,19.5,5.2,77.958,590.0,1.855
2018-01-07,14.744,14.183,18.9,5.9,71.458,602.0,3.402
2018-01-08,15.16,17.441,19.7,6.6,71.208,605.0,2.93
2018-01-09,15.256,16.962,19.9,5.1,72.583,609.0,2.851
2018-01-10,16.301,16.28,21.0,6.8,69.875,611.0,3.905
2018-01-11,16.244,16.758,21.3,7.9,66.208,607.0,4.004
2018-01-12,16.81,20.35,22.1,8.4,61.875,602.0,2.712
2018-01-13,16.854,20.791,21.5,5.9,72.5,616.0,1.963
2018-01-14,16.641,20.204,22.1,6.6,69.625,621.0,2.634
2018-01-15,16.765,18.366,22.1,6.4,65.292,629.0,3.392
2018-01-16,16.25,21.322,22.3,8.3,59.083,639.0,3.233
2018-01-17,17.058,19.671,21.5,7.5,73.333,612.0,3.044
2018-01-18,19.026,24.564,23.7,8.5,75.625,618.0,1.885
2018-01-19,18.598,22.953,23.6,9.2,73.0,629.0,2.662
2018-01-20,16.432,18.981,22.5,8.4,63.125,648.0,3.49
2018-01-21,15.726,23.255,21.5,6.3,60.708,652.0,1.808
2018-01-22,16.842,22.425,21.9,6.8,66.917,644.0,2.061
2018-01-23,14.105,16.052,16.6,11.0,78.542,299.0,3.246
2018-01-24,15.022,18.841,18.5,7.7,83.125,557.0,2.245
2018-01-25,16.021,15.732,19.5,8.6,80.25,651.0,3.324
2018-01-26,16.388,18.593,19.7,7.3,81.708,651.0,2.351
2018-01-27,15.748,19.65,19.9,6.9,78.0,665.0,2.385
2018-01-28,16.905,19.602,21.1,6.4,77.208,670.0,2.674
2018-01-29,17.52,20.117,22.0,7.2,75.958,673.0,3.055
2018-01-30,19.343,20.386,24.4,9.8,69.833,663.0,4.43
2018-01-31,18.8,20.091,24.3,12.6,65.333,666.0,4.957
2018-02-01,20.156,24.459,25.6,10.7,67.792,670.0,3.062
2018-02-02,19.678,25.333,24.5,10.6,71.792,673.0,2.357
2018-02-03,17.037,21.837,23.2,10.6,60.0,691.0,2.758
2018-02-04,16.319,19.834,22.3,8.4,58.167,708.0,3.137
2018-02-05,15.46,22.965,22.2,7.3,55.208,664.0,2.126
2018-02-06,16.008,18.583,22.5,11.7,54.333,509.0,3.207
2018-02-07,16.003,19.697,22.5,8.3,54.167,732.0,3.273
2018-02-08,15.81,21.474,22.2,6.5,60.292,719.0,2.448
2018-02-09,16.613,21.949,23.1,7.5,57.875,725.0,2.517
2018-02-10,16.645,25.562,24.1,8.4,53.0,696.0,1.674
2018-02-11,17.183,23.518,24.3,9.7,55.083,582.0,2.906
2018-02-12,18.8,19.344,21.7,13.2,79.208,606.0,4.538
2018-02-13,18.322,24.795,21.2,10.2,80.958,716.0,2.249
2018-02-14,16.963,16.943,21.6,9.9,68.792,737.0,4.056
2018-02-15,18.973,19.673,23.0,11.6,67.75,724.0,4.162
2018-02-16,19.88,22.071,24.6,11.4,68.75,732.0,3.361
2018-02-17,20.104,22.955,25.0,12.1,68.417,734.0,3.38
2018-02-18,19.117,24.662,25.0,11.3,60.958,757.0,2.594
2018-02-19,18.372,26.005,25.6,9.7,58.75,767.0,2.168
2018-02-20,20.573,26.678,27.1,11.5,60.917,753.0,2.316
2018-02-21,22.194,30.725,29.6,15.8,54.417,736.0,1.65
2018-02-22,22.481,30.656,30.1,14.2,61.875,734.0,1.944
2018-02-23,22.909,30.83,29.8,16.2,65.125,668.0,1.617
2018-02-24,24.258,30.303,28.5,17.5,70.417,748.0,2.501
2018-02-25,22.411,29.639,27.6,16.4,69.208,766.0,2.682
2018-02-26,21.009,24.286,27.1,15.3,64.208,787.0,4.586
2018-02-27,23.28,28.148,29.0,15.3,62.833,765.0,3.252
2018-02-28,23.343,30.214,29.3,15.1,65.875,758.0,2.324
2018-03-01,22.71,29.872,29.8,15.3,64.208,742.0,2.44
2018-03-02,23.732,31.278,30.8,16.3,58.875,788.0,2.562
2018-03-03,23.271,32.724,30.9,16.4,60.083,783.0,2.302
2018-03-04,22.125,28.988,27.9,17.1,61.333,775.0,3.062
2018-03-05,20.515,26.45,27.1,14.4,58.5,817.0,2.93
2018-03-06,20.786,25.584,27.7,14.1,54.333,824.0,3.652
2018-03-07,21.159,27.204,28.5,13.9,53.958,833.0,3.185
2018-03-08,22.481,31.589,29.5,14.7,54.208,817.0,1.376
2018-03-09,23.084,31.351,31.3,16.5,50.25,819.0,2.51
2018-03-10,22.832,30.763,31.2,16.1,49.375,821.0,3.584
2018-03-11,23.421,30.963,31.1,17.0,51.708,835.0,3.338
2018-03-12,23.903,32.537,32.5,16.6,52.375,838.0,3.078
2018-03-13,24.895,35.118,34.4,17.4,46.25,839.0,2.676
2018-03-14,22.741,34.459,33.0,19.9,34.292,848.0,2.51
2018-03-15,23.01,32.206,31.7,18.8,40.208,832.0,2.66
2018-03-16,21.98,29.642,30.1,16.4,47.708,797.0,2.791
2018-03-17,20.634,27.921,29.4,15.6,40.375,876.0,3.665
2018-03-18,21.521,30.354,31.0,15.7,41.542,885.0,3.232
2018-03-19,22.536,33.355,33.1,14.9,41.5,859.0,2.693
2018-03-20,23.937,35.194,33.0,16.7,47.042,856.0,1.81
2018-03-21,23.259,33.283,30.6,19.1,56.0,819.0,2.886
2018-03-22,23.032,31.552,29.5,17.4,54.833,847.0,2.613
2018-03-23,22.335,29.72,29.1,17.1,53.75,866.0,2.62
2018-03-24,23.83,31.207,31.4,17.6,47.417,874.0,3.265
2018-03-25,24.274,32.664,32.9,18.6,43.333,879.0,3.628
2018-03-26,25.338,34.325,34.2,18.4,43.125,886.0,3.985
2018-03-27,24.736,36.617,35.6,17.7,40.833,899.0,2.777
2018-03-28,25.707,37.336,35.7,21.4,37.083,885.0,2.444
2018-03-29,24.954,36.525,35.8,19.4,32.917,895.0,3.981
2018-03-30,24.503,34.629,34.3,20.1,34.625,904.0,3.98
2018-03-31,25.609,34.922,33.8,18.8,45.542,887.0,3.452
2018-04-01,25.187,34.791,33.2,20.7,43.167,887.0,3.21
2018-04-02,26.637,37.392,35.3,20.8,43.458,876.0,2.573
2018-04-03,27.118,39.315,36.4,22.6,43.958,875.0,2.384
2018-04-04,27.384,39.786,37.5,22.2,44.708,880.0,2.416
2018-04-05,27.574,39.903,36.5,22.5,49.292,876.0,1.538
2018-04-06,26.766,36.374,34.7,22.2,55.708,813.0,1.909
2018-04-07,26.679,35.729,33.5,21.0,59.542,851.0,2.782
2018-04-08,26.678,34.732,33.3,21.4,58.833,816.0,3.698
2018-04-09,25.863,34.897,32.9,21.7,64.333,524.0,2.792
2018-04-10,26.74,36.591,33.6,21.1,60.083,875.0,2.405
2018-04-11,26.394,32.275,31.7,21.5,66.083,870.0,3.474
2018-04-12,25.276,34.799,31.9,20.1,63.0,892.0,1.645
2018-04-13,23.054,34.198,33.3,19.1,41.958,929.0,2.561
2018-04-14,25.123,36.257,35.3,19.3,31.583,907.0,3.105
2018-04-15,26.031,38.902,36.8,21.2,31.417,909.0,2.312
2018-04-16,26.613,38.829,36.9,23.1,37.667,751.0,2.923
2018-04-17,26.645,39.397,36.7,22.5,34.625,876.0,2.502
2018-04-18,26.316,38.504,37.0,22.3,27.708,915.0,4.528
2018-04-19,26.779,38.96,37.6,22.9,28.625,862.0,3.321
2018-04-20,25.613,39.983,39.2,22.1,27.125,765.0,4.755
2018-04-21,24.084,34.756,34.3,19.8,34.125,930.0,3.542
2018-04-22,22.932,34.704,34.5,20.9,24.5,949.0,4.355
2018-04-23,24.166,36.492,35.9,20.9,22.667,936.0,3.879
2018-04-24,25.032,39.494,38.3,21.0,19.833,931.0,2.987
2018-04-25,26.263,42.52,40.6,22.4,19.042,925.0,2.992
2018-04-26,26.804,43.049,41.0,24.9,19.292,928.0,2.558
2018-04-27,29.267,41.64,38.6,25.9,44.5,887.0,3.792
2018-04-28,29.373,40.724,38.2,25.1,48.833,886.0,3.84
2018-04-29,28.868,42.119,38.5,23.2,44.458,879.0,2.79
2018-04-30,29.625,42.492,39.3,24.6,42.583,885.0,3.214
2018-05-01,29.445,39.629,37.6,24.5,53.083,884.0,4.868
2018-05-02,29.476,37.964,36.3,24.0,57.792,874.0,4.551
2018-05-03,28.748,35.115,34.2,23.0,63.625,871.0,4.429
2018-05-04,28.501,36.904,34.2,24.0,61.208,851.0,3.669
2018-05-05,28.787,39.714,36.4,23.8,54.583,845.0,1.913
2018-05-06,28.028,39.905,38.0,24.9,45.625,883.0,2.744
2018-05-07,27.568,39.742,36.9,22.9,40.708,886.0,2.383
2018-05-08,26.625,34.635,33.8,23.0,50.333,851.0,2.671
2018-05-09,26.263,37.635,35.2,20.7,47.208,874.0,1.912
2018-05-10,27.036,39.831,37.9,21.4,39.917,893.0,2.282
2018-05-11,28.941,43.074,40.5,23.9,35.0,881.0,2.424
2018-05-12,30.441,44.244,40.7,27.3,41.375,853.0,2.667
2018-05-13,29.916,38.505,36.7,24.9,57.542,807.0,3.4
2018-05-14,28.648,39.661,36.7,22.6,55.042,866.0,2.348
2018-05-15,28.975,40.364,37.5,24.6,51.25,860.0,2.325
2018-05-16,29.059,41.584,39.1,24.8,40.958,867.0,2.353
2018-05-17,28.007,43.033,40.4,26.0,29.833,876.0,2.098
2018-05-18,27.643,41.889,39.4,26.3,32.458,867.0,2.015
2018-05-19,28.485,42.364,39.2,25.7,36.75,809.0,1.908
2018-05-20,28.01,42.816,40.4,26.0,25.958,864.0,3.018
2018-05-21,26.703,43.29,41.4,26.1,16.042,893.0,3.533
2018-05-22,28.621,45.733,43.0,28.2,16.792,886.0,2.752
2018-05-23,29.527,45.412,42.5,28.2,24.708,875.0,3.076
2018-05-24,28.967,44.096,41.9,27.7,27.958,771.0,2.674
2018-05-25,27.207,44.72,42.5,26.1,23.333,901.0,2.795
2018-05-26,27.371,45.83,43.3,26.9,14.917,908.0,2.715
2018-05-27,27.188,45.864,43.3,26.6,17.292,908.0,3.225
2018-05-28,29.617,44.298,42.0,27.4,27.208,866.0,2.545
2018-05-29,30.427,44.651,41.7,27.4,32.375,863.0,3.56
2018-05-30,31.263,43.77,40.8,27.5,48.958,803.0,4.133
2018-05-31,30.724,44.969,41.6,27.2,45.875,858.0,3.127
2018-06-01,31.778,44.407,41.2,29.1,48.208,857.0,5.086
2018-06-02,30.589,41.868,39.2,27.0,49.667,860.0,4.389
2018-06-03,30.528,40.314,37.2,28.1,53.125,773.0,3.648
2018-06-04,31.019,42.667,40.3,29.7,45.083,720.0,4.5
2018-06-05,31.726,42.264,39.3,31.1,43.875,806.0,4.457
2018-06-06,31.448,41.717,38.4,29.6,54.125,818.0,3.385
2018-06-07,31.074,42.873,40.0,28.6,52.5,818.0,2.434
2018-06-08,32.621,43.193,40.1,31.2,51.5,816.0,4.576
2018-06-09,31.489,40.198,37.2,27.5,68.583,754.0,3.885
2018-06-10,31.144,40.442,36.2,26.9,67.625,779.0,1.796
2018-06-11,31.617,42.174,40.0,28.2,51.792,780.0,3.316
2018-06-12,31.935,46.122,42.9,28.5,38.125,856.0,3.72
2018-06-13,32.238,44.807,41.3,31.6,35.917,852.0,4.609
2018-06-14,31.294,43.778,41.0,31.4,34.958,857.0,5.615
2018-06-15,30.415,41.559,39.5,32.3,34.25,853.0,5.136
2018-06-16,30.409,42.001,39.5,31.7,40.958,771.0,3.942
2018-06-17,29.462,37.297,34.9,28.7,58.708,673.0,2.861
2018-06-18,29.097,38.829,36.3,27.0,56.042,755.0,2.32
2018-06-19,30.734,41.509,38.9,26.5,49.917,851.0,2.637
2018-06-20,31.065,43.406,40.4,30.1,44.625,780.0,1.618
2018-06-21,31.425,44.426,41.0,30.8,39.833,791.0,2.086
2018-06-22,31.391,45.529,42.1,31.8,38.083,819.0,1.76
2018-06-23,31.085,44.276,41.2,31.3,37.625,811.0,2.365
2018-06-24,30.883,43.313,40.9,31.5,36.292,713.0,2.685
2018-06-25,31.302,44.028,41.3,31.5,34.083,754.0,3.673
2018-06-26,30.055,39.026,35.9,29.8,51.708,586.0,2.739
2018-06-27,29.857,37.222,34.0,26.1,77.292,635.0,2.448
2018-06-28,30.055,35.184,33.2,25.8,81.917,704.0,3.98
2018-06-29,30.264,35.8,33.0,25.9,77.333,718.0,4.487
2018-06-30,30.207,38.077,33.0,26.7,80.708,698.0,2.325
2018-07-01,31.008,37.388,33.7,27.6,78.875,695.0,2.747
2018-07-02,30.619,37.822,34.7,25.4,74.833,766.0,3.394
2018-07-03,29.816,37.823,33.8,27.9,71.708,649.0,2.207
2018-07-04,29.263,35.262,32.3,26.7,80.958,652.0,2.439
2018-07-05,30.472,39.339,34.8,26.7,73.667,794.0,1.808
2018-07-06,30.5,37.704,34.8,27.0,71.292,797.0,2.385
2018-07-07,30.894,39.216,36.1,27.1,68.0,816.0,2.246
2018-07-08,31.075,40.791,37.6,27.8,64.167,823.0,1.672
2018-07-09,31.908,41.856,36.8,28.7,65.917,779.0,2.46
2018-07-10,31.732,41.115,37.5,28.8,67.833,706.0,3.238
2018-07-11,31.576,41.127,36.0,28.5,72.958,707.0,2.679
2018-07-12,30.014,37.861,33.4,26.4,80.875,700.0,2.252
2018-07-13,29.511,36.827,31.9,26.6,83.708,528.0,2.239
2018-07-14,29.978,36.378,31.6,26.1,85.708,727.0,2.396
2018-07-15,30.61,37.324,33.0,26.6,83.667,708.0,2.618
2018-07-16,30.196,37.32,32.0,27.4,86.417,542.0,2.56
2018-07-17,30.686,37.437,33.0,27.6,81.875,686.0,2.6
2018-07-18,30.951,38.103,33.0,28.3,81.833,777.0,2.684
2018-07-19,29.874,36.946,33.3,27.7,81.167,588.0,1.813
2018-07-20,30.363,37.859,32.5,27.1,84.292,649.0,1.19
2018-07-21,29.445,36.082,31.0,26.6,88.292,490.0,1.452
2018-07-22,28.468,35.123,29.8,25.6,89.75,438.0,1.368
2018-07-23,30.365,37.908,32.3,26.4,86.25,702.0,1.801
2018-07-24,30.153,38.015,32.9,26.9,78.833,767.0,1.302
2018-07-25,29.855,37.068,32.1,27.1,86.0,517.0,1.917
2018-07-26,28.159,31.958,29.6,25.9,89.708,436.0,1.878
2018-07-27,27.829,32.386,29.4,25.3,89.417,491.0,1.841
2018-07-28,29.811,34.169,32.0,25.1,84.167,660.0,3.498
2018-07-29,30.075,35.66,32.7,25.4,82.75,688.0,2.432
2018-07-30,30.258,36.254,33.6,26.5,79.375,795.0,2.822
2018-07-31,30.538,36.838,33.8,27.0,77.167,849.0,3.185
2018-08-01,30.631,37.228,34.4,26.4,75.292,866.0,3.445
2018-08-02,30.278,36.633,34.4,27.3,72.167,860.0,3.335
2018-08-03,30.343,36.606,34.7,27.4,70.0,747.0,3.682
2018-08-04,30.089,36.804,34.3,27.2,68.125,747.0,3.325
2018-08-05,29.055,35.163,33.1,26.8,73.917,489.0,3.158
2018-08-06,26.301,31.481,28.5,25.7,86.583,214.0,1.586
2018-08-07,27.583,32.887,28.9,25.3,89.875,363.0,1.457
2018-08-08,29.546,35.201,31.6,25.3,85.208,662.0,2.33
2018-08-09,30.305,37.275,32.8,26.6,82.917,714.0,2.362
2018-08-10,30.314,38.255,32.9,26.7,83.083,665.0,1.677
2018-08-11,30.049,35.428,33.7,26.2,79.083,647.0,3.73
2018-08-12,28.065,34.107,30.8,27.5,80.333,548.0,2.515
2018-08-13,28.916,37.298,32.7,26.6,77.167,752.0,1.412
2018-08-14,30.126,38.343,32.7,26.5,80.167,736.0,1.715
2018-08-15,30.738,39.094,33.2,26.2,83.875,707.0,1.987
2018-08-16,30.485,38.122,32.5,26.8,85.125,745.0,2.016
2018-08-17,29.825,35.445,31.9,27.1,83.667,607.0,2.835
2018-08-18,30.328,37.573,32.4,27.0,84.792,657.0,1.986
2018-08-19,29.833,36.677,31.3,27.1,86.792,529.0,1.753
2018-08-20,30.881,39.719,32.8,26.7,86.25,764.0,1.474
2018-08-21,31.097,39.105,33.3,26.2,84.792,762.0,1.909
2018-08-22,30.602,39.12,33.1,27.1,83.833,723.0,1.595
2018-08-23,30.281,37.029,31.9,26.5,86.708,708.0,2.105
2018-08-24,30.55,36.807,33.0,25.9,83.292,794.0,2.742
2018-08-25,30.092,36.7,33.1,26.3,79.708,789.0,3.379
2018-08-26,29.709,35.675,32.6,26.0,80.0,773.0,2.368
2018-08-27,28.592,35.563,30.7,26.0,88.208,451.0,1.13
2018-08-28,29.59,36.343,31.4,25.8,88.417,604.0,1.98
2018-08-29,29.095,35.249,30.6,25.9,88.417,496.0,1.682
2018-08-30,30.484,37.646,32.9,26.0,84.958,706.0,1.723
2018-08-31,30.773,37.936,34.0,26.7,80.667,802.0,2.414
2018-09-01,29.294,37.044,31.8,26.4,85.792,733.0,1.479
2018-09-02,28.251,34.163,29.6,24.6,89.458,496.0,1.541
2018-09-03,28.772,35.268,30.3,24.9,88.292,651.0,1.142
2018-09-04,28.596,34.288,29.4,25.2,90.542,515.0,1.453
2018-09-05,29.028,34.493,31.5,25.5,84.833,716.0,2.394
2018-09-06,29.395,37.23,31.7,25.4,82.875,791.0,1.637
2018-09-07,29.584,35.587,30.8,26.0,87.958,623.0,2.025
2018-09-08,28.973,33.091,31.4,25.5,84.958,621.0,3.515
2018-09-09,27.452,30.885,30.0,24.6,83.5,630.0,3.838
2018-09-10,28.534,35.252,31.7,24.5,82.292,698.0,1.935
2018-09-11,28.924,36.17,30.9,25.3,84.375,683.0,2.064
2018-09-12,29.723,35.009,32.8,25.9,77.292,796.0,3.872
2018-09-13,28.857,34.549,32.4,25.4,72.167,846.0,3.725
2018-09-14,27.924,35.262,31.9,24.1,73.042,791.0,2.617
2018-09-15,28.088,35.497,32.6,23.6,69.875,841.0,2.365
2018-09-16,28.095,33.935,32.8,23.3,70.125,794.0,2.491
2018-09-17,28.394,34.383,32.4,23.9,73.083,824.0,2.266
2018-09-18,28.322,35.396,33.5,22.8,69.583,848.0,2.578
2018-09-19,28.088,35.397,34.0,22.3,69.125,850.0,2.427
2018-09-20,28.584,37.626,33.7,23.0,69.375,836.0,1.67
2018-09-21,28.853,33.76,31.7,24.1,77.958,748.0,3.734
2018-09-22,27.091,28.649,28.7,22.9,87.0,589.0,4.673
2018-09-23,27.756,29.677,29.1,23.8,88.292,630.0,5.628
2018-09-24,25.805,28.572,26.7,23.4,90.958,287.0,4.25
2018-09-25,26.451,29.505,29.2,22.7,84.958,657.0,3.431
2018-09-26,27.499,33.271,30.8,22.1,81.083,708.0,2.313
2018-09-27,28.155,35.668,31.6,22.1,77.833,801.0,1.508
2018-09-28,28.595,36.601,32.3,22.8,74.917,803.0,1.411
2018-09-29,28.296,37.123,32.8,23.0,77.25,806.0,1.551
2018-09-30,27.791,33.499,32.1,22.1,74.583,803.0,2.947
2018-10-01,27.815,35.202,32.7,21.7,72.417,806.0,2.398
2018-10-02,28.699,36.936,33.6,21.7,70.792,798.0,1.886
2018-10-03,27.667,36.598,33.2,21.6,67.583,742.0,1.576
2018-10-04,27.446,36.225,32.9,22.0,71.792,751.0,1.461
2018-10-05,27.506,36.486,33.0,20.9,72.0,784.0,1.612
2018-10-06,26.32,34.313,32.6,20.2,65.208,787.0,2.421
2018-10-07,26.255,34.556,32.1,19.8,66.875,781.0,2.117
2018-10-08,26.53,35.726,32.7,20.0,65.667,779.0,1.357
2018-10-09,27.433,35.159,32.2,21.8,72.583,767.0,2.623
2018-10-10,27.712,33.197,32.3,21.9,75.917,755.0,3.444
2018-10-11,25.738,30.051,28.7,21.2,78.208,682.0,2.89
2018-10-12,24.671,33.027,30.3,18.7,68.0,768.0,1.677
2018-10-13,23.659,30.863,29.7,18.9,62.167,763.0,1.966
2018-10-14,23.313,30.276,31.0,17.0,59.042,774.0,2.815
2018-10-15,24.597,33.867,32.2,18.0,55.25,754.0,1.967
2018-10-16,25.558,33.334,31.5,19.4,65.125,638.0,1.934
2018-10-17,25.847,35.366,33.5,19.7,63.083,741.0,1.955
2018-10-18,25.896,32.986,32.6,19.9,66.792,716.0,2.563
2018-10-19,24.483,33.62,32.3,19.0,59.458,736.0,1.715
2018-10-20,23.451,33.114,31.7,18.8,53.167,724.0,2.008
2018-10-21,22.655,30.979,30.5,18.7,53.125,667.0,2.371
2018-10-22,22.317,29.47,30.3,16.1,49.375,737.0,2.666
2018-10-23,22.49,31.412,30.6,15.8,50.583,729.0,2.292
2018-10-24,23.747,31.956,30.6,16.4,57.417,714.0,1.628
2018-10-25,23.738,32.483,30.6,16.8,58.458,710.0,1.542
2018-10-26,23.261,31.585,30.5,16.9,61.125,692.0,1.898
2018-10-27,23.475,31.252,30.2,18.0,61.25,693.0,1.748
2018-10-28,23.273,30.179,30.3,16.8,62.375,702.0,2.193
2018-10-29,23.56,30.727,29.9,16.3,65.292,700.0,1.828
2018-10-30,23.822,31.828,29.5,17.9,64.792,687.0,1.11
2018-10-31,23.285,31.371,29.6,17.6,63.75,687.0,1.194
2018-11-01,23.214,30.969,29.1,19.1,64.0,566.0,1.115
2018-11-02,24.651,32.293,30.3,17.9,65.5,663.0,2.236
2018-11-03,23.254,26.465,28.4,19.7,64.125,559.0,4.378
2018-11-04,22.564,29.872,27.7,17.5,60.792,661.0,2.482
2018-11-05,20.39,25.854,25.7,15.0,63.625,667.0,2.723
2018-11-06,19.93,23.968,26.5,15.4,51.375,678.0,3.758
2018-11-07,18.803,25.562,26.3,11.7,44.792,686.0,2.53
2018-11-08,19.523,28.039,26.5,13.8,50.833,665.0,0.986
2018-11-09,20.832,27.848,26.8,13.0,63.083,652.0,1.369
2018-11-10,21.545,29.477,27.6,14.3,63.917,642.0,1.202
2018-11-11,21.964,29.902,28.0,15.0,62.583,634.0,1.195
2018-11-12,22.542,29.75,28.1,15.0,67.458,629.0,1.448
2018-11-13,23.089,29.605,28.3,17.5,68.75,577.0,1.877
2018-11-14,21.779,27.718,25.8,18.2,73.625,408.0,1.97
2018-11-15,22.149,27.978,26.7,16.6,72.5,618.0,2.624
2018-11-16,19.247,21.74,25.5,14.3,62.708,632.0,4.074
2018-11-17,20.127,24.023,25.2,13.5,66.083,625.0,2.779
2018-11-18,21.318,27.416,27.0,14.1,64.5,609.0,2.012
2018-11-19,21.468,25.91,26.8,16.5,64.542,581.0,3.032
2018-11-20,22.23,27.497,27.3,16.1,72.083,614.0,1.921
2018-11-21,20.728,25.113,26.9,14.0,64.75,617.0,2.898
2018-11-22,20.104,28.031,26.7,12.1,62.292,597.0,1.505
2018-11-23,19.918,23.365,26.7,12.2,58.583,613.0,3.45
2018-11-24,19.746,22.603,26.4,14.0,54.5,613.0,4.192
2018-11-25,19.401,25.305,25.2,11.1,63.375,610.0,1.971
2018-11-26,20.117,24.234,25.9,11.4,68.125,603.0,1.987
2018-11-27,21.101,25.783,25.4,12.0,69.458,561.0,1.938
2018-11-28,20.912,27.34,25.4,14.8,72.25,581.0,1.448
2018-11-29,20.626,25.015,25.7,13.2,72.333,582.0,2.228
2018-11-30,20.548,24.315,26.0,12.2,69.708,590.0,2.728
2018-12-01,19.21,23.242,25.0,11.5,68.167,593.0,2.523
2018-12-02,18.532,25.978,24.4,10.8,61.083,589.0,1.405
2018-12-03,18.286,25.217,23.8,10.5,63.5,587.0,1.181
2018-12-04,18.312,24.236,23.3,12.5,68.208,544.0,1.379
2018-12-05,18.455,23.348,22.9,9.6,71.292,576.0,1.692
2018-12-06,18.108,24.528,23.1,12.0,68.125,577.0,1.56
2018-12-07,18.203,21.122,23.1,10.1,70.875,579.0,2.454
2018-12-08,17.807,23.774,22.9,8.9,70.583,578.0,1.816
2018-12-09,17.619,23.901,22.4,10.6,67.625,575.0,1.334
2018-12-10,18.375,23.067,22.3,9.7,71.542,562.0,2.305
2018-12-11,16.955,23.74,21.5,9.6,69.958,565.0,1.5
2018-12-12,15.452,16.682,18.3,12.3,76.667,360.0,2.497
2018-12-13,15.821,19.188,19.6,11.0,75.083,527.0,2.335
2018-12-14,15.863,19.781,20.2,9.3,71.208,573.0,2.575
2018-12-15,16.438,17.968,20.9,8.5,70.5,578.0,3.095
2018-12-16,15.973,20.011,20.8,7.7,69.208,588.0,2.598
2018-12-17,15.806,19.054,20.6,6.9,70.625,557.0,2.562
2018-12-18,15.51,18.02,20.4,6.5,68.083,590.0,2.989
2018-12-19,15.623,18.883,20.4,6.0,70.0,585.0,2.537
2018-12-20,15.118,21.284,20.3,5.1,68.375,593.0,2.005
2018-12-21,15.17,19.013,20.0,5.7,68.708,589.0,2.41
2018-12-22,14.539,21.842,19.6,5.0,69.083,591.0,1.808
2018-12-23,15.286,21.321,19.9,6.1,70.583,580.0,2.049
2018-12-24,15.416,19.602,20.3,6.1,67.375,576.0,1.862
2018-12-25,14.505,15.898,19.7,5.7,66.875,590.0,3.197
2018-12-26,13.815,17.924,19.0,4.9,64.958,593.0,2.166
2018-12-27,14.227,20.507,18.9,5.2,65.25,577.0,1.802
2018-12-28,13.982,13.384,18.5,6.0,68.292,586.0,3.61
2018-12-29,14.384,16.234,19.3,4.4,66.208,593.0,2.597
2018-12-30,14.653,21.695,19.5,4.5,64.333,580.0,1.048
2018-12-31,15.867,18.785,20.8,5.0,70.958,584.0,2.427
2019-01-01,15.866,20.819,20.0,5.3,73.0,583.0,1.884
2019-01-02,16.619,22.044,21.3,7.7,71.042,572.0,1.852
2019-01-03,16.285,17.684,20.8,7.1,70.75,584.0,2.825
2019-01-04,14.397,18.715,18.8,6.7,69.958,525.0,1.961
2019-01-05,15.976,16.113,20.7,7.5,69.917,573.0,3.48
2019-01-06,15.131,18.168,18.3,9.3,77.083,489.0,2.646
2019-01-07,15.376,18.609,18.9,7.6,78.833,587.0,2.43
2019-01-08,14.66,15.914,18.3,7.3,77.125,598.0,2.938
2019-01-09,15.008,15.277,19.4,7.8,71.167,601.0,3.586
2019-01-10,14.819,18.68,19.3,5.6,67.292,606.0,2.24
2019-01-11,14.896,20.664,19.3,6.3,69.0,592.0,1.486
2019-01-12,15.928,19.735,19.8,9.0,70.958,591.0,1.51
2019-01-13,16.901,23.276,21.0,9.5,73.75,591.0,2.142
2019-01-14,13.01,11.984,18.3,8.0,60.25,636.0,4.187
2019-01-15,13.921,14.534,18.8,6.1,59.25,619.0,3.54
2019-01-16,14.466,20.027,19.0,6.5,67.792,597.0,1.517
2019-01-17,15.957,20.123,20.0,6.6,72.958,623.0,1.992
2019-01-18,15.208,20.74,20.5,5.3,71.542,630.0,2.232
2019-01-19,16.593,22.831,22.8,6.4,67.583,620.0,1.933
2019-01-20,19.901,26.423,25.2,10.6,67.458,532.0,1.416
2019-01-21,17.655,19.172,20.9,12.9,79.292,456.0,4.18
2019-01-22,17.156,19.278,19.3,11.9,85.542,538.0,3.958
2019-01-23,15.727,21.138,18.4,8.8,84.375,537.0,1.82
2019-01-24,16.59,21.162,19.5,10.2,81.333,610.0,2.349
2019-01-25,14.306,16.942,16.9,9.0,79.708,628.0,2.396
2019-01-26,13.106,15.564,17.1,7.1,69.667,667.0,2.979
2019-01-27,12.275,11.238,16.3,5.1,70.167,602.0,3.342
2019-01-28,12.857,12.19,17.0,5.7,65.375,677.0,3.666
2019-01-29,13.801,14.438,18.1,5.5,65.125,681.0,3.516
2019-01-30,14.067,17.98,18.2,5.5,70.25,616.0,2.388
2019-01-31,15.093,14.753,18.8,7.4,72.167,633.0,3.215
2019-02-01,16.104,20.324,19.3,10.6,75.625,514.0,2.442
2019-02-02,16.602,18.909,19.4,7.8,81.625,678.0,2.846
2019-02-03,16.803,20.786,19.8,7.3,81.667,688.0,2.462
2019-02-04,16.914,21.868,20.9,7.2,74.667,698.0,1.792
2019-02-05,18.887,23.333,22.3,9.6,76.5,582.0,1.949
2019-02-06,20.734,22.937,23.0,13.4,84.25,601.0,3.374
2019-02-07,18.516,14.222,19.9,12.3,88.25,389.0,5.705
2019-02-08,15.079,18.407,18.4,7.7,74.25,703.0,2.515
2019-02-09,15.312,16.581,18.8,8.1,72.25,724.0,3.557
2019-02-10,14.702,17.808,18.2,6.7,75.542,612.0,2.128
2019-02-11,15.996,21.915,19.2,7.5,74.458,692.0,1.723
2019-02-12,17.593,24.402,21.1,10.2,76.25,701.0,1.312
2019-02-13,19.1,25.859,23.5,10.5,74.958,699.0,1.769
2019-02-14,18.077,15.337,20.3,13.6,83.542,423.0,3.948
2019-02-15,18.261,23.29,20.6,13.0,84.75,503.0,1.923
2019-02-16,16.625,18.556,19.0,10.2,86.625,535.0,2.296
2019-02-17,17.335,18.102,20.5,10.2,80.208,686.0,3.084
2019-02-18,18.691,22.488,22.5,10.0,72.792,698.0,3.01
2019-02-19,18.281,24.06,21.8,11.0,78.125,606.0,1.859
2019-02-20,17.896,16.94,20.3,14.6,82.583,380.0,3.387
2019-02-21,22.044,25.004,25.4,14.2,76.625,713.0,3.021
2019-02-22,19.104,20.649,22.6,12.9,74.25,756.0,4.065
2019-02-23,16.898,17.792,21.4,10.2,68.083,791.0,3.968
2019-02-24,17.381,21.315,21.9,10.1,68.5,781.0,2.514
2019-02-25,17.678,23.916,22.2,10.0,67.0,753.0,1.964
2019-02-26,17.922,19.261,21.6,11.6,69.875,646.0,3.114
2019-02-27,15.598,19.31,17.5,9.9,80.583,651.0,2.201
2019-02-28,15.217,16.645,19.4,7.3,72.208,799.0,2.593
2019-03-01,16.401,20.448,20.9,7.4,68.167,804.0,2.565
2019-03-02,17.109,22.622,20.9,11.6,72.917,601.0,1.6
2019-03-03,18.813,23.034,21.5,11.2,80.333,674.0,2.42
2019-03-04,20.078,23.329,22.2,12.2,81.75,725.0,2.27
2019-03-05,17.951,20.455,21.8,11.5,74.083,793.0,2.939
2019-03-06,18.424,20.257,23.2,10.7,66.542,821.0,2.979
2019-03-07,18.397,24.284,23.8,10.2,65.417,831.0,2.122
2019-03-08,19.427,25.561,24.0,11.6,61.667,809.0,2.227
2019-03-09,20.142,23.241,25.2,12.3,65.833,815.0,3.357
2019-03-10,18.125,24.372,24.8,11.1,54.375,854.0,2.612
2019-03-11,21.122,25.888,26.7,14.3,56.125,737.0,4.076
2019-03-12,19.499,26.252,26.7,13.1,57.292,779.0,3.056
2019-03-13,18.203,23.488,23.2,13.1,64.25,411.0,2.01
2019-03-14,19.422,22.119,24.3,12.4,72.125,631.0,3.238
2019-03-15,19.605,24.521,25.1,11.5,65.958,860.0,3.219
2019-03-16,19.1,25.227,25.5,11.7,58.125,871.0,2.895
2019-03-17,19.931,26.889,26.6,12.6,53.125,858.0,2.355
2019-03-18,20.06,27.652,27.4,12.1,52.167,853.0,1.835
2019-03-19,22.002,29.921,29.6,13.1,52.0,853.0,2.522
2019-03-20,23.19,30.6,30.9,18.0,46.625,785.0,3.997
2019-03-21,22.577,32.06,30.4,15.7,48.958,865.0,3.05
2019-03-22,20.589,27.636,29.3,15.8,41.667,887.0,3.812
2019-03-23,21.68,28.65,30.3,15.2,40.292,885.0,4.308
2019-03-24,23.781,31.563,31.3,18.1,46.5,865.0,3.79
2019-03-25,22.621,28.327,28.0,17.0,63.375,783.0,3.155
2019-03-26,22.533,29.139,30.2,15.3,58.5,885.0,3.152
2019-03-27,24.346,31.853,31.2,15.4,54.958,849.0,2.515
2019-03-28,25.783,35.236,34.0,17.9,53.958,863.0,2.13
2019-03-29,27.245,38.141,36.0,19.2,50.958,867.0,1.791
2019-03-30,27.041,38.825,36.2,21.5,54.333,867.0,2.022
2019-03-31,24.225,35.323,34.8,19.6,39.667,904.0,4.019
2019-04-01,23.344,33.648,33.8,18.2,33.792,915.0,3.742
2019-04-02,23.192,34.548,33.5,17.7,40.625,916.0,2.125
2019-04-03,24.431,36.63,35.2,17.6,38.375,902.0,2.639
2019-04-04,26.035,38.897,36.7,19.3,39.25,893.0,2.111
2019-04-05,27.421,40.684,38.0,22.0,41.417,883.0,2.071
2019-04-06,27.247,40.373,37.7,21.8,45.375,883.0,2.576
2019-04-07,28.616,37.761,35.2,21.9,52.583,838.0,2.776
2019-04-08,26.68,38.297,35.5,21.6,51.75,884.0,3.016
2019-04-09,26.851,39.216,36.7,20.9,44.75,885.0,2.265
2019-04-10,26.688,39.653,37.7,22.1,41.417,890.0,2.105
2019-04-11,27.206,40.102,38.0,24.0,35.792,895.0,2.312
2019-04-12,27.149,39.637,37.2,23.1,34.458,880.0,2.82
2019-04-13,27.281,38.859,36.9,23.1,37.125,892.0,3.525
2019-04-14,27.638,39.554,37.8,23.8,34.083,901.0,3.995
2019-04-15,27.986,40.66,38.8,24.0,31.25,900.0,3.375
2019-04-16,24.736,31.336,31.0,22.3,49.625,591.0,3.392
2019-04-17,22.646,25.994,25.6,19.0,73.833,694.0,3.095
2019-04-18,23.358,30.927,27.6,16.9,70.125,878.0,1.67
2019-04-19,23.602,30.562,29.7,18.4,57.542,799.0,2.659
2019-04-20,24.972,35.269,33.4,19.0,47.292,884.0,1.965
2019-04-21,26.32,36.834,35.7,20.7,37.5,834.0,2.633
2019-04-22,27.176,39.366,37.5,22.8,37.458,911.0,2.365
2019-04-23,28.236,41.655,39.2,24.1,33.333,902.0,2.301
2019-04-24,29.449,43.721,40.6,25.5,34.417,889.0,3.098
2019-04-25,29.292,42.08,39.7,26.9,35.25,799.0,3.076
2019-04-26,28.133,42.492,40.2,25.4,32.667,879.0,3.59
2019-04-27,27.398,44.093,40.7,27.0,21.458,918.0,5.376
2019-04-28,26.302,43.819,41.2,25.6,19.292,929.0,4.566
2019-04-29,27.088,42.979,40.8,25.6,18.875,913.0,3.071
2019-04-30,28.287,44.952,42.0,25.5,18.792,883.0,3.363
2019-05-01,27.753,43.428,41.2,25.6,22.833,909.0,2.88
2019-05-02,28.642,39.86,37.9,27.0,31.917,834.0,3.847
2019-05-03,27.483,40.164,37.5,24.9,34.042,864.0,2.819
2019-05-04,25.052,39.787,38.3,23.6,22.5,917.0,3.972
2019-05-05,25.284,41.003,39.2,22.7,18.375,925.0,3.908
2019-05-06,26.719,42.629,40.6,23.5,19.708,916.0,3.133
2019-05-07,26.954,42.764,40.4,23.0,19.208,905.0,3.425
2019-05-08,27.075,44.04,41.9,25.8,17.083,909.0,3.731
2019-05-09,27.673,44.232,41.5,26.1,19.0,906.0,4.603
2019-05-10,27.953,43.128,40.5,29.4,18.958,895.0,4.697
2019-05-11,27.43,40.804,38.7,25.4,27.708,874.0,3.71
2019-05-12,27.624,40.868,38.6,25.0,28.75,879.0,3.114
2019-05-13,27.414,40.898,38.5,25.7,28.292,766.0,2.206
2019-05-14,27.487,37.405,35.9,24.8,40.0,861.0,2.43
2019-05-15,27.776,39.715,37.1,25.3,41.708,764.0,1.952
2019-05-16,27.737,39.532,37.1,25.0,42.917,845.0,2.597
2019-05-17,27.3,37.696,34.7,24.5,57.0,741.0,1.913
2019-05-18,27.08,33.69,33.4,21.5,64.167,819.0,3.291
2019-05-19,27.307,38.075,36.6,23.0,45.375,882.0,3.036
2019-05-20,27.819,41.056,39.2,23.9,34.625,877.0,3.088
2019-05-21,28.331,42.04,39.6,25.5,29.417,849.0,3.096
2019-05-22,28.632,42.327,39.3,27.2,32.708,855.0,2.731
2019-05-23,28.883,42.407,39.4,27.5,34.75,805.0,2.318
2019-05-24,28.087,36.764,35.5,26.7,43.583,833.0,3.669
2019-05-25,27.384,38.4,37.0,25.3,38.167,867.0,4.36
2019-05-26,27.319,40.522,38.8,25.0,31.583,893.0,3.352
2019-05-27,28.511,43.637,41.2,26.5,25.458,881.0,3.529
2019-05-28,27.009,43.34,41.3,25.8,18.583,905.0,3.579
2019-05-29,28.466,44.922,42.3,26.3,18.75,891.0,3.108
2019-05-30,28.873,46.59,43.9,27.1,19.25,890.0,2.784
2019-05-31,29.473,47.205,44.5,29.0,18.417,887.0,2.922
2019-06-01,30.932,46.794,44.1,29.4,28.625,873.0,3.044
2019-06-02,31.878,46.264,42.9,29.4,39.333,867.0,3.939
2019-06-03,32.198,45.125,41.6,30.0,45.417,856.0,4.435
2019-06-04,31.821,44.7,42.0,29.9,41.625,851.0,4.01
2019-06-05,32.057,45.974,42.0,28.9,38.5,834.0,2.545
2019-06-06,31.306,46.029,42.4,30.9,34.708,858.0,3.41
2019-06-07,31.016,44.341,41.5,27.1,42.25,861.0,2.362
2019-06-08,29.756,45.068,42.0,29.0,32.375,842.0,2.083
2019-06-09,29.592,46.931,43.8,28.6,22.167,878.0,2.188
2019-06-10,29.981,47.476,44.5,29.1,21.625,874.0,2.256
2019-06-11,30.662,47.506,43.9,30.4,22.5,869.0,2.883
2019-06-12,31.291,42.76,39.1,30.2,43.458,752.0,3.243
2019-06-13,31.327,44.467,41.4,29.7,37.042,845.0,3.336
2019-06-14,29.844,44.937,42.6,30.7,28.417,870.0,4.228
2019-06-15,29.508,46.035,43.0,29.7,21.292,852.0,4.111
2019-06-16,30.415,40.891,38.9,29.0,41.917,772.0,5.606
2019-06-17,30.492,41.396,39.1,29.0,46.083,765.0,5.325
2019-06-18,29.276,37.862,35.9,24.7,54.333,788.0,2.704
2019-06-19,28.929,39.651,36.8,26.5,52.292,755.0,1.866
2019-06-20,29.211,40.66,37.8,25.1,45.542,855.0,2.05
2019-06-21,30.899,42.473,39.2,28.3,45.292,785.0,1.896
2019-06-22,29.592,43.275,40.5,29.1,37.167,858.0,2.582
2019-06-23,30.677,41.848,39.2,29.4,48.125,800.0,3.995
2019-06-24,30.762,40.299,36.9,27.2,59.917,701.0,3.049
2019-06-25,30.5,39.858,36.2,28.2,65.042,686.0,1.237
2019-06-26,31.31,41.596,39.9,29.1,52.875,806.0,2.464
2019-06-27,31.046,42.801,40.4,28.3,41.917,847.0,3.406
2019-06-28,32.003,45.678,42.5,28.6,37.75,842.0,3.716
2019-06-29,32.147,44.71,41.9,30.6,36.125,758.0,3.674
2019-06-30,31.833,46.77,43.2,31.0,34.708,828.0,3.14
2019-07-01,31.659,44.93,41.7,30.9,41.708,841.0,1.892
2019-07-02,31.615,43.347,40.1,31.6,44.542,746.0,2.553
2019-07-03,30.792,39.581,36.9,30.8,55.5,692.0,3.125
2019-07-04,32.134,43.275,39.1,30.1,58.5,721.0,2.735
2019-07-05,30.439,38.865,34.2,28.5,72.708,662.0,1.622
2019-07-06,30.337,37.86,34.7,27.6,71.667,719.0,2.235
2019-07-07,31.002,40.274,35.5,26.8,70.333,744.0,1.517
2019-07-08,31.203,40.971,36.0,28.5,69.458,696.0,1.458
2019-07-09,30.711,39.015,34.6,27.4,73.667,769.0,2.368
2019-07-10,30.901,38.448,34.8,27.5,76.5,751.0,2.418
2019-07-11,32.06,40.408,37.9,28.9,63.458,785.0,4.065
2019-07-12,31.343,39.725,37.7,28.9,59.833,760.0,3.512
2019-07-13,31.264,41.215,38.9,30.0,50.333,842.0,5.177
2019-07-14,29.815,38.515,37.4,29.1,53.125,790.0,4.353
2019-07-15,30.212,38.859,36.6,25.6,72.125,759.0,2.818
2019-07-16,27.251,31.054,28.3,24.9,88.042,472.0,2.512
2019-07-17,27.987,34.261,29.7,24.9,86.708,469.0,1.755
2019-07-18,29.213,36.945,32.2,24.8,83.458,666.0,1.429
2019-07-19,30.942,39.655,33.0,25.7,81.125,779.0,1.178
2019-07-20,31.18,39.301,33.9,26.0,81.208,764.0,1.875
2019-07-21,30.667,38.467,32.8,27.4,82.792,782.0,2.164
2019-07-22,30.889,39.544,33.9,27.5,82.042,667.0,1.764
2019-07-23,31.811,40.958,35.5,28.3,78.375,775.0,1.801
2019-07-24,32.782,41.26,36.7,28.0,76.792,837.0,2.479
2019-07-25,27.909,33.961,29.7,26.2,85.875,564.0,1.812
2019-07-26,28.905,32.247,30.0,25.6,87.5,664.0,2.872
2019-07-27,28.111,33.21,30.0,25.3,89.5,457.0,3.668
2019-07-28,29.838,34.617,31.7,25.7,86.583,713.0,3.825
2019-07-29,30.077,35.78,33.1,26.4,80.292,702.0,3.925
2019-07-30,29.294,34.758,32.2,26.3,79.833,690.0,3.408
2019-07-31,29.325,36.123,31.7,26.9,80.5,678.0,2.597
2019-08-01,30.557,36.576,32.5,26.8,82.792,729.0,2.549
2019-08-02,29.683,36.926,31.4,26.3,85.625,734.0,1.891
2019-08-03,29.675,35.197,30.5,26.6,89.083,667.0,2.291
2019-08-04,30.921,39.262,32.4,26.7,86.75,743.0,1.258
2019-08-05,30.956,39.501,32.8,26.7,85.458,739.0,1.614
2019-08-06,29.592,34.849,31.1,26.0,88.708,588.0,2.45
2019-08-07,29.104,35.154,30.8,26.2,87.792,455.0,1.556
2019-08-08,30.554,37.121,34.0,27.5,78.958,749.0,2.552
2019-08-09,29.089,33.045,31.6,27.5,76.25,660.0,5.839
2019-08-10,29.545,34.114,32.3,25.9,80.833,723.0,5.169
2019-08-11,30.782,38.365,32.9,26.5,80.792,716.0,2.112
2019-08-12,30.292,37.444,32.2,26.9,82.042,667.0,2.517
2019-08-13,30.625,37.052,33.2,27.0,84.083,833.0,2.418
2019-08-14,30.396,38.841,31.3,25.8,86.958,761.0,1.092
2019-08-15,29.867,34.504,32.0,27.3,83.333,759.0,3.778
2019-08-16,29.47,33.398,31.1,26.2,83.833,782.0,4.73
2019-08-17,26.764,27.27,27.9,25.5,89.542,473.0,5.71
2019-08-18,28.474,33.62,30.6,24.6,86.458,657.0,2.855
2019-08-19,29.205,36.716,31.8,24.5,84.458,764.0,1.326
2019-08-20,29.814,36.02,32.8,25.4,82.792,842.0,2.723
2019-08-21,30.45,36.96,34.2,24.7,78.417,861.0,2.808
2019-08-22,30.23,37.851,32.5,25.9,83.958,767.0,1.731
2019-08-23,30.712,39.381,33.0,26.1,82.292,779.0,1.071
2019-08-24,30.564,39.432,33.7,26.6,82.708,804.0,1.641
2019-08-25,28.683,34.677,29.9,26.3,87.458,526.0,2.34
2019-08-26,30.099,36.148,32.5,25.9,82.542,801.0,2.414
2019-08-27,30.772,38.695,33.7,26.6,79.833,789.0,1.726
2019-08-28,31.089,38.788,34.5,27.1,77.25,810.0,2.424
2019-08-29,31.045,38.351,34.0,27.5,80.042,774.0,2.563
2019-08-30,30.76,39.597,33.8,26.8,79.875,766.0,1.454
2019-08-31,30.484,38.645,33.5,27.0,77.875,707.0,1.599
2019-09-01,30.205,35.708,32.0,26.5,85.542,658.0,2.834
2019-09-02,30.485,38.769,33.5,26.0,82.75,719.0,1.17
2019-09-03,30.672,39.039,33.9,27.4,77.417,740.0,1.486
2019-09-04,29.902,37.014,32.3,25.7,83.333,759.0,2.577
2019-09-05,30.161,37.465,33.0,26.9,81.583,754.0,2.262
2019-09-06,30.459,38.472,33.2,27.2,80.458,788.0,2.242
2019-09-07,30.133,36.757,32.0,26.7,84.208,724.0,2.571
2019-09-08,29.979,38.032,33.3,26.4,82.792,768.0,1.788
2019-09-09,30.132,38.649,34.5,26.3,76.542,769.0,1.533
2019-09-10,30.237,39.653,35.7,26.7,71.958,817.0,1.66
2019-09-11,30.872,40.771,36.5,27.2,69.417,754.0,1.763
2019-09-12,30.807,37.8,34.5,27.8,77.083,675.0,3.751
2019-09-13,30.389,37.786,34.2,26.6,75.083,714.0,3.048
2019-09-14,29.437,35.588,33.1,26.2,75.667,617.0,3.397
2019-09-15,28.891,35.21,31.7,25.6,82.458,696.0,2.314
2019-09-16,29.715,38.168,33.5,25.7,80.625,700.0,1.644
2019-09-17,29.768,37.843,33.2,25.9,79.208,717.0,2.038
2019-09-18,29.561,36.589,32.6,26.1,78.917,696.0,3.173
2019-09-19,27.722,32.717,30.6,24.9,77.625,696.0,3.581
2019-09-20,28.269,34.479,31.0,23.6,79.5,657.0,2.068
2019-09-21,27.745,34.916,32.1,25.3,74.917,634.0,1.722
2019-09-22,27.861,33.025,29.8,25.7,80.875,571.0,2.414
2019-09-23,27.931,34.541,31.2,23.8,79.75,710.0,2.327
2019-09-24,28.575,34.653,32.1,24.2,78.167,713.0,2.509
2019-09-25,28.602,33.784,31.6,24.4,79.125,726.0,3.237
2019-09-26,27.596,31.267,30.9,25.3,75.042,655.0,4.438
2019-09-27,27.314,31.301,31.2,24.6,76.167,568.0,3.668
2019-09-28,26.828,30.14,30.0,23.2,79.875,611.0,3.568
2019-09-29,25.076,28.039,27.5,23.3,81.667,389.0,3.302
2019-09-30,26.94,33.921,29.8,22.8,82.083,622.0,2.24
2019-10-01,26.087,31.323,28.8,22.7,83.5,540.0,2.132
2019-10-02,27.07,34.442,31.2,23.1,78.083,668.0,1.485
2019-10-03,27.511,36.277,33.1,23.6,69.042,698.0,1.226
2019-10-04,26.672,32.438,30.2,23.7,71.458,693.0,2.319
2019-10-05,26.254,33.193,32.2,22.0,66.208,780.0,2.783
2019-10-06,25.88,34.614,32.8,21.2,61.833,783.0,2.215
2019-10-07,25.797,31.562,32.3,22.4,61.208,658.0,3.026
2019-10-08,25.798,33.849,32.4,21.3,53.042,772.0,2.125
2019-10-09,24.74,32.351,30.7,21.4,54.958,607.0,1.812
2019-10-10,25.135,33.679,31.7,21.8,53.5,595.0,1.556
2019-10-11,25.12,34.154,32.6,21.2,50.458,718.0,1.538
2019-10-12,25.878,34.933,33.6,22.9,54.75,762.0,1.74
2019-10-13,26.155,34.277,33.8,24.0,50.208,719.0,1.971
2019-10-14,26.489,34.806,33.9,21.9,56.292,749.0,1.998
2019-10-15,26.439,35.728,33.6,21.8,58.708,702.0,1.663
2019-10-16,26.292,35.688,33.7,22.4,56.75,692.0,1.699
2019-10-17,26.172,34.524,32.4,22.7,59.292,688.0,2.131
2019-10-18,26.385,33.307,31.9,23.2,63.458,630.0,2.598
2019-10-19,25.876,33.935,31.4,21.9,61.917,658.0,1.614
2019-10-20,24.457,33.083,33.0,20.6,47.75,739.0,2.672
2019-10-21,24.404,31.423,32.3,19.3,51.333,731.0,3.279
2019-10-22,23.772,30.816,32.0,18.8,48.917,728.0,3.51
2019-10-23,24.438,32.241,31.9,17.4,56.167,723.0,2.118
2019-10-24,24.234,32.7,31.1,18.6,62.125,713.0,1.932
2019-10-25,24.102,31.743,30.1,20.0,60.292,699.0,2.157
2019-10-26,23.97,32.296,30.2,19.5,60.667,696.0,1.641
2019-10-27,24.218,31.475,31.8,18.8,57.333,706.0,2.604
2019-10-28,24.601,32.186,30.4,18.1,61.375,694.0,1.951
2019-10-29,24.383,31.281,29.6,19.5,67.708,557.0,1.606
2019-10-30,25.691,31.611,31.1,21.2,68.417,645.0,1.997
2019-10-31,25.212,31.976,31.0,18.4,68.042,673.0,2.098
2019-11-01,25.592,33.576,31.2,18.7,66.875,663.0,1.937
2019-11-02,24.912,31.684,30.3,19.7,70.208,611.0,2.548
2019-11-03,24.163,29.018,28.8,19.2,72.708,644.0,2.625
2019-11-04,23.566,27.338,29.1,19.0,64.708,662.0,3.529
2019-11-05,23.051,27.579,29.5,17.9,58.625,666.0,3.633
2019-11-06,23.222,31.034,30.0,16.9,59.5,615.0,2.069
2019-11-07,22.048,26.319,25.5,19.5,72.125,497.0,2.68
2019-11-08,22.619,28.686,26.6,17.7,75.083,543.0,2.078
2019-11-09,22.103,27.044,28.5,16.9,63.333,652.0,3.118
2019-11-10,21.441,26.601,27.4,15.1,63.917,641.0,2.653
2019-11-11,20.751,25.246,26.6,14.8,62.083,621.0,2.451
2019-11-12,21.013,26.45,27.2,12.9,64.625,644.0,2.228
2019-11-13,21.603,28.074,26.9,14.7,68.75,585.0,1.688
2019-11-14,22.634,28.521,27.3,17.2,69.667,573.0,1.773
2019-11-15,21.972,26.575,27.1,16.8,72.333,580.0,2.422
2019-11-16,23.143,26.539,28.8,16.6,65.625,608.0,3.853
2019-11-17,22.199,24.941,28.0,17.3,61.833,621.0,4.843
2019-11-18,20.384,23.288,25.9,15.1,65.0,620.0,3.525
2019-11-19,20.344,25.091,25.9,13.9,67.5,618.0,2.615
2019-11-20,20.236,27.665,25.6,13.6,66.583,611.0,1.59
2019-11-21,21.074,27.694,25.9,13.7,68.25,590.0,1.799
2019-11-22,21.947,27.947,26.9,14.3,66.708,589.0,1.83
2019-11-23,21.367,23.545,26.0,15.4,64.458,480.0,2.983
2019-11-24,21.186,24.422,25.9,15.9,67.042,473.0,3.046
2019-11-25,20.675,26.663,25.4,14.4,69.208,574.0,1.872
2019-11-26,20.637,24.332,24.4,16.1,70.417,416.0,2.665
2019-11-27,20.129,26.475,24.9,15.5,69.917,492.0,1.755
2019-11-28,20.295,20.608,22.4,16.3,83.75,431.0,3.687
2019-11-29,20.1,24.754,22.9,13.7,84.333,561.0,1.782
2019-11-30,18.638,21.239,22.0,13.2,80.25,573.0,2.566
2019-12-01,17.62,21.454,21.6,11.4,76.25,595.0,2.485
2019-12-02,17.404,19.545,21.7,10.9,73.375,596.0,2.875
2019-12-03,17.504,20.028,22.1,9.8,70.917,598.0,3.013
2019-12-04,17.564,23.428,21.5,8.7,75.458,588.0,1.619
2019-12-05,17.483,22.526,21.0,10.0,77.042,567.0,1.512
2019-12-06,18.614,23.851,21.4,10.3,83.75,559.0,1.722
2019-12-07,18.737,24.547,22.1,10.3,81.417,580.0,1.509
2019-12-08,18.72,24.397,22.3,9.9,80.083,575.0,1.625
2019-12-09,17.6,23.304,21.6,9.5,74.958,578.0,1.435
2019-12-10,16.953,20.981,21.1,8.9,73.042,575.0,1.695
2019-12-11,17.489,22.895,21.0,9.3,73.833,564.0,1.468
2019-12-12,15.836,13.785,18.4,13.4,79.583,292.0,3.704
2019-12-13,16.926,16.24,19.3,11.3,87.292,448.0,3.452
2019-12-14,14.736,19.257,17.5,9.8,85.625,407.0,1.28
2019-12-15,15.54,18.608,18.4,9.8,82.792,558.0,2.339
2019-12-16,15.549,17.008,18.2,9.1,82.708,568.0,2.905
2019-12-17,15.529,16.036,18.1,8.1,82.333,575.0,2.897
2019-12-18,14.924,16.548,17.9,7.7,80.542,549.0,2.471
2019-12-19,14.337,18.617,16.8,6.0,82.625,520.0,1.231
2019-12-20,15.147,20.1,17.8,8.4,82.333,533.0,1.306
2019-12-21,13.822,15.903,15.8,10.0,84.958,179.0,1.79
2019-12-22,16.094,17.002,18.5,7.4,86.417,577.0,2.867
2019-12-23,15.415,18.35,18.3,7.6,84.583,585.0,2.54
2019-12-24,13.29,17.746,15.0,6.0,92.0,501.0,1.415
2019-12-25,12.815,13.104,15.1,4.9,89.708,578.0,2.745
2019-12-26,12.54,11.133,14.8,4.0,86.083,572.0,3.0
2019-12-27,11.272,12.846,13.2,3.3,90.25,553.0,1.978
2019-12-28,11.272,16.866,12.9,3.0,91.375,545.0,1.408
2019-12-29,10.89,15.628,12.8,3.8,88.875,557.0,1.215
2019-12-30,11.129,11.984,12.9,3.7,90.792,504.0,1.918
2019-12-31,10.269,13.042,12.9,2.4,80.833,601.0,1.684
2020-01-01,14.433,17.401,17.7,3.0,80.75,548.0,2.028
2020-01-02,16.566,18.944,19.5,6.7,79.5,570.0,2.627
2020-01-03,16.389,20.775,18.9,8.6,79.792,565.0,1.666
2020-01-04,16.291,20.509,18.7,8.8,83.583,505.0,1.408
2020-01-05,15.821,17.766,19.6,7.7,76.583,579.0,2.362
2020-01-06,13.875,16.775,16.5,10.3,80.042,305.0,1.747
2020-01-07,15.417,15.364,17.4,11.0,84.75,414.0,2.752
2020-01-08,14.325,16.357,15.0,10.3,91.417,247.0,2.533
2020-01-09,12.867,11.521,15.9,6.6,79.917,600.0,3.367
2020-01-10,13.911,12.842,16.6,5.8,79.667,610.0,3.307
2020-01-11,13.679,15.787,16.8,5.2,78.917,605.0,2.381
2020-01-12,15.642,19.626,19.5,6.0,79.25,598.0,2.088
2020-01-13,17.989,19.943,20.4,9.2,83.375,468.0,3.01
2020-01-14,15.965,20.263,18.3,10.4,87.042,493.0,2.322
2020-01-15,15.817,19.781,18.3,7.1,84.583,605.0,2.37
2020-01-16,14.571,16.33,15.9,9.1,89.583,448.0,2.208
2020-01-17,16.003,17.79,17.8,9.3,88.875,468.0,1.989
2020-01-18,15.19,18.748,17.1,9.7,89.5,479.0,1.72
2020-01-19,14.778,16.306,17.5,7.6,83.458,628.0,2.759
2020-01-20,15.266,18.466,17.4,7.0,85.792,552.0,2.073
2020-01-21,15.54,20.639,18.1,8.9,87.0,601.0,1.483
2020-01-22,15.975,16.785,18.6,7.3,83.542,632.0,2.658
2020-01-23,14.223,11.206,17.7,8.4,69.875,656.0,4.83
2020-01-24,15.195,13.578,19.2,8.0,65.625,659.0,4.668
2020-01-25,14.947,18.983,17.9,5.4,77.333,644.0,2.022
2020-01-26,16.821,20.238,19.9,7.0,82.625,638.0,1.598
2020-01-27,16.46,21.048,19.5,8.6,80.417,517.0,2.285
2020-01-28,16.858,16.54,18.9,10.7,84.167,533.0,3.713
2020-01-29,15.697,20.716,18.4,10.3,83.583,642.0,1.99
2020-01-30,15.388,14.618,18.2,8.3,79.292,668.0,3.231
2020-01-31,14.484,16.338,17.4,7.3,76.125,675.0,2.589
2020-02-01,14.715,18.977,18.2,7.4,76.333,678.0,2.08
2020-02-02,14.984,15.717,18.1,6.5,78.625,692.0,2.986
2020-02-03,15.1,19.725,18.7,5.9,75.375,696.0,2.073
2020-02-04,16.065,21.395,19.5,7.1,75.375,677.0,2.13
2020-02-05,15.597,16.025,18.9,8.0,76.333,679.0,3.013
2020-02-06,14.239,19.249,17.3,6.6,75.417,697.0,2.269
2020-02-07,14.998,20.398,17.9,8.8,73.542,694.0,1.747
2020-02-08,15.744,18.673,19.1,6.8,77.458,709.0,2.509
2020-02-09,16.117,20.661,19.8,6.4,77.542,720.0,2.0
2020-02-10,15.957,19.477,19.9,7.1,74.792,729.0,2.199
2020-02-11,16.175,20.304,20.4,6.8,74.25,728.0,1.952
2020-02-12,19.167,20.53,23.8,8.6,70.792,709.0,3.619
2020-02-13,21.342,24.132,26.7,12.5,60.208,718.0,4.913
2020-02-14,18.576,19.31,24.2,13.4,53.667,747.0,5.73
2020-02-15,18.497,21.218,25.0,11.6,50.042,752.0,4.49
2020-02-16,19.472,24.809,25.1,9.8,62.125,757.0,2.685
2020-02-17,18.729,23.447,25.7,8.7,57.292,766.0,3.052
2020-02-18,18.622,22.761,25.8,9.6,50.0,771.0,3.592
2020-02-19,19.41,22.872,25.6,9.8,56.583,708.0,4.012
2020-02-20,21.572,23.665,26.7,14.9,61.667,668.0,5.442
2020-02-21,17.057,13.006,18.8,13.8,83.917,362.0,4.985
2020-02-22,19.155,21.719,21.6,14.0,80.958,518.0,2.355
2020-02-23,20.398,26.002,22.9,13.3,83.875,669.0,2.031
2020-02-24,20.404,24.267,23.5,12.3,80.583,753.0,2.325
2020-02-25,20.476,24.017,24.2,12.7,76.958,765.0,2.492
2020-02-26,20.58,26.556,24.8,12.9,77.292,771.0,1.87
2020-02-27,21.219,27.646,25.2,13.0,78.333,748.0,2.318
2020-02-28,22.042,23.478,25.6,15.8,75.958,644.0,4.271
2020-02-29,20.218,22.896,22.0,16.1,82.625,535.0,3.892
2020-03-01,21.134,28.108,24.7,15.1,81.042,755.0,2.371
2020-03-02,22.173,28.057,25.2,14.7,79.542,760.0,1.588
2020-03-03,21.144,27.239,25.7,13.7,72.75,788.0,2.043
2020-03-04,21.225,26.969,24.5,14.1,74.0,640.0,2.119
2020-03-05,21.142,23.584,24.0,14.8,81.0,747.0,3.802
2020-03-06,18.567,15.429,20.5,13.6,86.375,500.0,4.827
2020-03-07,18.108,21.989,20.4,12.5,85.542,548.0,2.94
2020-03-08,19.411,23.296,22.7,11.9,81.458,823.0,2.012
2020-03-09,19.099,20.855,23.5,11.7,70.25,851.0,3.962
2020-03-10,18.946,26.659,23.7,10.3,68.625,824.0,1.533
2020-03-11,20.691,20.924,23.8,14.9,75.292,684.0,3.985
2020-03-12,21.439,22.463,25.6,14.4,70.792,828.0,3.898
2020-03-13,20.134,27.539,24.8,13.8,67.167,848.0,2.059
2020-03-14,18.609,23.576,20.7,13.5,82.708,623.0,2.762
2020-03-15,17.715,24.836,21.4,12.0,79.583,768.0,1.664
2020-03-16,20.892,25.03,23.9,12.8,76.625,786.0,2.838
2020-03-17,21.393,25.752,25.5,13.4,72.542,862.0,2.841
2020-03-18,23.085,27.242,27.0,14.2,70.5,847.0,3.165
2020-03-19,23.51,30.528,27.0,14.9,72.875,846.0,1.923
2020-03-20,23.882,31.149,28.7,15.6,72.208,828.0,2.02
2020-03-21,23.83,31.808,28.4,15.8,74.167,845.0,1.492
2020-03-22,23.394,30.165,28.3,15.6,71.333,859.0,2.144
2020-03-23,23.013,31.707,28.7,16.6,64.333,865.0,1.429
2020-03-24,24.578,32.239,29.6,18.0,68.708,729.0,2.003
2020-03-25,24.511,32.39,29.8,17.7,66.5,846.0,2.828
2020-03-26,24.416,29.074,29.7,18.2,66.667,730.0,3.486
2020-03-27,21.537,26.116,25.2,19.1,76.375,496.0,2.719
2020-03-28,22.654,26.547,27.1,15.3,72.417,882.0,2.965
2020-03-29,22.721,26.545,28.1,16.1,62.958,885.0,4.129
2020-03-30,22.5,27.559,28.8,15.2,59.958,893.0,3.496
2020-03-31,23.652,30.612,29.9,15.5,60.542,884.0,3.277
2020-04-01,24.425,33.392,30.8,17.4,59.25,885.0,2.117
2020-04-02,23.516,28.482,29.6,17.5,55.083,893.0,4.123
2020-04-03,21.71,28.417,29.7,15.6,46.375,917.0,3.606
2020-04-04,22.947,31.072,31.4,15.4,49.083,914.0,3.258
2020-04-05,24.401,32.989,31.6,16.5,53.417,870.0,2.652
2020-04-06,25.191,34.743,33.5,19.0,47.083,899.0,2.695
2020-04-07,24.607,33.603,33.0,17.6,47.417,896.0,3.811
2020-04-08,24.27,32.016,31.9,18.6,46.958,899.0,3.504
2020-04-09,23.379,31.746,31.8,17.2,46.833,910.0,2.99
2020-04-10,24.911,35.896,34.0,18.1,47.875,895.0,2.035
2020-04-11,26.243,37.348,35.2,19.3,43.25,901.0,2.404
2020-04-12,26.001,36.269,35.3,20.5,42.208,907.0,3.246
2020-04-13,27.609,38.711,37.5,21.3,41.625,889.0,3.149
2020-04-14,27.731,40.602,38.0,22.9,42.5,887.0,2.326
2020-04-15,26.657,40.088,37.8,24.7,39.042,848.0,2.831
2020-04-16,27.723,39.797,37.9,22.9,36.417,791.0,2.949
2020-04-17,25.225,36.027,35.0,25.1,34.333,829.0,3.62
2020-04-18,26.381,37.782,35.6,23.2,38.875,864.0,3.928
2020-04-19,25.898,35.568,34.0,22.0,43.875,824.0,2.72
2020-04-20,24.781,34.458,33.8,21.6,49.292,750.0,2.098
2020-04-21,24.614,33.383,32.2,19.5,53.708,879.0,2.362
2020-04-22,24.617,35.188,33.8,20.3,43.333,913.0,2.227
2020-04-23,25.734,37.653,35.6,23.5,39.917,878.0,2.538
2020-04-24,25.77,37.794,35.3,21.5,42.292,836.0,2.055
2020-04-25,26.0,35.56,33.5,24.1,44.625,828.0,2.102
2020-04-26,25.594,33.256,31.6,23.2,59.583,699.0,4.093
2020-04-27,26.177,30.604,30.0,20.8,70.417,722.0,4.5
2020-04-28,26.532,34.757,31.6,21.5,67.25,819.0,2.531
2020-04-29,27.143,37.017,34.3,21.5,56.958,772.0,2.039
2020-04-30,28.255,39.407,35.8,24.1,51.292,872.0,3.111
2020-05-01,28.285,40.542,38.2,22.6,53.417,889.0,2.771
2020-05-02,29.167,37.941,36.7,24.5,56.875,873.0,5.07
2020-05-03,28.168,35.439,34.2,23.7,64.042,702.0,3.682
2020-05-04,27.002,35.714,32.8,21.2,66.375,852.0,2.048
2020-05-05,26.606,35.414,34.7,23.4,51.875,802.0,2.302
2020-05-06,27.006,37.804,35.1,22.1,45.5,851.0,2.144
2020-05-07,26.328,38.322,36.0,22.1,43.0,887.0,2.846
2020-05-08,27.8,40.921,38.2,23.5,39.333,881.0,2.469
2020-05-09,28.586,42.525,39.6,25.3,41.167,875.0,2.724
2020-05-10,29.143,37.955,36.2,24.6,54.208,841.0,3.755
2020-05-11,28.416,38.133,35.7,22.8,57.833,824.0,3.128
2020-05-12,28.1,38.478,35.4,23.1,54.625,858.0,2.755
2020-05-13,27.949,38.587,35.6,26.0,56.167,836.0,2.205
2020-05-14,28.831,39.893,36.5,24.4,54.0,845.0,2.145
2020-05-15,28.697,40.45,38.6,24.7,40.292,864.0,3.535
2020-05-16,27.227,39.837,38.4,24.4,33.125,884.0,3.546
2020-05-17,27.524,41.293,38.9,24.8,32.5,864.0,2.19
2020-05-18,26.812,40.659,39.1,23.9,33.125,892.0,2.484
2020-05-19,26.781,40.37,38.2,23.9,26.583,845.0,2.278
2020-05-20,25.955,39.229,38.0,23.0,26.083,900.0,3.733
2020-05-21,27.045,42.711,40.6,23.5,26.333,904.0,3.81
2020-05-22,28.653,44.891,42.1,25.1,28.208,884.0,1.917
2020-05-23,29.124,43.459,41.4,27.4,29.042,786.0,2.427
2020-05-24,29.78,44.997,42.5,27.7,27.708,831.0,3.339
2020-05-25,29.051,46.487,43.6,27.1,23.083,891.0,3.453
2020-05-26,29.853,46.969,44.4,28.2,20.917,886.0,2.907
2020-05-27,29.892,46.202,43.8,28.7,21.75,848.0,2.709
2020-05-28,29.847,40.095,38.3,28.6,41.417,835.0,5.49
2020-05-29,28.733,35.768,35.1,26.4,56.0,746.0,5.628
2020-05-30,27.003,35.011,32.1,23.7,64.792,591.0,3.207
2020-05-31,27.281,35.498,32.0,23.2,72.375,848.0,1.985
2020-06-01,27.471,36.443,32.8,21.9,71.833,859.0,1.682
2020-06-02,27.968,36.57,33.9,24.0,66.375,784.0,1.698
2020-06-03,28.392,38.53,35.6,24.2,60.417,839.0,1.569
2020-06-04,28.242,38.034,35.3,24.6,57.333,751.0,2.079
2020-06-05,28.12,37.273,34.3,24.9,60.625,821.0,2.196
2020-06-06,28.141,37.813,34.6,24.5,57.833,803.0,2.182
2020-06-07,29.18,39.485,36.0,26.7,61.083,820.0,2.242
2020-06-08,28.911,37.653,35.4,25.7,61.917,786.0,1.878
2020-06-09,30.128,40.654,38.2,26.7,54.625,799.0,1.837
2020-06-10,30.628,42.236,38.5,28.4,53.625,786.0,1.966
2020-06-11,30.97,41.58,38.1,27.9,54.667,790.0,1.909
2020-06-12,31.124,42.351,38.8,29.2,49.958,803.0,2.675
2020-06-13,31.488,42.3,38.9,29.8,54.125,782.0,2.586
2020-06-14,31.026,41.652,38.7,29.3,55.792,730.0,2.531
2020-06-15,30.643,43.048,40.6,29.3,46.583,764.0,2.438
2020-06-16,31.781,43.603,39.7,28.6,46.917,830.0,2.495
2020-06-17,31.688,43.426,40.1,29.3,51.083,847.0,3.229
2020-06-18,31.632,44.742,41.5,28.3,49.125,847.0,2.878
2020-06-19,32.594,44.59,41.0,30.3,52.208,799.0,3.068
2020-06-20,31.589,42.27,39.4,29.5,53.292,787.0,3.291
2020-06-21,30.946,42.135,38.5,28.4,55.417,831.0,2.333
2020-06-22,30.545,40.248,36.1,27.5,62.375,762.0,1.99
2020-06-23,30.272,37.5,34.9,28.4,64.708,763.0,3.988
2020-06-24,29.525,36.078,33.0,28.2,73.625,595.0,3.31
2020-06-25,31.129,40.706,37.3,26.8,67.167,811.0,1.385
2020-06-26,31.135,38.278,36.6,28.1,65.792,711.0,2.775
2020-06-27,32.117,41.878,38.9,29.2,58.5,712.0,3.77
2020-06-28,32.21,42.053,39.8,30.0,52.042,707.0,3.754
2020-06-29,32.115,43.288,39.8,29.7,53.667,782.0,3.634
2020-06-30,30.843,39.84,36.5,27.2,62.958,783.0,3.395
2020-07-01,31.379,42.09,38.4,28.7,58.333,769.0,2.42
2020-07-02,31.918,43.352,40.8,30.3,52.0,745.0,2.323
2020-07-03,33.464,45.577,41.3,31.0,56.417,854.0,3.491
2020-07-04,31.957,41.847,37.8,28.7,63.375,787.0,4.071
2020-07-05,29.671,37.438,34.2,25.1,71.667,718.0,3.219
2020-07-06,30.025,38.426,34.6,26.6,71.083,786.0,2.955
2020-07-07,29.138,33.977,32.7,27.2,74.708,643.0,4.258
2020-07-08,29.93,35.155,32.5,25.9,82.333,562.0,3.419
2020-07-09,30.439,37.57,34.0,27.0,79.625,698.0,2.216
2020-07-10,31.836,40.016,37.5,28.3,69.667,707.0,2.508
2020-07-11,31.715,39.352,36.1,26.3,68.458,809.0,3.113
2020-07-12,31.084,38.835,35.9,28.8,68.125,752.0,2.119
2020-07-13,31.255,39.029,36.6,26.6,65.333,775.0,2.328
2020-07-14,31.175,42.234,39.0,29.0,59.125,797.0,2.125
2020-07-15,31.323,39.873,36.8,28.2,66.083,780.0,4.252
2020-07-16,30.601,36.608,33.6,28.4,72.542,722.0,3.903
2020-07-17,30.871,38.196,35.0,28.4,73.792,762.0,3.149
2020-07-18,31.548,40.316,36.0,27.6,75.542,692.0,2.837
2020-07-19,31.264,38.348,34.5,27.5,81.083,632.0,2.552
2020-07-20,30.452,37.063,33.3,26.5,80.542,781.0,2.924
2020-07-21,30.283,37.312,32.2,25.2,83.625,772.0,2.061
2020-07-22,28.198,32.497,30.2,25.5,86.375,645.0,2.267
2020-07-23,29.514,37.035,32.8,24.5,79.5,800.0,1.814
2020-07-24,29.491,37.618,32.1,26.2,79.667,690.0,2.322
2020-07-25,29.773,36.394,32.2,25.9,82.958,709.0,2.81
2020-07-26,30.771,39.614,33.9,25.6,81.042,806.0,1.768
2020-07-27,31.108,37.907,34.3,28.1,77.208,733.0,2.726
2020-07-28,31.515,38.694,35.5,28.8,70.417,754.0,3.559
2020-07-29,30.585,37.825,34.1,27.8,74.917,526.0,2.651
2020-07-30,29.231,36.515,31.6,25.8,80.792,582.0,1.932
2020-07-31,30.564,37.908,32.8,25.5,84.833,742.0,1.978
2020-08-01,30.545,37.756,32.7,26.9,83.917,673.0,1.622
2020-08-02,31.431,38.575,35.0,27.6,77.875,796.0,2.347
2020-08-03,31.721,39.909,35.7,28.3,76.292,723.0,2.375
2020-08-04,32.206,41.632,37.0,27.5,75.583,833.0,2.224
2020-08-05,31.162,36.998,33.8,28.3,80.667,699.0,2.848
2020-08-06,30.935,38.188,34.8,27.5,72.542,873.0,6.256
2020-08-07,30.424,36.099,33.6,27.3,77.167,751.0,4.503
2020-08-08,31.505,40.86,34.8,27.6,78.917,804.0,1.096
2020-08-09,30.729,38.915,33.2,27.0,83.375,666.0,1.525
2020-08-10,29.625,35.902,31.2,26.7,87.625,559.0,2.495
2020-08-11,30.236,37.581,31.7,26.7,87.417,571.0,1.719
2020-08-12,30.789,37.445,33.9,26.5,83.208,766.0,2.999
2020-08-13,27.155,30.672,27.8,25.9,92.792,233.0,2.208
2020-08-14,29.241,34.05,30.9,25.7,88.833,670.0,3.528
2020-08-15,30.743,36.896,32.4,26.0,86.583,733.0,3.015
2020-08-16,29.88,37.158,32.1,26.2,86.625,627.0,2.584
2020-08-17,30.807,38.085,32.9,27.0,86.208,742.0,2.485
2020-08-18,30.298,38.278,32.3,27.5,85.0,598.0,1.472
2020-08-19,27.992,33.033,29.3,26.2,91.333,316.0,1.785
2020-08-20,27.556,32.69,28.6,24.5,92.125,380.0,2.177
2020-08-21,29.766,35.069,32.3,26.1,80.292,803.0,3.64
2020-08-22,29.391,34.321,33.0,26.0,76.333,725.0,4.932
2020-08-23,28.917,33.164,31.6,25.8,81.792,674.0,4.739
2020-08-24,28.173,32.126,30.9,25.6,83.0,531.0,4.283
2020-08-25,29.59,35.051,32.1,25.7,81.542,798.0,2.944
2020-08-26,29.298,35.154,32.3,26.1,79.458,687.0,2.115
2020-08-27,28.817,36.041,31.7,26.7,81.042,645.0,1.866
2020-08-28,30.081,37.525,32.8,26.4,84.292,801.0,1.583
2020-08-29,29.846,36.932,32.4,25.6,84.208,784.0,1.963
2020-08-30,28.978,32.416,30.8,26.3,80.167,719.0,5.5
2020-08-31,28.388,32.611,31.7,25.3,78.708,654.0,4.498
2020-09-01,28.961,35.45,32.5,25.2,76.375,715.0,2.567
2020-09-02,29.031,37.322,32.4,25.5,77.167,684.0,1.78
2020-09-03,29.894,35.279,31.6,26.3,83.667,745.0,2.901
2020-09-04,30.105,35.845,32.3,26.2,81.292,755.0,2.831
2020-09-05,29.968,38.525,33.0,26.3,84.333,788.0,1.29
2020-09-06,29.179,36.39,31.1,26.0,86.583,598.0,1.633
2020-09-07,29.817,38.069,32.2,26.5,82.458,753.0,1.299
2020-09-08,30.205,38.288,33.2,26.3,79.333,753.0,1.532
2020-09-09,30.048,37.8,34.3,26.2,75.042,807.0,1.912
2020-09-10,29.647,36.566,34.6,25.9,73.375,776.0,2.488
2020-09-11,29.964,38.281,35.2,26.0,69.292,782.0,1.881
2020-09-12,29.61,38.518,35.0,25.9,69.625,778.0,1.754
2020-09-13,29.26,37.578,34.0,26.7,71.792,718.0,1.638
2020-09-14,29.656,38.463,34.5,26.8,73.708,740.0,1.546
2020-09-15,29.82,39.001,35.9,26.6,68.75,824.0,1.639
2020-09-16,30.511,39.764,37.2,27.6,61.667,793.0,2.145
2020-09-17,31.144,39.885,37.6,27.6,58.458,823.0,3.042
2020-09-18,30.85,40.61,38.3,28.1,55.333,783.0,2.875
2020-09-19,30.228,39.619,36.9,27.7,61.25,810.0,1.753
2020-09-20,29.594,38.737,36.7,27.1,63.167,826.0,2.297
2020-09-21,29.483,39.112,36.1,26.0,59.958,822.0,1.994
2020-09-22,30.188,37.338,33.6,27.2,71.0,694.0,2.392
2020-09-23,29.363,36.779,32.8,26.2,72.792,714.0,2.223
2020-09-24,29.26,37.526,35.8,25.6,68.208,819.0,2.177
2020-09-25,29.184,38.756,37.4,25.8,58.333,801.0,3.206
2020-09-26,28.249,36.296,35.1,24.8,57.375,716.0,2.713
2020-09-27,28.076,37.317,35.2,24.0,58.167,815.0,2.418
2020-09-28,27.674,36.64,35.5,23.5,56.917,822.0,3.02
2020-09-29,27.713,35.872,35.1,22.3,54.833,818.0,3.17
2020-09-30,26.642,35.739,35.2,21.8,50.833,820.0,3.512
2020-10-01,27.571,36.586,35.8,21.8,53.792,813.0,2.88
2020-10-02,27.28,36.754,35.2,21.5,59.875,813.0,2.27
2020-10-03,26.346,35.638,34.3,21.1,57.0,815.0,2.255
2020-10-04,25.654,35.132,33.9,18.7,54.292,818.0,2.25
2020-10-05,26.16,34.836,34.4,19.8,52.25,812.0,3.158
2020-10-06,26.422,35.003,34.6,19.5,54.792,811.0,2.792
2020-10-07,26.199,36.158,34.9,20.0,58.458,795.0,2.055
2020-10-08,25.958,35.992,34.3,19.1,59.125,797.0,1.913
2020-10-09,26.005,36.079,33.6,19.9,58.25,789.0,1.41
2020-10-10,26.303,35.214,33.9,20.8,57.917,773.0,2.004
2020-10-11,26.049,34.778,33.9,20.8,57.375,777.0,1.992
2020-10-12,26.506,35.391,33.2,20.6,61.375,762.0,1.566
2020-10-13,26.584,35.869,34.0,21.9,62.0,713.0,2.343
2020-10-14,27.062,35.311,32.7,23.2,66.042,675.0,1.864
2020-10-15,26.274,35.263,33.6,22.3,57.958,751.0,1.928
2020-10-16,23.182,34.31,32.7,18.4,47.792,762.0,1.596
2020-10-17,24.384,34.667,33.0,21.5,47.042,745.0,1.417
2020-10-18,23.458,33.705,33.3,18.8,42.167,744.0,2.577
2020-10-19,23.807,32.297,32.5,18.5,39.75,747.0,2.708
2020-10-20,23.124,33.16,33.1,16.8,40.25,761.0,2.33
2020-10-21,22.75,34.361,33.3,17.3,44.083,685.0,1.742
2020-10-22,23.77,33.812,32.5,20.4,44.208,652.0,1.835
2020-10-23,22.757,33.443,32.5,17.4,45.792,738.0,1.888
2020-10-24,23.07,32.713,32.6,18.0,45.708,737.0,2.09
2020-10-25,23.009,33.776,32.9,18.5,43.375,729.0,1.778
2020-10-26,22.686,33.143,32.2,18.2,44.917,713.0,1.989
2020-10-27,21.49,29.92,30.9,16.4,35.792,728.0,3.001
2020-10-28,21.643,31.306,30.1,14.6,41.792,720.0,1.808
2020-10-29,21.865,31.363,30.0,15.8,50.792,709.0,1.171
2020-10-30,21.598,29.402,30.1,14.6,49.333,708.0,2.422
2020-10-31,22.306,28.864,30.2,14.6,42.292,706.0,3.095
2020-11-01,20.03,27.497,29.2,13.2,34.208,717.0,3.025
2020-11-02,20.286,28.109,29.7,12.4,32.375,707.0,2.63
2020-11-03,19.827,29.748,29.4,12.0,37.417,702.0,2.096
2020-11-04,21.449,28.154,29.2,12.8,42.833,681.0,2.685
2020-11-05,21.345,30.056,29.9,13.6,43.542,685.0,1.898
2020-11-06,21.484,30.253,30.3,13.2,45.208,682.0,2.317
2020-11-07,21.278,28.192,29.7,13.4,44.75,677.0,2.81
2020-11-08,21.057,29.736,29.0,12.4,52.333,674.0,1.632
2020-11-09,21.208,28.96,28.6,12.8,55.25,668.0,1.749
2020-11-10,21.37,27.821,27.6,14.7,60.292,644.0,1.69
2020-11-11,21.242,28.415,27.5,14.6,63.167,646.0,2.098
2020-11-12,20.786,28.492,27.0,13.9,59.917,639.0,1.475
2020-11-13,20.725,28.684,26.9,13.5,57.458,639.0,1.189
2020-11-14,20.604,29.028,27.5,13.6,56.25,620.0,1.597
2020-11-15,22.401,27.106,29.1,15.5,60.333,613.0,3.79
2020-11-16,20.763,25.402,24.7,16.3,78.625,592.0,2.583
2020-11-17,20.353,24.009,23.8,14.8,76.583,618.0,2.426
2020-11-18,19.269,24.419,23.4,13.5,72.542,625.0,2.137
2020-11-19,18.652,24.022,22.9,13.1,69.125,598.0,1.86
2020-11-20,18.003,20.728,23.5,10.9,63.25,634.0,3.175
2020-11-21,17.221,17.636,22.5,11.2,58.667,631.0,4.0
2020-11-22,16.291,20.789,22.5,9.3,58.708,632.0,2.599
2020-11-23,17.483,24.761,22.7,8.6,63.833,614.0,1.52
2020-11-24,17.681,24.61,22.7,9.9,66.167,564.0,1.85
2020-11-25,17.344,21.352,21.9,13.1,68.25,402.0,2.568
2020-11-26,18.12,23.074,22.6,13.6,70.542,537.0,2.273
2020-11-27,19.275,22.48,24.1,12.1,69.375,611.0,3.35
2020-11-28,18.152,21.263,23.8,10.7,66.708,614.0,3.193
2020-11-29,17.473,23.522,23.2,9.2,67.125,619.0,2.15
2020-11-30,18.355,24.142,23.8,9.2,67.458,599.0,2.043
2020-12-01,18.771,24.277,24.2,9.4,70.583,594.0,2.041
2020-12-02,19.944,23.515,25.7,10.4,67.917,597.0,2.876
2020-12-03,19.698,26.268,25.0,10.7,68.083,590.0,1.619
2020-12-04,20.27,28.021,26.5,11.5,66.292,585.0,1.917
2020-12-05,21.022,25.926,26.5,13.0,68.375,579.0,2.995
2020-12-06,20.748,28.083,26.3,13.4,72.5,580.0,2.171
2020-12-07,20.647,24.942,25.9,12.6,75.333,576.0,2.575
2020-12-08,20.461,26.988,25.2,11.7,75.292,575.0,1.571
2020-12-09,21.015,27.188,25.6,12.7,71.75,572.0,1.209
2020-12-10,20.209,26.169,25.9,12.8,70.833,563.0,1.947
2020-12-11,20.265,26.096,25.5,13.3,71.333,522.0,1.969
2020-12-12,19.696,24.192,22.8,14.7,82.458,495.0,1.767
2020-12-13,15.884,18.193,20.9,10.4,69.958,591.0,3.086
2020-12-14,14.932,16.956,19.6,8.0,73.042,600.0,2.829
2020-12-15,13.719,17.791,18.2,5.9,74.125,595.0,2.354
2020-12-16,14.424,16.738,18.7,6.3,73.042,589.0,2.901
2020-12-17,12.511,11.253,16.4,5.2,68.167,601.0,3.804
2020-12-18,13.273,13.023,17.9,5.5,62.417,596.0,3.81
2020-12-19,14.628,15.005,19.6,5.8,64.0,595.0,3.58
2020-12-20,16.016,17.475,20.7,6.3,66.0,565.0,3.344
2020-12-21,15.568,19.202,19.5,6.9,73.292,468.0,2.201
2020-12-22,16.69,21.439,20.7,7.5,74.458,592.0,1.61
2020-12-23,16.769,22.284,20.8,5.6,76.458,585.0,1.351
2020-12-24,16.139,20.086,21.5,6.5,69.083,589.0,2.321
2020-12-25,15.958,18.356,20.7,5.9,69.25,592.0,2.646
2020-12-26,15.552,17.311,19.8,6.0,73.292,591.0,2.45
2020-12-27,17.127,19.741,21.9,9.4,67.125,583.0,2.599
2020-12-28,12.358,14.552,17.6,6.4,58.208,601.0,3.068
2020-12-29,12.702,11.848,16.4,5.2,70.083,601.0,3.271
2020-12-30,12.874,15.091,16.4,4.8,78.375,605.0,2.857
2020-12-31,13.709,16.372,16.7,4.5,81.833,597.0,2.371
2021-01-01,13.911,18.12,17.9,3.2,78.125,590.0,1.605
2021-01-02,15.314,15.474,17.9,9.8,74.958,452.0,2.696
2021-01-03,18.666,16.513,20.8,12.1,84.125,476.0,4.062
2021-01-04,19.691,20.611,22.3,12.5,88.208,449.0,2.744
2021-01-05,19.055,20.167,21.5,14.5,84.625,378.0,2.965
2021-01-06,19.176,23.044,21.6,14.7,86.917,429.0,2.284
2021-01-07,17.036,21.074,19.3,11.1,87.292,514.0,2.618
2021-01-08,16.399,20.265,18.8,9.3,88.125,513.0,1.67
2021-01-09,17.476,17.055,19.7,10.9,83.083,493.0,3.238
2021-01-10,14.247,14.178,17.4,8.5,77.917,621.0,3.682
2021-01-11,15.352,12.966,17.7,7.1,82.458,620.0,3.793
2021-01-12,15.215,13.968,18.0,6.4,81.0,621.0,3.131
2021-01-13,14.722,15.064,18.1,5.4,79.75,632.0,2.735
2021-01-14,14.802,20.977,18.5,4.9,81.292,585.0,1.619
2021-01-15,15.619,22.058,19.0,7.4,84.667,633.0,1.205
2021-01-16,14.277,15.893,16.7,5.3,89.417,635.0,1.987
2021-01-17,15.607,14.877,18.7,6.7,85.333,630.0,3.108
2021-01-18,15.632,16.906,17.9,10.3,86.208,347.0,2.724
2021-01-19,18.628,20.356,20.6,9.6,88.042,625.0,2.67
2021-01-20,17.453,16.378,19.8,9.9,85.125,642.0,3.992
2021-01-21,16.566,16.459,20.1,9.1,78.542,657.0,3.88
2021-01-22,16.989,19.857,20.8,7.4,78.792,647.0,2.599
2021-01-23,17.644,18.109,20.9,8.8,79.0,635.0,3.615
2021-01-24,16.293,16.903,18.9,8.8,81.0,639.0,2.663
2021-01-25,15.103,19.047,18.2,6.2,81.75,662.0,2.297
2021-01-26,14.781,16.928,18.1,6.8,79.042,669.0,2.573
2021-01-27,15.068,15.892,18.6,6.3,75.75,680.0,2.814
2021-01-28,14.177,19.241,17.9,5.0,77.75,681.0,1.928
2021-01-29,14.815,15.055,18.4,5.7,75.583,685.0,3.09
2021-01-30,15.009,15.751,18.9,6.3,71.5,695.0,3.437
2021-01-31,15.366,21.03,20.1,4.8,67.875,697.0,2.008
2021-02-01,17.627,24.026,21.9,7.0,75.375,686.0,1.596
2021-02-02,17.971,25.112,22.9,7.3,75.167,693.0,1.834
2021-02-03,19.625,24.308,23.5,11.8,74.75,676.0,3.452
2021-02-04,18.156,24.293,21.1,11.1,80.542,543.0,2.853
2021-02-05,17.048,19.161,19.5,8.6,84.458,695.0,2.405
2021-02-06,16.205,17.544,19.8,8.6,75.375,711.0,3.353
2021-02-07,17.456,17.554,21.1,9.4,73.75,712.0,3.571
2021-02-08,18.457,22.541,22.2,8.5,77.333,714.0,2.239
2021-02-09,19.328,23.221,23.7,9.4,73.75,724.0,2.392
2021-02-10,20.207,27.154,24.8,12.1,74.333,722.0,1.986
2021-02-11,19.619,24.94,23.6,10.8,77.083,728.0,1.724
2021-02-12,19.376,25.894,24.1,11.5,77.667,710.0,1.755
2021-02-13,18.897,25.885,23.6,11.3,80.417,738.0,1.3
2021-02-14,19.912,27.317,25.3,11.0,73.042,738.0,1.412
2021-02-15,21.313,29.321,26.7,12.4,69.75,728.0,1.456
2021-02-16,21.883,28.669,26.4,12.4,70.917,738.0,1.846
2021-02-17,19.934,26.45,25.2,12.1,71.917,755.0,2.005
2021-02-18,19.404,26.253,25.1,11.3,72.958,759.0,1.878
2021-02-19,19.618,25.602,25.2,11.1,74.833,764.0,2.115
2021-02-20,19.596,25.773,25.6,11.6,70.5,766.0,2.537
2021-02-21,20.277,24.455,25.8,11.4,68.167,771.0,3.069
2021-02-22,21.671,25.908,27.3,12.4,67.792,762.0,3.04
2021-02-23,21.79,29.672,29.3,12.4,62.125,768.0,2.225
2021-02-24,22.438,30.273,29.9,13.3,61.375,778.0,2.131
2021-02-25,23.248,29.847,30.2,13.9,61.417,777.0,2.71
2021-02-26,23.97,30.192,30.7,15.1,59.042,777.0,3.196
2021-02-27,22.619,29.87,30.2,18.5,44.125,788.0,2.879
2021-02-28,21.036,31.17,29.9,17.0,50.083,790.0,2.512
2021-03-01,19.695,25.535,27.4,13.9,47.25,820.0,3.629
2021-03-02,19.745,24.624,27.6,14.4,41.625,823.0,4.818
2021-03-03,21.252,27.959,29.3,14.3,41.833,816.0,3.307
2021-03-04,22.302,32.758,31.0,15.1,48.708,812.0,1.411
2021-03-05,21.627,28.467,30.2,15.5,45.5,831.0,4.338
2021-03-06,21.527,29.548,30.7,15.1,43.958,827.0,3.36
2021-03-07,23.86,34.632,33.2,15.3,44.167,812.0,2.995
2021-03-08,24.418,31.007,31.1,19.3,50.5,806.0,4.39
2021-03-09,24.895,34.106,31.9,18.3,59.417,800.0,2.041
2021-03-10,24.205,32.758,30.6,18.7,61.875,795.0,2.054
2021-03-11,23.536,33.861,32.5,17.1,52.958,841.0,2.072
2021-03-12,22.89,30.022,29.9,17.9,56.0,640.0,3.043
2021-03-13,23.685,31.25,30.1,16.0,61.542,829.0,2.036
2021-03-14,22.702,29.42,30.2,16.1,50.583,847.0,3.1
2021-03-15,23.955,31.374,31.7,17.5,51.667,844.0,3.214
2021-03-16,23.583,31.981,32.3,17.0,48.708,855.0,3.316
2021-03-17,24.356,34.161,32.9,17.0,44.333,842.0,2.799
2021-03-18,24.167,35.067,32.6,17.4,48.792,826.0,2.255
2021-03-19,24.183,33.412,31.7,19.4,52.125,834.0,2.54
2021-03-20,23.861,32.593,32.9,17.3,44.917,863.0,3.18
2021-03-21,24.741,34.953,33.8,17.8,44.292,860.0,2.758
2021-03-22,24.704,34.099,33.2,18.7,48.75,855.0,3.429
2021-03-23,24.486,33.264,32.1,19.8,49.333,853.0,2.915
2021-03-24,23.226,33.051,31.2,16.7,44.625,871.0,2.686
2021-03-25,21.97,29.403,30.7,16.7,40.5,894.0,4.505
2021-03-26,22.592,30.162,31.2,16.2,45.708,892.0,3.892
2021-03-27,24.849,34.155,33.0,17.9,45.708,877.0,2.165
2021-03-28,25.734,36.99,35.2,18.8,44.875,883.0,2.022
2021-03-29,25.56,39.523,37.7,21.8,38.208,892.0,2.334
2021-03-30,24.602,39.029,37.0,23.3,32.625,935.0,5.062
2021-03-31,22.21,34.883,34.4,21.6,23.083,929.0,5.634
2021-04-01,21.403,34.056,34.0,18.7,15.833,942.0,5.784
2021-04-02,20.843,33.39,33.2,17.0,17.083,929.0,3.467
2021-04-03,20.935,34.878,33.9,15.8,20.167,929.0,2.444
2021-04-04,23.191,35.964,35.3,17.5,23.25,920.0,2.871
2021-04-05,25.504,39.828,37.8,19.2,27.708,865.0,2.733
2021-04-06,26.359,40.02,37.5,22.5,29.042,885.0,3.068
2021-04-07,25.452,37.208,35.6,21.4,30.875,881.0,2.943
2021-04-08,22.913,34.773,33.9,20.3,25.917,928.0,3.335
2021-04-09,22.543,35.858,35.2,18.7,22.5,940.0,3.005
2021-04-10,23.591,37.202,36.3,19.3,18.792,929.0,3.317
2021-04-11,23.969,38.449,37.4,20.8,20.167,938.0,2.922
2021-04-12,25.066,39.449,38.0,20.4,21.333,919.0,2.741
2021-04-13,25.595,39.257,38.1,21.3,24.458,916.0,3.439
2021-04-14,26.224,40.191,38.6,22.5,22.917,920.0,3.996
2021-04-15,25.585,40.502,38.6,22.3,19.792,913.0,3.06
2021-04-16,26.207,40.984,38.7,23.0,32.125,909.0,2.801
2021-04-17,25.048,34.563,34.8,20.4,44.333,862.0,2.866
2021-04-18,24.52,36.349,35.4,21.5,30.708,916.0,2.264
2021-04-19,25.67,38.261,37.2,21.3,30.917,903.0,3.225
2021-04-20,24.69,33.973,33.7,22.0,29.417,872.0,4.47
2021-04-21,24.16,31.983,31.7,19.0,41.125,905.0,3.72
2021-04-22,24.087,34.846,32.8,20.1,41.833,907.0,2.508
2021-04-23,24.75,34.623,34.9,22.6,35.083,751.0,4.928
2021-04-24,23.18,33.756,33.6,18.8,36.458,933.0,3.637
2021-04-25,24.923,37.522,36.6,20.9,27.833,932.0,3.849
2021-04-26,25.63,40.443,38.8,20.9,26.5,934.0,2.317
2021-04-27,27.306,43.199,41.1,23.6,24.417,913.0,2.635
2021-04-28,27.362,43.648,41.5,24.7,20.75,904.0,2.94
2021-04-29,27.602,43.068,40.9,25.0,22.708,876.0,2.873
2021-04-30,27.468,41.428,39.1,24.6,28.583,899.0,2.825
2021-05-01,27.43,41.679,39.6,25.2,30.708,799.0,2.624
2021-05-02,27.677,41.438,38.8,26.1,31.917,843.0,2.27
2021-05-03,26.86,38.526,37.0,25.4,33.125,783.0,2.276
2021-05-04,27.68,42.75,40.1,26.0,30.958,860.0,2.786
2021-05-05,27.95,40.717,37.8,26.1,39.417,801.0,3.611
2021-05-06,28.885,40.98,39.2,24.1,53.25,837.0,3.814
2021-05-07,27.194,37.888,34.6,22.0,55.875,861.0,2.368
2021-05-08,26.829,39.121,37.1,23.7,39.5,873.0,2.007
2021-05-09,27.523,40.486,37.7,25.3,39.5,854.0,2.466
2021-05-10,27.311,37.46,36.0,25.0,42.333,788.0,3.03
2021-05-11,28.509,41.433,38.8,25.1,41.25,874.0,3.166
2021-05-12,27.48,37.608,35.2,24.6,45.958,758.0,3.174
2021-05-13,26.082,34.103,31.3,22.5,59.5,697.0,3.642
2021-05-14,27.088,38.27,36.0,22.8,46.458,826.0,2.512
2021-05-15,27.037,37.759,35.7,24.8,40.833,810.0,1.939
2021-05-16,27.633,41.032,38.4,23.9,38.458,880.0,1.924
2021-05-17,26.097,37.814,37.1,26.2,36.417,445.0,1.955
2021-05-18,24.976,29.491,30.8,24.5,56.583,371.0,2.7
2021-05-19,21.679,25.526,24.4,21.0,85.042,156.0,3.518
2021-05-20,25.463,31.644,29.7,20.6,78.25,807.0,4.066
2021-05-21,27.965,34.031,31.4,20.8,78.75,838.0,2.831
2021-05-22,28.448,37.54,33.1,23.8,68.917,862.0,1.881
2021-05-23,27.524,36.503,33.9,22.5,61.208,869.0,2.92
2021-05-24,27.328,35.703,35.1,22.1,49.542,889.0,4.275
2021-05-25,27.773,38.494,37.1,23.7,43.208,898.0,4.225
2021-05-26,27.824,39.947,37.6,22.1,43.917,893.0,2.521
2021-05-27,28.999,40.947,37.6,22.0,47.375,893.0,1.884
2021-05-28,30.276,40.007,36.8,24.1,61.667,867.0,3.633
2021-05-29,30.452,39.762,37.2,26.1,57.25,858.0,4.61
2021-05-30,30.359,39.563,36.2,25.1,63.458,850.0,3.289
2021-05-31,30.18,40.239,37.2,26.2,58.958,841.0,2.347
2021-06-01,29.177,38.068,33.6,22.4,68.875,793.0,2.225
2021-06-02,29.159,38.478,34.3,23.6,67.833,854.0,1.758
2021-06-03,28.872,38.564,35.1,25.3,62.75,828.0,1.612
2021-06-04,29.341,39.49,35.8,25.3,63.583,806.0,1.528
2021-06-05,29.688,39.736,36.1,25.8,61.125,849.0,2.508
2021-06-06,29.601,40.182,38.1,26.2,54.917,860.0,2.011
2021-06-07,30.766,42.03,39.7,26.7,51.083,835.0,2.186
2021-06-08,31.182,44.316,41.6,28.7,38.958,767.0,4.408
2021-06-09,32.057,45.062,41.9,30.8,37.583,798.0,4.37
2021-06-10,31.258,40.937,37.8,29.9,58.333,779.0,4.608
2021-06-11,30.925,41.312,37.2,27.3,60.083,790.0,3.557
2021-06-12,31.4,40.601,37.7,28.6,59.458,762.0,4.542
2021-06-13,30.488,40.131,36.5,25.5,67.25,826.0,2.195
2021-06-14,30.168,39.937,36.7,26.1,61.292,824.0,2.159
2021-06-15,30.114,39.439,37.2,27.0,61.917,744.0,2.47
2021-06-16,29.809,38.635,35.0,26.1,72.458,642.0,2.316
2021-06-17,29.697,38.259,34.7,26.1,71.417,757.0,2.475
2021-06-18,29.529,36.124,33.6,25.7,71.083,779.0,3.352
2021-06-19,29.202,35.959,33.6,25.2,72.917,755.0,3.307
2021-06-20,28.833,36.551,33.5,25.4,73.667,714.0,2.517
2021-06-21,29.558,38.393,36.3,25.3,63.958,746.0,2.394
2021-06-22,30.252,41.678,39.7,28.2,47.875,784.0,2.419
2021-06-23,30.273,43.616,40.5,28.4,45.542,822.0,2.206
2021-06-24,30.665,41.485,38.6,28.4,57.958,767.0,2.94
2021-06-25,30.699,42.715,39.9,28.5,57.792,828.0,2.421
2021-06-26,30.027,40.947,38.1,26.9,57.208,757.0,1.732
2021-06-27,30.66,41.754,38.8,28.9,53.333,771.0,2.508
2021-06-28,30.607,43.065,40.1,28.9,48.5,827.0,2.095
2021-06-29,31.027,45.935,42.6,29.4,38.458,869.0,3.303
2021-06-30,31.565,48.006,43.8,29.6,30.542,804.0,5.123
2021-07-01,31.713,45.41,42.1,31.9,33.0,866.0,4.618
2021-07-02,32.125,44.848,41.6,31.6,41.583,813.0,4.099
2021-07-03,30.76,42.252,39.3,29.4,50.292,695.0,3.042
2021-07-04,31.216,43.156,40.3,28.8,48.792,803.0,2.085
2021-07-05,31.285,42.478,39.6,29.2,47.375,787.0,2.244
2021-07-06,31.433,42.684,40.3,29.9,44.042,735.0,3.401
2021-07-07,31.906,45.089,41.8,31.4,40.167,857.0,3.146
2021-07-08,31.096,42.987,40.3,32.1,39.0,733.0,3.632
2021-07-09,31.115,41.386,38.3,28.4,57.292,799.0,3.76
2021-07-10,31.529,41.992,38.1,30.1,57.125,753.0,2.988
2021-07-11,31.436,39.383,36.7,29.1,64.042,792.0,4.957
2021-07-12,29.703,35.128,33.8,28.0,69.542,666.0,5.129
2021-07-13,29.588,36.377,33.5,27.5,77.833,459.0,3.26
2021-07-14,30.052,36.054,32.3,27.4,83.042,542.0,3.002
2021-07-15,31.023,38.052,34.3,27.4,78.833,705.0,3.156
2021-07-16,31.102,38.902,34.4,27.7,77.958,735.0,2.998
2021-07-17,31.833,41.336,36.7,28.4,70.875,749.0,1.968
2021-07-18,31.11,38.539,34.3,27.6,81.917,630.0,2.315
2021-07-19,26.362,30.736,27.3,25.9,94.083,66.0,1.977
2021-07-20,28.918,35.796,30.8,25.9,87.25,569.0,1.07
2021-07-21,30.43,38.837,32.6,25.9,84.833,716.0,1.821
2021-07-22,29.36,34.356,30.2,25.9,87.583,642.0,2.654
2021-07-23,30.578,36.815,32.1,26.1,85.417,696.0,2.599
2021-07-24,30.996,39.101,34.0,27.3,81.208,782.0,1.713
2021-07-25,31.23,39.586,34.3,27.9,78.375,780.0,2.166
2021-07-26,28.793,34.442,30.7,28.0,85.333,368.0,2.303
2021-07-27,29.538,35.322,31.2,27.0,87.458,570.0,2.215
2021-07-28,27.664,32.244,29.0,26.2,88.833,301.0,2.145
2021-07-29,27.953,33.122,29.7,25.7,88.167,499.0,1.573
2021-07-30,28.413,33.737,30.5,25.8,87.5,560.0,2.155
2021-07-31,29.648,35.706,31.9,25.4,86.125,621.0,2.521
2021-08-01,29.75,36.501,32.3,26.8,83.375,754.0,1.849
2021-08-02,28.748,34.485,30.2,26.1,87.292,505.0,1.593
2021-08-03,30.141,35.343,32.3,26.4,84.75,634.0,2.952
2021-08-04,29.093,34.405,32.7,26.2,79.292,753.0,3.343
2021-08-05,30.173,38.412,32.9,26.0,79.542,779.0,1.579
2021-08-06,30.472,38.75,33.2,26.5,81.125,731.0,1.214
2021-08-07,30.026,38.151,32.2,27.6,86.75,661.0,1.082
2021-08-08,29.709,37.375,32.0,27.1,86.75,627.0,1.217
2021-08-09,28.968,35.712,31.0,26.7,86.75,473.0,1.563
2021-08-10,30.963,37.941,34.6,26.6,78.25,851.0,2.797
2021-08-11,30.554,37.498,35.2,27.5,67.083,876.0,4.345
2021-08-12,30.607,37.679,34.9,26.3,68.208,879.0,3.471
2021-08-13,30.71,38.16,35.6,26.8,67.25,851.0,3.352
2021-08-14,30.529,37.697,35.3,26.7,65.542,843.0,3.692
2021-08-15,29.896,37.74,35.2,26.4,64.792,885.0,2.887
2021-08-16,30.072,38.433,35.6,26.6,66.375,858.0,2.199
2021-08-17,30.384,38.688,36.1,26.9,66.5,821.0,2.069
2021-08-18,30.025,38.823,36.0,27.3,64.833,822.0,1.869
2021-08-19,30.622,39.16,34.8,27.9,71.708,789.0,1.999
2021-08-20,27.728,30.99,29.8,26.8,84.542,325.0,3.365
2021-08-21,27.799,31.571,29.2,25.1,90.125,490.0,3.107
2021-08-22,30.061,37.362,31.1,25.0,88.542,713.0,2.639
2021-08-23,29.855,36.943,31.8,26.2,86.625,635.0,1.757
2021-08-24,30.531,38.049,31.9,27.0,86.292,673.0,1.47
2021-08-25,30.487,36.728,34.4,27.7,70.792,871.0,4.254
2021-08-26,30.072,36.558,34.0,26.9,68.792,871.0,4.058
2021-08-27,29.932,38.372,34.2,25.4,68.333,851.0,2.82
2021-08-28,29.77,37.608,33.5,26.6,75.167,825.0,2.045
2021-08-29,29.822,37.905,32.9,26.0,83.833,733.0,2.259
2021-08-30,29.274,34.712,31.0,25.2,85.75,661.0,3.081
2021-08-31,29.171,34.567,31.0,24.9,86.625,749.0,3.005
2021-09-01,28.816,34.655,29.8,24.5,90.167,655.0,2.486
2021-09-02,30.004,36.939,31.9,24.8,86.417,670.0,1.706
2021-09-03,29.063,34.881,31.1,25.3,87.583,658.0,1.959
2021-09-04,28.727,36.165,30.7,25.6,88.625,615.0,1.302
2021-09-05,29.446,37.582,31.6,25.8,85.542,746.0,1.418
2021-09-06,29.892,37.157,32.2,26.6,83.75,616.0,1.398
2021-09-07,29.469,34.384,30.6,26.2,88.083,645.0,3.175
2021-09-08,29.161,32.756,30.6,26.1,81.25,643.0,4.722
2021-09-09,29.319,34.831,31.0,25.2,84.417,736.0,3.193
2021-09-10,28.638,31.841,30.0,25.0,87.583,642.0,3.985
2021-09-11,27.619,29.992,28.8,24.2,89.875,530.0,4.519
2021-09-12,27.467,33.328,29.0,24.8,89.917,299.0,2.217
2021-09-13,29.31,36.308,31.6,25.7,86.875,617.0,1.77
2021-09-14,28.36,32.277,31.2,25.9,83.792,384.0,2.792
2021-09-15,28.977,34.513,32.2,25.4,78.5,787.0,2.922
2021-09-16,29.938,35.379,32.8,25.4,78.333,805.0,3.589
2021-09-17,27.059,29.53,29.6,23.5,77.5,568.0,4.112
2021-09-18,28.498,32.794,31.1,24.3,80.792,677.0,3.497
2021-09-19,28.973,35.026,31.9,25.3,80.875,744.0,2.683
2021-09-20,29.118,35.464,32.4,25.0,81.333,682.0,2.27
2021-09-21,28.834,34.949,31.2,26.0,83.708,611.0,2.382
2021-09-22,28.71,34.807,29.7,24.6,89.208,604.0,2.788
2021-09-23,28.123,34.435,29.8,24.6,88.458,571.0,2.634
2021-09-24,28.663,34.04,30.9,24.7,84.042,712.0,2.465
2021-09-25,28.783,35.422,30.8,24.7,85.0,736.0,2.071
2021-09-26,28.331,33.269,30.7,24.4,85.167,658.0,2.693
2021-09-27,28.829,36.473,32.1,24.7,81.333,744.0,1.655
2021-09-28,29.285,35.367,32.2,25.6,82.125,664.0,2.95
2021-09-29,28.678,33.594,31.6,25.3,80.542,715.0,3.288
2021-09-30,29.049,35.865,31.8,25.3,81.042,671.0,1.888
2021-10-01,29.307,37.183,32.3,25.5,81.542,680.0,1.142
2021-10-02,29.663,36.564,33.3,25.5,78.125,743.0,2.175
2021-10-03,29.629,35.4,34.0,25.6,74.792,743.0,2.985
2021-10-04,28.494,35.967,33.3,25.6,69.708,691.0,2.055
2021-10-05,28.907,37.16,32.5,24.8,76.25,730.0,1.503
2021-10-06,28.52,35.654,32.7,25.6,75.042,708.0,1.819
2021-10-07,27.492,34.709,32.9,23.1,69.583,775.0,2.522
2021-10-08,27.716,35.716,34.0,23.0,65.5,777.0,2.602
2021-10-09,27.893,36.634,34.9,22.7,61.167,773.0,2.355
2021-10-10,27.757,37.852,35.8,22.4,60.292,767.0,2.118
2021-10-11,27.825,37.142,35.6,22.8,56.833,768.0,2.24
2021-10-12,27.167,37.587,35.4,23.3,54.333,764.0,2.194
2021-10-13,25.502,33.573,33.7,21.6,51.708,766.0,3.235
2021-10-14,25.273,32.576,32.7,19.6,52.625,756.0,3.309
2021-10-15,25.909,34.87,33.8,19.4,50.833,740.0,2.746
2021-10-16,27.039,36.645,34.1,21.6,58.333,719.0,1.615
2021-10-17,27.561,32.3,30.9,23.4,75.292,589.0,3.0
2021-10-18,22.899,24.391,23.8,21.1,91.667,188.0,2.954
2021-10-19,25.737,28.752,28.9,19.4,81.083,706.0,3.385
2021-10-20,25.773,31.414,31.0,19.8,72.333,717.0,2.884
2021-10-21,23.865,28.403,29.9,17.9,65.25,733.0,3.727
2021-10-22,24.874,30.121,30.5,19.4,64.458,713.0,3.548
2021-10-23,24.637,32.314,29.8,18.9,67.25,694.0,2.425
2021-10-24,23.609,28.144,27.7,19.3,71.542,628.0,2.537
2021-10-25,23.681,29.263,27.5,17.8,78.583,664.0,1.956
2021-10-26,22.288,26.499,26.9,16.7,71.375,695.0,2.706
2021-10-27,22.127,26.504,27.7,15.3,65.417,686.0,3.012
2021-10-28,22.004,27.234,27.7,14.8,65.5,689.0,2.672
2021-10-29,21.811,29.318,28.7,14.6,63.375,684.0,2.176
2021-10-30,21.773,27.167,29.1,15.2,57.042,687.0,3.346
2021-10-31,22.522,28.412,29.6,15.8,52.5,677.0,2.774
2021-11-01,22.554,30.615,29.6,16.7,52.583,669.0,2.264
2021-11-02,22.773,28.448,28.4,16.5,62.75,653.0,3.085
2021-11-03,22.26,30.185,29.2,15.7,57.583,650.0,2.138
2021-11-04,21.682,29.596,28.0,15.8,58.792,655.0,1.619
2021-11-05,20.879,28.21,27.8,15.2,59.625,649.0,1.973
2021-11-06,21.875,26.717,29.1,14.5,55.833,647.0,3.476
2021-11-07,22.205,27.913,28.8,15.4,58.625,644.0,2.96
2021-11-08,21.489,28.008,29.2,14.4,58.708,647.0,2.79
2021-11-09,21.865,27.908,28.5,14.9,58.625,644.0,2.641
2021-11-10,22.008,28.775,29.2,14.0,59.542,636.0,2.162
2021-11-11,21.248,28.681,28.7,14.0,60.083,634.0,1.831
2021-11-12,21.056,27.442,28.4,14.9,60.958,635.0,2.288
2021-11-13,20.669,26.545,27.5,13.1,58.0,630.0,2.499
2021-11-14,19.556,27.457,26.6,12.2,55.625,631.0,1.862
2021-11-15,19.421,25.986,26.1,11.6,55.042,621.0,2.412
2021-11-16,19.255,24.8,25.5,11.1,58.333,624.0,2.351
2021-11-17,19.413,25.246,24.8,10.6,65.667,614.0,1.675
2021-11-18,19.463,26.734,24.7,12.5,67.875,608.0,0.776
2021-11-19,19.465,25.477,25.0,12.0,62.917,608.0,1.812
2021-11-20,19.535,26.178,25.5,15.0,59.25,599.0,1.757
2021-11-21,19.818,24.406,26.2,13.3,57.875,605.0,2.892
2021-11-22,19.188,22.799,26.6,12.4,51.917,616.0,4.215
2021-11-23,19.081,23.412,26.0,11.8,55.917,604.0,3.254
2021-11-24,19.76,27.209,26.3,11.0,58.708,598.0,1.99
2021-11-25,19.89,26.327,25.4,11.9,68.25,579.0,2.061
2021-11-26,20.124,26.423,25.4,12.0,68.75,580.0,1.551
2021-11-27,20.542,25.076,25.5,13.2,71.0,571.0,2.076
2021-11-28,20.923,26.447,25.2,13.6,73.917,560.0,2.01
2021-11-29,19.361,23.203,25.1,11.5,64.542,581.0,2.639
2021-11-30,19.469,22.954,25.1,12.2,65.708,552.0,3.074
2021-12-01,17.528,21.657,21.9,13.4,73.75,285.0,1.75
2021-12-02,17.286,20.313,19.8,13.9,80.583,347.0,1.952
2021-12-03,19.05,24.206,22.4,12.9,78.833,463.0,1.626
2021-12-04,19.425,24.239,23.9,11.9,74.333,552.0,2.058
2021-12-05,20.108,25.894,24.5,13.4,73.542,547.0,1.562
2021-12-06,19.698,23.773,23.2,14.0,79.708,541.0,2.263
2021-12-07,18.546,19.943,22.9,12.5,74.75,563.0,3.098
2021-12-08,17.634,20.744,22.1,10.8,72.208,567.0,2.729
2021-12-09,17.531,23.303,22.0,9.6,73.125,556.0,1.895
2021-12-10,17.593,21.168,22.2,9.7,71.167,556.0,2.68
2021-12-11,16.978,20.355,21.8,9.1,69.208,568.0,2.782
2021-12-12,16.063,23.124,20.9,8.4,66.917,559.0,1.521
2021-12-13,15.264,20.122,19.2,8.4,68.625,385.0,1.01
2021-12-14,16.545,22.08,20.6,8.5,72.833,508.0,1.495
2021-12-15,15.791,18.986,20.6,9.1,68.708,561.0,2.418
2021-12-16,14.759,18.832,17.8,9.9,73.292,367.0,2.439
2021-12-17,13.178,12.581,18.0,7.7,61.375,576.0,3.824
2021-12-18,13.634,11.053,17.9,6.2,67.125,565.0,4.31
2021-12-19,13.53,13.968,17.6,5.8,66.208,569.0,3.686
2021-12-20,13.872,17.566,18.0,5.4,71.083,568.0,2.37
2021-12-21,15.096,19.819,19.4,5.2,73.25,556.0,1.679
2021-12-22,15.53,20.553,20.0,5.8,69.0,554.0,1.52
2021-12-23,16.954,21.544,21.0,8.1,73.5,528.0,1.766
2021-12-24,16.983,21.772,21.5,9.1,75.875,548.0,1.87
2021-12-25,17.19,23.418,21.0,9.3,73.167,546.0,0.996
2021-12-26,15.52,18.942,18.2,11.0,80.75,196.0,1.968
2021-12-27,15.96,21.289,19.6,11.2,73.5,511.0,1.71
2021-12-28,15.767,20.687,19.3,11.0,78.792,390.0,1.514
2021-12-29,15.658,17.946,19.1,8.5,75.583,554.0,2.172
2021-12-30,13.218,17.77,17.7,5.4,69.292,510.0,1.932
2021-12-31,14.077,17.538,17.8,4.8,74.0,574.0,2.377
2022-01-01,14.518,18.645,18.1,5.2,77.917,563.0,2.029
2022-01-02,15.257,19.09,18.8,6.3,79.25,533.0,2.043
2022-01-03,16.041,19.578,20.1,7.0,76.958,563.0,2.258
2022-01-04,16.725,22.857,21.9,8.0,74.25,553.0,1.759
2022-01-05,13.687,15.519,15.4,11.7,85.375,121.0,2.727
2022-01-06,16.258,17.798,18.7,12.6,83.708,336.0,3.053
2022-01-07,17.43,15.042,19.8,12.4,86.083,325.0,3.819
2022-01-08,16.315,16.647,17.2,14.0,89.833,252.0,4.206
2022-01-09,15.602,18.987,16.9,10.4,90.375,269.0,2.091
2022-01-10,14.269,15.988,16.8,7.9,83.833,584.0,2.3
2022-01-11,14.514,16.644,17.3,7.2,80.667,580.0,2.711
2022-01-12,14.941,18.36,17.2,7.6,81.792,568.0,2.175
2022-01-13,14.417,20.497,17.4,7.1,78.042,558.0,1.165
2022-01-14,13.76,19.899,16.5,6.5,83.542,589.0,1.301
2022-01-15,14.527,20.143,16.7,5.6,88.125,598.0,1.852
2022-01-16,14.045,17.241,15.6,5.7,88.375,601.0,1.62
2022-01-17,12.222,17.41,14.0,4.1,86.583,473.0,0.908
2022-01-18,14.496,15.529,16.0,5.2,89.417,572.0,2.292
2022-01-19,15.458,19.268,17.5,6.3,90.208,574.0,1.641
2022-01-20,15.828,20.309,18.0,9.1,86.667,574.0,1.381
2022-01-21,15.827,19.602,18.4,7.6,85.667,608.0,1.792
2022-01-22,13.996,10.148,16.1,11.9,84.042,252.0,5.191
2022-01-23,14.424,16.831,16.4,8.8,86.417,314.0,2.364
2022-01-24,13.804,14.769,16.3,6.8,84.292,549.0,2.235
2022-01-25,13.721,13.84,16.5,6.2,81.5,595.0,2.515
2022-01-26,14.118,13.079,16.8,6.0,83.0,558.0,2.958
2022-01-27,14.367,12.265,17.8,6.8,75.917,647.0,3.681
2022-01-28,14.759,12.784,17.9,7.0,74.125,658.0,3.912
2022-01-29,16.118,18.279,19.5,6.3,75.625,654.0,2.749
2022-01-30,17.133,15.966,20.2,8.6,75.042,662.0,3.982
2022-01-31,17.682,24.054,20.8,8.1,81.167,659.0,1.397
2022-02-01,18.154,20.185,20.7,8.6,86.583,666.0,2.298
2022-02-02,17.049,22.978,20.4,8.5,79.5,671.0,2.887
2022-02-03,13.425,10.78,14.9,9.5,84.833,355.0,5.443
2022-02-04,13.734,13.154,16.3,7.9,83.917,460.0,3.633
2022-02-05,14.271,20.01,16.6,6.0,84.917,668.0,1.516
2022-02-06,16.463,22.552,20.5,7.1,76.75,700.0,1.451
2022-02-07,18.69,24.342,22.4,8.8,77.542,679.0,2.007
2022-02-08,19.466,25.547,22.2,10.8,82.208,674.0,1.342
2022-02-09,16.214,17.254,18.5,10.9,83.542,630.0,2.33
2022-02-10,16.47,17.768,20.2,8.5,76.792,712.0,2.925
2022-02-11,16.487,15.283,20.2,9.7,68.375,722.0,4.311
2022-02-12,17.078,18.046,21.2,9.1,70.333,734.0,3.51
2022-02-13,17.934,25.089,22.3,8.4,71.042,725.0,1.64
2022-02-14,18.257,24.715,23.1,9.6,71.208,727.0,1.87
2022-02-15,18.748,25.304,23.3,11.1,67.667,721.0,1.662
2022-02-16,19.137,24.529,23.6,10.5,71.917,732.0,2.14
2022-02-17,18.952,24.65,24.1,10.1,66.417,742.0,2.261
2022-02-18,19.445,26.1,25.0,10.2,64.208,743.0,2.124
2022-02-19,18.584,21.446,24.2,10.5,64.042,753.0,3.258
2022-02-20,18.291,19.479,24.0,12.2,60.0,758.0,4.426
2022-02-21,18.335,24.653,24.5,10.5,56.042,776.0,2.441
2022-02-22,20.16,21.915,25.9,11.8,56.875,755.0,5.743
2022-02-23,20.29,23.124,24.2,14.9,67.75,723.0,3.866
2022-02-24,20.731,26.41,25.2,12.5,72.208,737.0,1.908
2022-02-25,19.976,27.296,25.3,12.2,67.75,750.0,2.142
2022-02-26,19.402,19.544,23.5,14.2,70.5,756.0,4.754
2022-02-27,18.888,23.649,23.3,12.2,65.917,776.0,3.008
2022-02-28,17.762,21.358,23.0,10.7,65.167,803.0,3.388
2022-03-01,18.724,25.349,24.6,10.4,66.167,788.0,2.218
2022-03-02,20.125,27.553,25.7,11.2,62.208,792.0,1.664
2022-03-03,21.301,28.304,27.2,13.6,64.708,726.0,1.863
2022-03-04,20.787,23.769,25.4,13.4,69.25,784.0,3.751
2022-03-05,20.666,23.982,26.2,13.1,64.708,807.0,4.091
2022-03-06,20.676,28.546,26.5,13.5,62.333,710.0,2.057
2022-03-07,21.697,30.717,28.4,14.6,58.958,796.0,1.702
2022-03-08,22.285,29.779,30.2,14.0,55.125,809.0,2.836
2022-03-09,22.838,29.933,30.8,14.9,49.917,817.0,3.23
2022-03-10,22.86,28.352,29.7,16.1,50.5,811.0,3.666
2022-03-11,22.656,28.334,29.4,15.6,57.292,829.0,3.685
2022-03-12,23.423,30.129,30.5,14.8,54.333,838.0,3.423
2022-03-13,24.803,31.867,31.9,16.5,59.083,824.0,3.014
2022-03-14,25.829,33.98,32.2,16.4,63.917,823.0,2.216
2022-03-15,27.298,35.192,34.0,18.6,62.917,821.0,2.923
2022-03-16,26.964,35.606,35.3,19.8,58.333,837.0,4.364
2022-03-17,27.498,36.561,33.2,19.8,62.958,838.0,1.892
2022-03-18,27.965,36.831,34.5,22.0,62.833,826.0,2.651
2022-03-19,27.853,38.107,35.2,21.0,57.5,837.0,2.078
2022-03-20,26.421,38.488,36.7,22.0,45.167,850.0,2.576
2022-03-21,26.614,37.769,36.6,20.9,43.792,853.0,2.86
2022-03-22,25.567,36.398,35.7,20.9,42.708,873.0,4.818
2022-03-23,25.389,36.91,35.8,19.0,38.25,860.0,2.963
2022-03-24,24.877,35.048,35.1,19.9,36.375,867.0,3.326
2022-03-25,24.179,35.513,35.2,19.7,31.292,874.0,3.594
2022-03-26,24.1,36.268,35.4,19.3,30.583,890.0,4.938
2022-03-27,24.46,37.763,36.9,19.6,28.208,894.0,3.882
2022-03-28,25.294,39.392,38.2,19.7,29.417,890.0,2.518
2022-03-29,25.889,40.555,39.0,19.4,26.917,893.0,3.243
2022-03-30,26.094,40.802,38.8,20.6,27.792,886.0,2.215
2022-03-31,27.579,41.4,39.4,21.3,37.583,881.0,2.45
2022-04-01,23.598,36.994,36.3,21.4,26.083,916.0,3.958
2022-04-02,24.636,39.565,37.8,20.0,23.417,906.0,2.417
2022-04-03,24.934,40.54,39.1,21.5,19.25,924.0,2.725
2022-04-04,24.909,39.46,38.3,20.7,18.375,918.0,3.709
2022-04-05,24.457,39.905,38.8,20.6,20.75,921.0,3.213
2022-04-06,25.129,40.635,39.3,20.8,18.667,914.0,3.418
2022-04-07,25.519,41.395,39.9,21.0,19.0,910.0,3.3
2022-04-08,26.216,43.152,41.3,22.3,16.167,912.0,3.116
2022-04-09,26.828,44.226,42.0,22.2,17.083,906.0,2.875
2022-04-10,26.947,43.889,41.4,23.4,15.75,912.0,4.268
2022-04-11,27.224,44.066,41.9,23.9,18.75,907.0,3.221
2022-04-12,26.331,41.655,40.0,25.9,20.75,858.0,2.669
2022-04-13,26.014,40.949,39.0,24.9,21.417,910.0,2.918
2022-04-14,25.873,41.395,39.7,24.7,19.417,909.0,3.699
2022-04-15,26.189,40.523,39.4,24.3,22.292,907.0,2.946
2022-04-16,25.745,41.322,39.7,22.8,19.792,892.0,2.257
2022-04-17,26.242,42.309,40.6,23.1,21.875,914.0,2.557
2022-04-18,27.276,43.737,41.6,23.8,22.583,905.0,2.048
2022-04-19,27.82,45.104,42.2,24.6,18.208,890.0,4.118
2022-04-20,27.076,44.029,41.2,26.8,17.292,908.0,4.48
2022-04-21,25.372,38.034,37.0,26.4,23.75,709.0,3.652
2022-04-22,26.045,39.969,38.4,23.2,29.292,850.0,2.566
2022-04-23,25.534,40.818,39.3,23.5,20.5,913.0,2.834
2022-04-24,26.604,42.675,40.0,23.4,20.833,908.0,4.633
2022-04-25,26.688,42.64,40.8,24.4,20.542,904.0,3.79
2022-04-26,26.623,43.21,41.0,24.2,20.417,851.0,3.555
2022-04-27,26.35,43.553,41.6,23.7,16.792,914.0,3.116
2022-04-28,27.956,45.696,43.3,25.6,17.25,902.0,2.988
2022-04-29,27.769,47.16,43.8,26.5,14.042,890.0,4.268
2022-04-30,28.032,46.135,43.4,27.9,14.458,895.0,3.424
2022-05-01,30.055,43.671,41.4,26.8,32.375,880.0,4.668
2022-05-02,29.522,43.764,40.6,26.3,37.708,876.0,4.395
2022-05-03,29.396,42.831,39.2,26.9,42.167,872.0,3.098
2022-05-04,28.895,41.806,39.0,26.6,47.208,862.0,3.163
2022-05-05,28.212,39.775,38.4,23.4,46.75,868.0,2.204
2022-05-06,27.699,41.322,39.7,25.7,32.0,830.0,2.256
2022-05-07,27.6,41.693,40.1,26.2,32.125,823.0,2.372
2022-05-08,27.999,43.705,41.4,26.0,35.5,858.0,3.146
2022-05-09,29.934,43.833,40.2,27.5,44.125,853.0,4.214
2022-05-10,30.727,43.016,39.7,28.2,45.375,813.0,3.327
2022-05-11,30.606,43.934,41.1,27.8,44.167,829.0,3.278
2022-05-12,31.161,46.021,43.1,28.8,40.583,857.0,3.488
2022-05-13,31.033,47.747,44.2,28.2,41.542,867.0,3.588
2022-05-14,29.79,47.263,44.6,27.4,27.5,862.0,2.996
2022-05-15,29.715,48.715,45.6,28.6,17.5,874.0,3.602
2022-05-16,27.685,43.885,42.0,31.5,23.292,785.0,4.458
2022-05-17,28.734,39.512,38.8,28.2,42.417,800.0,2.939
2022-05-18,28.642,44.815,42.2,27.6,32.167,821.0,2.509
2022-05-19,29.594,46.258,43.9,27.3,28.875,851.0,2.59
2022-05-20,29.535,48.55,45.5,28.8,22.458,869.0,3.265
2022-05-21,28.357,43.82,40.8,29.4,28.042,816.0,3.722
2022-05-22,28.157,41.882,39.8,26.7,33.167,844.0,2.615
2022-05-23,26.77,30.575,31.0,22.5,64.667,835.0,5.868
2022-05-24,27.094,35.944,32.4,21.5,69.625,841.0,3.102
2022-05-25,27.243,35.941,32.9,23.1,66.667,815.0,1.879
2022-05-26,27.918,37.978,35.1,23.4,60.583,849.0,1.863
2022-05-27,30.327,40.07,37.9,25.0,56.625,844.0,2.735
2022-05-28,30.903,41.801,39.7,26.3,53.75,823.0,2.264
2022-05-29,30.958,43.215,40.9,26.2,51.125,855.0,2.811
2022-05-30,30.221,42.934,41.1,27.3,47.792,862.0,2.905
2022-05-31,29.602,42.607,40.1,25.6,42.958,870.0,2.386
2022-06-01,28.853,43.539,41.1,25.4,34.958,862.0,3.112
2022-06-02,29.351,44.414,42.8,27.9,27.792,860.0,3.246
2022-06-03,28.225,45.575,43.2,26.8,22.833,875.0,3.131
2022-06-04,28.174,46.676,44.2,27.0,21.042,879.0,2.53
2022-06-05,28.978,46.371,43.4,28.4,20.125,865.0,3.759
2022-06-06,29.04,45.375,42.9,27.5,18.125,876.0,3.038
2022-06-07,29.946,46.894,43.9,29.2,21.792,861.0,4.113
2022-06-08,29.556,46.554,43.2,31.7,19.417,870.0,5.298
2022-06-09,29.992,45.442,43.1,30.2,22.583,800.0,3.939
2022-06-10,31.276,45.709,42.8,30.5,22.375,824.0,4.747
2022-06-11,31.029,47.915,43.5,30.9,22.458,849.0,5.145
2022-06-12,30.278,45.499,43.1,29.4,24.083,798.0,4.15
2022-06-13,30.966,46.839,43.4,31.5,26.0,833.0,5.418
2022-06-14,30.355,41.484,39.0,31.1,38.458,693.0,6.38
2022-06-15,31.373,45.633,42.4,29.6,38.958,778.0,5.587
2022-06-16,30.652,41.335,37.6,31.0,45.333,776.0,3.259
2022-06-17,30.458,38.925,36.4,24.2,65.125,803.0,2.629
2022-06-18,29.374,37.039,33.7,24.5,67.083,732.0,2.08
2022-06-19,28.175,34.729,32.5,24.0,78.958,754.0,2.702
2022-06-20,27.675,35.346,32.5,23.2,74.792,636.0,1.802
2022-06-21,28.285,34.677,32.3,24.4,75.833,842.0,1.742
2022-06-22,29.456,38.695,34.7,24.1,67.625,817.0,2.16
2022-06-23,28.823,38.632,37.1,25.9,54.708,854.0,3.736
2022-06-24,28.401,39.978,38.2,23.6,45.708,876.0,3.323
2022-06-25,28.778,41.846,39.3,24.8,38.292,864.0,2.104
2022-06-26,31.068,42.913,40.0,29.0,49.208,825.0,3.9
2022-06-27,31.953,43.194,39.3,30.7,51.5,758.0,3.565
2022-06-28,32.525,44.242,41.1,27.9,56.0,779.0,3.118
2022-06-29,32.722,45.346,42.1,29.5,57.792,790.0,4.006
2022-06-30,28.093,34.165,30.9,26.4,79.458,469.0,2.793
2022-07-01,28.58,35.703,31.5,25.0,82.708,526.0,1.554
2022-07-02,30.413,37.999,34.7,26.3,76.792,740.0,2.598
2022-07-03,30.63,38.356,34.0,25.4,82.5,791.0,2.627
2022-07-04,31.088,40.346,34.9,26.1,78.0,805.0,1.33
2022-07-05,32.095,40.196,36.2,27.3,74.167,817.0,2.85
2022-07-06,31.089,37.844,35.7,28.6,78.417,497.0,3.633
2022-07-07,31.276,38.5,35.1,27.4,73.417,765.0,3.408
2022-07-08,31.394,40.132,36.6,28.6,67.458,810.0,2.988
2022-07-09,30.231,36.313,33.6,28.2,73.417,644.0,3.524
2022-07-10,29.84,37.871,32.8,27.0,79.375,642.0,2.012
2022-07-11,31.327,40.78,34.6,27.2,75.125,795.0,1.344
2022-07-12,30.976,39.36,34.6,28.3,75.167,706.0,2.01
2022-07-13,31.177,39.804,35.1,27.8,77.625,780.0,2.266
2022-07-14,30.798,37.803,34.2,27.7,79.625,739.0,2.85
2022-07-15,31.003,37.762,35.6,28.6,71.667,792.0,4.152
2022-07-16,30.325,36.875,32.8,27.5,79.375,727.0,2.381
2022-07-17,30.723,37.453,33.7,26.1,82.75,686.0,2.446
2022-07-18,31.549,40.171,35.3,26.3,78.0,791.0,1.704
2022-07-19,31.45,40.312,35.1,26.8,77.625,760.0,1.974
2022-07-20,30.94,36.739,33.1,26.5,84.042,792.0,2.581
2022-07-21,28.541,34.491,30.5,24.7,84.125,658.0,1.451
2022-07-22,29.232,35.534,31.3,25.1,86.292,742.0,1.996
2022-07-23,28.473,32.112,30.4,25.1,85.833,507.0,3.827
2022-07-24,30.419,35.779,33.1,25.7,81.375,778.0,4.195
2022-07-25,29.723,34.927,32.7,25.7,79.583,776.0,4.323
2022-07-26,28.877,32.88,31.5,25.4,80.792,715.0,3.966
2022-07-27,29.337,34.591,32.1,25.4,81.917,658.0,3.528
2022-07-28,29.147,36.859,31.4,25.2,85.333,598.0,1.536
2022-07-29,28.35,33.573,30.1,25.0,86.792,602.0,1.997
2022-07-30,28.44,34.282,31.4,25.5,85.25,541.0,1.681
2022-07-31,29.352,36.334,32.7,25.7,81.5,779.0,1.884
2022-08-01,29.176,35.095,31.3,25.4,84.25,723.0,1.838
2022-08-02,30.062,37.132,33.5,25.8,78.958,796.0,2.511
2022-08-03,29.993,38.218,33.0,26.5,81.25,781.0,1.971
2022-08-04,29.062,36.211,31.5,26.6,85.917,553.0,2.335
2022-08-05,28.694,34.72,30.7,24.8,86.042,567.0,2.568
2022-08-06,29.95,38.144,32.7,25.5,83.375,764.0,1.242
2022-08-07,28.775,33.412,30.7,25.2,85.833,590.0,2.391
2022-08-08,30.362,38.478,33.4,25.0,80.917,835.0,1.6
2022-08-09,31.023,37.043,33.8,27.4,77.458,800.0,2.828
2022-08-10,30.583,37.741,34.5,27.5,74.458,810.0,2.796
2022-08-11,27.333,30.612,28.7,26.4,83.25,374.0,4.559
2022-08-12,30.112,35.866,33.9,25.1,73.917,813.0,4.292
2022-08-13,30.046,35.732,33.5,26.3,76.167,789.0,3.757
2022-08-14,29.936,38.544,32.9,26.1,84.833,761.0,2.026
2022-08-15,28.55,32.985,31.0,25.9,81.958,754.0,3.066
2022-08-16,27.966,30.942,30.7,25.7,79.625,567.0,6.065
2022-08-17,29.251,33.917,31.9,25.2,77.583,758.0,4.563
2022-08-18,29.638,36.844,33.5,25.5,74.833,795.0,2.602
2022-08-19,30.151,36.377,34.1,26.5,73.0,801.0,3.506
2022-08-20,28.086,34.856,30.4,24.8,81.792,452.0,1.755
2022-08-21,30.009,38.772,33.6,25.6,76.25,759.0,1.907
2022-08-22,29.612,35.771,33.1,25.9,77.417,551.0,2.478
2022-08-23,29.447,35.643,33.8,26.2,70.333,797.0,6.169
2022-08-24,29.091,34.785,32.7,25.9,76.0,714.0,3.625
2022-08-25,29.292,37.658,34.1,25.3,72.5,781.0,1.486
2022-08-26,30.02,38.191,35.3,26.6,64.458,771.0,2.977
2022-08-27,29.776,37.276,35.6,27.6,60.25,776.0,4.512
2022-08-28,29.958,38.132,36.3,27.6,54.208,790.0,4.217
2022-08-29,29.061,38.866,35.4,27.7,59.375,744.0,2.24
2022-08-30,30.333,40.79,37.3,26.6,66.167,814.0,1.662
2022-08-31,30.857,40.347,37.2,28.0,60.625,791.0,2.727
2022-09-01,30.56,39.956,37.7,28.0,58.667,765.0,2.46
2022-09-02,29.674,39.191,37.5,28.0,56.583,706.0,1.873
2022-09-03,30.245,40.163,38.4,27.8,50.5,780.0,3.56
2022-09-04,30.013,39.621,37.7,27.9,49.583,858.0,4.15
2022-09-05,29.76,40.327,37.1,27.3,50.542,838.0,2.784
2022-09-06,29.447,40.197,37.9,27.7,51.417,782.0,2.113
2022-09-07,29.328,39.832,37.6,27.9,51.667,787.0,2.156
2022-09-08,29.752,40.326,37.0,27.2,52.875,791.0,1.899
2022-09-09,30.01,39.024,35.3,27.9,61.5,764.0,2.378
2022-09-10,29.93,38.057,34.5,25.2,68.458,787.0,2.667
2022-09-11,29.275,37.495,33.4,24.1,70.5,783.0,2.871
2022-09-12,29.609,36.24,34.8,26.8,66.458,749.0,2.934
2022-09-13,29.128,35.893,34.7,25.0,66.875,790.0,4.662
2022-09-14,27.88,30.945,30.2,25.2,76.25,652.0,5.197
2022-09-15,27.734,31.185,30.7,24.6,84.833,625.0,3.948
2022-09-16,27.82,32.737,30.7,23.6,83.583,657.0,2.695
2022-09-17,29.47,35.625,33.5,24.0,79.75,758.0,2.684
2022-09-18,29.386,36.181,33.0,23.5,80.542,747.0,1.934
2022-09-19,28.49,35.703,33.3,25.0,76.667,731.0,1.83
2022-09-20,29.127,36.603,31.8,24.3,83.792,748.0,1.487
2022-09-21,28.662,35.184,31.7,25.0,84.542,678.0,1.532
2022-09-22,26.376,27.971,27.5,24.0,90.125,529.0,3.044
2022-09-23,27.483,31.318,28.5,23.8,92.292,565.0,3.425
2022-09-24,26.398,27.71,27.6,23.4,92.292,359.0,4.503
2022-09-25,27.439,32.778,30.7,23.6,84.0,775.0,2.808
2022-09-26,28.521,33.664,30.8,23.0,84.625,752.0,2.254
2022-09-27,27.881,33.339,31.4,22.7,80.417,746.0,2.285
2022-09-28,28.12,35.339,32.1,23.3,77.5,779.0,1.842
2022-09-29,28.036,33.562,31.8,23.0,78.375,750.0,2.335
2022-09-30,27.983,34.026,31.9,23.1,77.083,788.0,2.277
2022-10-01,28.129,34.686,32.7,23.4,73.5,745.0,1.978
2022-10-02,28.219,34.845,33.2,22.9,69.917,757.0,2.416
2022-10-03,27.433,33.594,33.3,22.8,64.708,777.0,3.955
2022-10-04,27.935,34.278,32.7,22.6,70.0,743.0,2.745
2022-10-05,27.962,35.565,31.7,22.8,77.625,671.0,2.074
2022-10-06,26.742,32.462,30.8,23.1,75.708,660.0,2.856
2022-10-07,24.116,26.736,26.2,22.8,83.417,276.0,3.265
2022-10-08,23.071,23.516,23.7,21.8,92.167,150.0,3.607
2022-10-09,24.11,25.99,25.1,21.1,91.5,299.0,3.754
2022-10-10,25.272,31.376,27.5,21.3,87.958,620.0,2.702
2022-10-11,24.505,30.521,26.8,20.9,87.458,478.0,1.509
2022-10-12,25.445,31.739,28.4,20.2,84.083,705.0,1.95
2022-10-13,25.018,30.064,29.2,19.4,74.458,725.0,2.633
2022-10-14,24.823,29.618,29.5,18.8,71.375,745.0,2.74
2022-10-15,24.787,30.701,29.8,18.4,70.292,745.0,2.139
2022-10-16,25.145,32.854,30.0,18.8,70.0,730.0,1.455
2022-10-17,24.887,31.504,30.4,18.4,66.208,725.0,2.045
2022-10-18,24.458,31.978,30.6,18.0,64.292,728.0,2.11
2022-10-19,24.838,32.853,30.2,19.0,66.458,719.0,1.799
2022-10-20,25.087,33.168,30.4,18.6,65.875,715.0,1.791
2022-10-21,24.333,31.911,30.0,17.6,65.208,711.0,1.274
2022-10-22,24.198,29.804,29.2,18.1,69.167,708.0,2.46
2022-10-23,22.725,29.923,28.7,16.1,65.167,714.0,1.822
2022-10-24,23.816,29.722,29.7,16.4,64.5,711.0,2.82
2022-10-25,23.015,27.906,29.6,15.7,60.5,717.0,3.288
2022-10-26,23.967,31.572,29.8,16.0,65.125,695.0,1.793
2022-10-27,23.813,31.639,30.1,17.7,64.25,691.0,1.395
2022-10-28,24.205,32.399,29.9,17.1,66.792,676.0,1.449
2022-10-29,23.224,31.291,29.4,17.1,64.042,683.0,1.364
2022-10-30,23.709,30.468,29.7,16.4,64.833,672.0,1.927
2022-10-31,23.741,31.357,29.4,16.0,66.292,665.0,1.44
2022-11-01,24.7,31.795,30.3,18.1,68.0,656.0,1.968
2022-11-02,25.062,30.89,29.2,17.6,72.875,664.0,2.436
2022-11-03,24.382,30.191,30.6,17.8,68.958,643.0,2.656
2022-11-04,25.417,33.331,30.5,20.2,67.167,638.0,1.274
2022-11-05,25.839,30.839,29.9,19.4,77.542,630.0,2.759
2022-11-06,25.399,31.005,29.3,18.9,79.167,482.0,2.19
2022-11-07,25.048,32.848,30.4,18.6,74.333,628.0,1.631
2022-11-08,23.988,30.589,28.7,17.8,75.583,559.0,1.707
2022-11-09,22.503,29.323,26.9,17.0,72.75,611.0,1.029
2022-11-10,21.691,26.936,25.8,18.1,76.208,565.0,2.198
2022-11-11,21.262,23.863,26.2,15.3,68.542,623.0,3.305
2022-11-12,21.064,23.402,26.3,15.0,63.708,626.0,3.662
2022-11-13,21.609,24.139,26.6,14.1,65.417,615.0,2.838
2022-11-14,21.875,29.238,27.7,15.4,64.708,600.0,2.255
2022-11-15,21.508,28.686,26.5,15.6,68.292,596.0,1.837
2022-11-16,19.678,22.995,25.2,15.3,64.333,609.0,2.969
2022-11-17,19.088,20.222,24.4,13.1,65.042,609.0,3.545
2022-11-18,18.389,23.016,24.3,11.4,62.875,616.0,2.56
2022-11-19,18.774,24.444,24.2,12.3,61.208,603.0,1.819
2022-11-20,19.967,23.907,25.3,11.3,66.208,589.0,2.651
2022-11-21,19.608,23.055,25.7,11.8,62.625,603.0,3.296
2022-11-22,19.334,22.728,25.3,11.8,59.75,601.0,3.099
2022-11-23,18.516,21.57,25.2,10.7,55.625,613.0,3.436
2022-11-24,19.1,22.92,25.2,11.1,59.167,604.0,2.977
2022-11-25,18.912,25.489,24.8,11.6,60.417,594.0,2.042
2022-11-26,19.157,22.366,25.1,10.7,61.292,595.0,3.062
2022-11-27,19.445,24.492,24.7,10.1,69.375,594.0,2.266
2022-11-28,18.641,25.432,24.2,9.9,64.75,587.0,1.217
2022-11-29,19.259,25.082,24.0,9.8,70.125,580.0,2.004
2022-11-30,19.455,24.24,24.0,10.9,73.75,573.0,2.112
2022-12-01,19.191,23.289,23.7,10.5,75.125,578.0,2.355
2022-12-02,18.977,24.973,23.4,10.1,73.917,567.0,1.731
2022-12-03,19.195,25.627,23.7,10.6,73.792,564.0,1.575
2022-12-04,18.761,22.235,23.6,10.7,74.875,572.0,2.472
2022-12-05,17.918,23.295,22.3,9.9,75.583,570.0,2.062
2022-12-06,18.291,19.242,22.9,10.7,70.708,572.0,3.636
2022-12-07,18.335,18.457,23.2,11.2,70.25,571.0,4.172
2022-12-08,18.396,20.286,22.8,10.4,75.667,561.0,3.057
2022-12-09,19.56,23.945,23.4,9.8,77.458,558.0,2.219
2022-12-10,20.112,24.361,25.1,10.7,73.375,557.0,2.359
2022-12-11,20.468,24.797,25.2,10.9,72.042,563.0,2.792
2022-12-12,19.662,23.103,24.7,10.8,65.958,566.0,3.119
2022-12-13,18.663,20.399,24.5,10.6,57.583,567.0,4.055
2022-12-14,16.873,18.11,22.2,10.6,59.75,573.0,3.938
2022-12-15,16.597,18.047,21.7,8.2,62.5,568.0,3.468
2022-12-16,17.002,19.752,21.1,8.0,70.542,568.0,2.8
2022-12-17,17.417,21.669,21.6,7.7,73.292,563.0,2.38
2022-12-18,17.759,22.455,21.3,7.5,79.125,561.0,2.092
2022-12-19,17.937,21.765,21.3,8.0,81.583,550.0,2.24
2022-12-20,17.08,20.483,20.7,8.1,79.25,549.0,2.371
2022-12-21,16.759,20.323,20.4,7.8,80.292,562.0,2.172
2022-12-22,16.574,19.768,20.4,7.7,81.667,557.0,2.406
2022-12-23,15.387,20.572,18.8,7.1,84.458,557.0,2.005
2022-12-24,14.968,16.117,18.9,8.4,76.875,558.0,3.028
2022-12-25,14.274,14.292,17.1,5.5,83.667,564.0,3.092
2022-12-26,15.645,19.063,18.4,6.0,85.292,559.0,2.427
2022-12-27,15.746,14.825,18.7,6.4,81.208,549.0,3.608
2022-12-28,16.045,14.605,19.5,7.7,75.417,566.0,4.232
2022-12-29,16.385,21.968,20.3,8.7,77.042,473.0,2.388
2022-12-30,17.678,21.903,20.5,10.7,76.792,540.0,2.266
2022-12-31,16.389,15.195,18.9,9.2,83.708,563.0,3.385
2023-01-01,15.449,20.119,18.1,7.3,80.375,564.0,1.693
2023-01-02,14.952,20.501,17.8,6.4,80.083,568.0,1.122
2023-01-03,14.005,16.848,16.5,5.6,87.708,563.0,1.768
2023-01-04,14.147,16.857,16.5,5.0,89.292,577.0,2.378
2023-01-05,13.436,15.55,15.4,5.1,90.458,570.0,1.951
2023-01-06,12.047,15.376,13.9,4.6,89.083,565.0,1.713
2023-01-07,13.055,15.131,15.0,3.5,89.25,574.0,2.44
2023-01-08,14.84,16.651,17.0,5.4,88.958,568.0,2.461
2023-01-09,15.137,18.952,17.1,5.6,90.625,532.0,1.294
2023-01-10,16.182,15.588,18.2,7.3,91.125,573.0,2.518
2023-01-11,16.07,21.95,19.3,7.4,87.792,573.0,2.145
2023-01-12,17.867,18.996,20.2,9.8,81.583,559.0,3.421
2023-01-13,16.484,18.109,18.0,10.2,88.208,416.0,2.931
2023-01-14,13.981,12.643,17.0,7.7,78.625,603.0,3.636
2023-01-15,11.537,10.78,15.3,5.1,70.208,623.0,3.493
2023-01-16,12.037,13.988,15.5,3.2,69.708,620.0,2.692
2023-01-17,12.163,13.144,16.3,3.1,68.667,625.0,2.85
2023-01-18,12.583,16.325,16.5,3.2,68.25,620.0,2.144
2023-01-19,14.058,20.913,18.0,6.2,68.0,611.0,1.992
2023-01-20,15.671,17.867,19.7,9.8,73.125,536.0,3.009
2023-01-21,16.784,23.279,20.3,7.0,80.25,615.0,1.673
2023-01-22,17.065,22.181,21.5,8.2,73.625,614.0,2.195
2023-01-23,17.477,23.899,22.7,8.5,65.458,624.0,1.785
2023-01-24,18.753,18.442,20.9,12.1,83.083,464.0,3.11
2023-01-25,18.465,23.18,21.0,12.3,85.208,448.0,1.538
2023-01-26,16.16,16.531,18.8,9.7,80.333,640.0,3.452
2023-01-27,15.047,14.637,18.6,7.4,71.125,665.0,3.867
2023-01-28,16.84,20.225,20.6,6.0,71.417,665.0,2.965
2023-01-29,14.634,15.122,16.4,7.7,85.542,283.0,2.345
2023-01-30,14.756,16.835,16.4,10.5,86.333,311.0,2.382
2023-01-31,18.125,16.811,20.5,9.4,84.792,652.0,3.742
2023-02-01,16.788,15.999,20.1,9.1,77.25,677.0,4.31
2023-02-02,17.956,18.258,21.7,9.0,68.917,681.0,4.107
2023-02-03,18.371,20.891,22.4,9.1,71.417,678.0,3.282
2023-02-04,18.944,19.778,22.8,10.0,69.5,677.0,3.701
2023-02-05,18.794,21.777,23.3,10.5,65.292,693.0,2.689
2023-02-06,21.304,26.541,25.3,10.5,69.5,673.0,1.813
2023-02-07,19.74,21.496,23.5,12.5,72.125,687.0,3.474
2023-02-08,18.027,20.113,22.8,9.7,61.083,697.0,3.278
2023-02-09,20.153,25.547,26.0,9.3,64.75,692.0,2.954
2023-02-10,21.18,26.901,25.7,12.8,69.833,690.0,2.555
2023-02-11,21.316,25.493,26.2,13.3,64.667,710.0,2.602
2023-02-12,15.98,17.971,22.4,10.3,49.708,729.0,4.24
2023-02-13,14.918,14.562,21.5,9.4,37.292,734.0,5.848
2023-02-14,18.039,20.875,23.9,10.0,46.583,717.0,3.902
2023-02-15,20.42,23.296,26.3,12.3,55.625,727.0,4.156
2023-02-16,21.655,28.095,26.4,11.2,70.5,725.0,1.822
2023-02-17,22.4,29.768,26.9,12.8,75.75,729.0,1.542
2023-02-18,22.047,28.477,26.5,12.6,77.5,742.0,1.797
2023-02-19,22.236,30.106,28.3,13.9,69.542,731.0,1.457
2023-02-20,23.207,32.703,31.1,15.1,62.375,740.0,2.119
2023-02-21,23.395,29.437,29.6,15.6,57.042,758.0,2.599
2023-02-22,21.598,29.215,28.7,13.9,61.625,689.0,2.322
2023-02-23,21.213,25.915,28.1,13.5,53.25,779.0,3.573
2023-02-24,20.554,27.126,28.3,12.2,50.5,770.0,3.133
2023-02-25,21.668,29.685,28.5,13.0,54.292,768.0,2.067
2023-02-26,22.029,30.596,29.9,14.5,52.083,762.0,2.059
2023-02-27,22.72,30.47,30.3,16.0,51.25,760.0,2.189
2023-02-28,22.407,30.929,29.4,14.7,49.25,756.0,2.252
2023-03-01,22.265,30.76,30.0,16.3,48.417,761.0,2.631
2023-03-02,23.176,30.304,30.3,15.9,53.583,775.0,2.649
2023-03-03,23.679,30.575,31.1,16.8,54.375,772.0,3.28
2023-03-04,22.845,29.895,30.4,17.3,53.75,779.0,3.294
2023-03-05,22.598,28.817,30.2,15.8,51.958,794.0,3.679
2023-03-06,21.691,27.86,29.2,15.5,50.042,808.0,3.189
2023-03-07,21.104,28.847,29.1,15.2,49.625,799.0,2.375
2023-03-08,21.703,29.679,28.2,15.3,53.375,793.0,2.149
2023-03-09,21.767,30.909,28.5,16.1,58.75,768.0,2.486
2023-03-10,22.872,29.722,29.8,15.5,55.917,808.0,2.735
2023-03-11,22.753,31.046,30.3,16.8,50.292,810.0,2.104
2023-03-12,23.846,33.792,32.1,17.4,47.125,815.0,1.952
2023-03-13,24.393,33.386,32.3,17.8,49.25,807.0,2.335
2023-03-14,24.01,31.59,32.0,17.4,48.0,828.0,2.864
2023-03-15,23.772,34.081,32.6,18.1,43.042,833.0,1.848
2023-03-16,23.688,34.006,32.4,19.5,41.958,790.0,2.74
2023-03-17,22.503,30.582,29.1,19.9,55.917,742.0,1.91
2023-03-18,21.891,28.841,26.5,17.5,75.5,786.0,2.403
2023-03-19,22.388,28.039,25.2,16.1,82.25,745.0,1.943
2023-03-20,21.037,26.481,23.5,16.3,86.292,567.0,2.004
2023-03-21,20.646,25.717,23.1,15.2,84.583,777.0,1.955
2023-03-22,21.834,28.787,26.2,14.5,77.25,841.0,1.486
2023-03-23,22.548,27.757,28.0,15.5,67.458,855.0,2.513
2023-03-24,22.938,28.531,27.2,17.0,70.458,731.0,2.454
2023-03-25,23.288,29.959,26.3,17.3,79.208,805.0,2.681
2023-03-26,21.999,28.959,27.6,16.4,64.417,862.0,2.893
2023-03-27,21.997,25.892,26.7,15.1,66.042,869.0,3.072
2023-03-28,22.886,27.558,28.4,15.7,63.625,841.0,2.726
2023-03-29,24.437,33.34,31.2,16.8,57.708,836.0,1.893
2023-03-30,24.561,33.464,30.8,17.5,70.667,861.0,2.548
2023-03-31,21.418,27.811,23.8,17.2,82.708,723.0,1.661
2023-04-01,22.189,29.459,25.3,15.9,80.833,815.0,1.431
2023-04-02,23.849,28.723,28.4,16.3,72.583,850.0,2.281
2023-04-03,25.054,33.602,31.2,16.2,63.833,876.0,2.289
2023-04-04,23.487,29.173,28.3,17.3,64.125,871.0,2.86
2023-04-05,22.65,30.322,30.3,16.0,53.417,899.0,3.063
2023-04-06,23.229,32.073,31.8,16.1,42.333,890.0,3.465
2023-04-07,21.897,31.934,31.9,16.9,36.792,925.0,3.574
2023-04-08,22.196,32.321,32.4,17.1,31.458,927.0,3.171
2023-04-09,22.7,34.208,33.6,17.9,28.292,916.0,2.584
2023-04-10,23.527,34.245,33.9,19.2,27.5,902.0,2.698
2023-04-11,24.795,37.57,36.7,19.3,26.917,905.0,3.897
2023-04-12,25.317,38.067,36.9,22.7,27.083,871.0,4.361
2023-04-13,25.365,39.186,37.8,21.4,28.167,911.0,3.566
2023-04-14,25.497,39.226,37.8,21.4,27.208,910.0,2.975
2023-04-15,25.661,41.15,39.3,21.1,24.375,902.0,2.26
2023-04-16,27.38,40.87,39.2,23.6,26.208,891.0,3.082
2023-04-17,26.916,41.213,39.2,24.7,25.292,834.0,2.532
2023-04-18,27.189,41.625,39.1,25.0,24.292,880.0,3.53
2023-04-19,26.985,39.416,37.5,25.2,35.875,849.0,2.955
2023-04-20,25.657,35.478,34.6,23.2,44.542,877.0,2.298
2023-04-21,24.972,37.167,35.1,22.7,34.333,891.0,3.046
2023-04-22,23.635,35.998,34.8,21.3,25.833,863.0,2.644
2023-04-23,22.91,34.27,34.1,21.3,27.458,899.0,3.42
2023-04-24,22.93,32.718,32.1,20.1,35.667,772.0,2.811
2023-04-25,23.901,34.372,33.3,20.5,36.583,888.0,2.964
2023-04-26,24.623,36.966,35.3,21.7,32.792,780.0,2.221
2023-04-27,25.03,37.928,36.4,23.2,30.792,839.0,2.595
2023-04-28,24.279,34.968,33.7,22.7,37.208,655.0,1.64
2023-04-29,25.501,34.688,33.1,22.2,49.625,831.0,2.225
2023-04-30,23.787,31.892,30.1,21.6,62.917,616.0,1.992
2023-05-01,23.78,30.036,26.8,19.8,81.083,690.0,2.279
2023-05-02,24.517,29.719,27.1,19.5,83.958,743.0,2.963
2023-05-03,24.517,30.424,27.6,20.2,82.375,706.0,1.88
2023-05-04,24.735,32.513,29.1,19.0,76.042,808.0,1.27
2023-05-05,25.391,33.258,30.3,20.9,66.5,805.0,2.209
2023-05-06,26.916,36.514,34.4,20.0,56.75,866.0,2.495
2023-05-07,26.54,37.348,35.3,20.6,47.708,783.0,2.733
2023-05-08,26.743,37.792,36.1,21.7,43.792,864.0,3.46
2023-05-09,25.076,38.37,37.2,21.1,34.792,898.0,3.294
2023-05-10,23.715,37.171,36.8,21.8,22.5,910.0,3.919
2023-05-11,25.086,40.446,38.8,22.3,22.0,897.0,2.326
2023-05-12,27.259,43.742,41.7,23.5,23.75,881.0,2.87
2023-05-13,27.954,43.673,41.5,24.8,25.625,873.0,3.124
2023-05-14,28.579,42.818,40.0,26.2,29.208,866.0,3.204
2023-05-15,27.916,42.727,40.2,24.6,25.583,869.0,2.501
2023-05-16,27.759,39.192,38.9,26.4,27.542,759.0,3.983
2023-05-17,28.112,43.319,41.0,25.4,26.542,828.0,3.864
2023-05-18,27.643,40.022,38.0,24.1,40.458,853.0,3.346
2023-05-19,27.596,39.566,38.2,25.5,36.208,863.0,4.123
2023-05-20,27.852,42.539,40.3,24.2,29.583,852.0,3.601
2023-05-21,28.722,45.773,43.0,25.3,22.833,868.0,2.969
2023-05-22,30.06,46.418,42.6,29.3,20.0,856.0,5.119
2023-05-23,30.92,46.925,43.5,30.0,28.875,791.0,5.239
2023-05-24,28.882,39.955,38.1,26.3,51.042,784.0,2.585
2023-05-25,27.799,36.005,33.3,23.9,64.625,831.0,2.166
2023-05-26,26.857,36.426,33.8,22.7,60.25,831.0,1.618
2023-05-27,27.249,35.225,33.4,21.0,67.375,828.0,3.326
2023-05-28,28.384,37.124,33.3,23.9,70.75,843.0,1.82
2023-05-29,28.451,36.801,33.2,22.6,73.583,817.0,2.036
2023-05-30,27.731,37.126,33.5,22.7,69.042,811.0,2.181
2023-05-31,25.617,30.94,30.1,21.8,77.625,788.0,2.695
2023-06-01,27.05,35.053,33.0,19.9,69.458,824.0,1.988
2023-06-02,26.524,34.652,32.5,22.1,60.333,843.0,2.672
2023-06-03,27.679,36.547,34.9,22.3,54.625,849.0,2.162
2023-06-04,28.297,38.328,35.9,23.5,57.833,829.0,2.615
2023-06-05,28.268,39.193,37.3,25.1,50.708,811.0,3.405
2023-06-06,28.119,40.78,38.8,25.0,42.0,794.0,2.475
2023-06-07,27.796,40.154,38.4,25.1,36.833,848.0,3.199
2023-06-08,28.783,41.44,39.4,25.9,34.625,795.0,3.169
2023-06-09,30.162,44.026,41.4,25.9,33.75,825.0,3.994
2023-06-10,30.894,44.23,41.1,27.7,39.042,801.0,3.938
2023-06-11,30.835,41.708,39.3,28.2,45.542,819.0,4.185
2023-06-12,31.496,44.874,41.2,29.0,44.5,794.0,4.46
2023-06-13,31.356,46.403,42.3,30.2,35.458,820.0,5.664
2023-06-14,31.109,44.876,41.0,30.7,35.917,839.0,5.958
2023-06-15,30.086,39.003,37.5,30.5,45.625,736.0,4.81
2023-06-16,30.398,40.431,38.2,26.6,52.167,807.0,3.888
2023-06-17,30.749,41.852,39.4,27.6,52.333,804.0,3.044
2023-06-18,31.063,41.098,38.8,28.9,59.75,779.0,2.71
2023-06-19,28.646,34.17,32.1,28.1,70.208,470.0,2.446
2023-06-20,30.622,39.613,36.8,27.2,65.708,768.0,2.502
2023-06-21,30.945,39.284,35.8,26.3,77.708,648.0,2.064
2023-06-22,31.024,39.286,36.2,27.6,74.125,596.0,2.193
2023-06-23,31.513,40.361,35.5,26.6,78.375,739.0,2.132
2023-06-24,30.802,39.321,34.2,27.6,78.5,629.0,2.025
2023-06-25,28.871,36.289,32.4,26.1,86.417,521.0,1.761
2023-06-26,29.539,37.614,32.9,25.2,84.417,756.0,1.466
2023-06-27,30.617,38.55,33.6,25.6,83.083,783.0,2.005
2023-06-28,30.703,37.551,33.7,26.2,83.083,777.0,2.341
2023-06-29,29.511,34.949,32.1,26.3,83.333,626.0,2.705
2023-06-30,30.335,38.802,33.6,25.5,81.917,763.0,2.3
2023-07-01,30.173,37.756,33.0,23.9,80.708,817.0,2.761
2023-07-02,30.654,38.952,35.0,25.9,76.083,785.0,2.043
2023-07-03,31.331,40.399,36.5,27.3,74.0,795.0,2.236
2023-07-04,31.928,41.445,36.4,26.3,74.417,832.0,2.691
2023-07-05,30.044,37.207,33.1,24.8,81.583,681.0,3.003
2023-07-06,29.747,36.773,33.2,25.6,78.667,738.0,2.773
2023-07-07,29.959,36.603,32.9,25.3,82.958,609.0,2.408
2023-07-08,28.164,31.598,29.5,26.1,90.25,373.0,2.962
2023-07-09,29.018,33.951,30.7,25.3,90.583,575.0,3.299
2023-07-10,29.205,35.917,31.0,26.0,89.083,571.0,1.728
2023-07-11,29.805,38.149,33.3,24.9,85.167,781.0,1.782
2023-07-12,30.683,38.239,33.3,25.9,86.833,754.0,2.167
2023-07-13,30.344,38.386,33.3,25.9,82.833,803.0,2.489
2023-07-14,30.312,38.796,33.6,25.8,83.542,744.0,1.692
2023-07-15,30.828,38.914,33.2,26.2,84.792,703.0,1.54
2023-07-16,30.328,38.674,33.1,25.4,84.708,785.0,1.59
2023-07-17,30.202,38.438,33.3,26.7,85.25,694.0,1.232
2023-07-18,29.494,35.116,31.5,25.6,86.542,655.0,2.714
2023-07-19,30.327,36.692,33.0,26.5,86.292,782.0,2.562
2023-07-20,31.284,40.829,35.2,27.3,80.417,832.0,1.584
2023-07-21,31.558,39.295,35.5,27.2,76.25,784.0,2.398
2023-07-22,31.132,36.993,34.3,26.9,78.583,688.0,3.708
2023-07-23,31.219,37.361,34.3,28.1,75.542,785.0,3.908
2023-07-24,31.05,38.121,34.0,27.5,79.708,786.0,3.069
2023-07-25,31.06,38.873,34.2,25.9,82.292,738.0,2.508
2023-07-26,27.679,32.829,29.8,25.8,89.0,392.0,2.19
2023-07-27,29.669,37.303,31.9,26.5,86.5,565.0,1.255
2023-07-28,30.249,38.197,32.7,26.4,87.208,788.0,1.627
2023-07-29,29.034,34.77,31.4,25.1,84.083,683.0,1.955
2023-07-30,29.749,36.567,33.3,24.9,81.375,783.0,2.616
2023-07-31,30.846,38.068,33.7,25.6,79.292,810.0,3.21
2023-08-01,30.939,37.596,34.7,26.9,76.958,828.0,3.945
2023-08-02,31.738,38.757,34.9,27.5,79.542,835.0,3.312
2023-08-03,31.149,37.342,34.0,26.6,82.292,823.0,3.456
2023-08-04,29.908,36.71,31.8,26.2,86.625,550.0,1.408
2023-08-05,31.013,37.905,33.6,26.7,84.292,773.0,1.777
2023-08-06,31.249,37.733,34.8,26.3,75.917,793.0,3.696
2023-08-07,30.165,36.281,34.1,26.9,71.333,774.0,4.472
2023-08-08,30.377,36.492,34.2,26.5,70.417,762.0,4.905
2023-08-09,30.184,37.215,34.6,26.9,68.625,773.0,3.915
2023-08-10,29.964,37.741,34.1,26.9,71.25,778.0,3.088
2023-08-11,29.929,37.015,34.6,27.2,68.833,779.0,3.012
2023-08-12,30.151,37.651,35.8,27.7,59.125,858.0,4.403
2023-08-13,30.199,38.342,35.6,27.4,63.0,803.0,3.98
2023-08-14,28.904,35.726,33.7,26.5,68.917,714.0,2.652
2023-08-15,30.249,39.243,34.8,25.9,74.333,822.0,1.622
2023-08-16,30.92,39.135,36.4,26.1,67.625,828.0,2.648
2023-08-17,30.118,38.675,36.7,27.6,58.458,849.0,3.616
2023-08-18,30.481,39.88,36.7,28.0,60.125,860.0,2.709
2023-08-19,30.661,38.545,34.6,26.6,74.0,746.0,2.371
2023-08-20,31.066,39.401,36.6,28.2,65.458,818.0,3.067
2023-08-21,31.652,41.618,36.9,28.3,67.917,762.0,2.129
2023-08-22,32.124,40.956,35.3,27.9,77.042,615.0,2.242
2023-08-23,28.473,34.888,29.9,25.6,87.75,316.0,2.316
2023-08-24,29.398,35.34,33.4,25.0,74.167,751.0,3.318
2023-08-25,29.481,36.334,34.2,25.5,66.458,759.0,3.677
2023-08-26,29.328,36.467,34.5,26.8,63.042,796.0,3.629
2023-08-27,29.51,36.889,35.4,26.7,57.167,814.0,4.515
2023-08-28,29.63,36.435,34.7,26.5,62.958,815.0,4.078
2023-08-29,29.468,37.679,35.9,25.7,58.125,802.0,3.448
2023-08-30,30.051,39.327,37.3,26.5,55.375,853.0,3.091
2023-08-31,30.152,39.477,37.3,25.9,57.25,780.0,2.592
2023-09-01,30.421,40.865,38.4,27.1,52.25,813.0,3.134
2023-09-02,30.144,40.42,38.1,27.3,48.708,862.0,3.902
2023-09-03,29.47,39.299,37.6,26.5,50.917,863.0,3.886
2023-09-04,29.605,40.032,37.9,25.7,50.583,866.0,3.409
2023-09-05,30.746,39.23,36.4,26.9,64.708,759.0,2.324
2023-09-06,30.196,39.989,36.3,24.9,61.083,838.0,1.88
2023-09-07,30.465,42.43,39.0,27.6,57.375,820.0,1.637
2023-09-08,30.292,39.728,36.8,25.9,65.083,827.0,2.66
2023-09-09,29.069,34.023,32.8,25.9,78.667,694.0,3.753
2023-09-10,28.035,31.845,29.9,24.6,87.792,605.0,3.47
2023-09-11,29.012,34.444,32.1,24.2,81.625,775.0,2.678
2023-09-12,29.5,37.734,33.5,24.7,79.75,743.0,1.454
2023-09-13,30.511,39.16,33.9,26.5,80.5,741.0,1.498
2023-09-14,30.891,38.91,34.1,26.7,81.833,727.0,2.37
2023-09-15,29.72,36.927,32.0,26.1,87.625,512.0,2.148
2023-09-16,29.274,33.207,31.6,26.4,84.208,670.0,3.648
2023-09-17,29.714,33.849,31.5,25.2,87.375,763.0,4.457
2023-09-18,29.0,33.299,31.6,24.8,80.75,760.0,4.113
2023-09-19,29.365,36.676,33.0,24.9,78.292,779.0,2.337
2023-09-20,29.839,38.141,33.1,25.7,77.292,740.0,1.51
2023-09-21,30.297,38.751,33.1,26.0,82.458,769.0,1.869
2023-09-22,29.952,38.179,33.0,25.4,80.5,750.0,1.805
2023-09-23,29.998,38.396,32.3,25.7,84.167,775.0,1.773
2023-09-24,29.077,35.442,32.6,25.5,82.125,797.0,2.213
2023-09-25,28.857,36.871,32.7,24.8,78.0,737.0,1.54
2023-09-26,28.665,36.521,32.9,25.2,74.792,757.0,1.772
2023-09-27,28.114,34.857,33.2,23.5,69.667,808.0,2.575
2023-09-28,27.37,35.098,33.0,20.6,65.917,817.0,2.474
2023-09-29,26.938,35.904,33.1,20.8,65.75,812.0,1.862
2023-09-30,28.221,35.858,34.7,22.4,60.625,797.0,3.107
2023-10-01,27.768,35.573,34.7,21.2,57.708,800.0,3.035
2023-10-02,26.131,34.252,33.9,19.8,46.917,803.0,3.433
2023-10-03,25.453,34.217,34.1,19.3,45.375,807.0,3.638
2023-10-04,26.533,34.243,34.0,18.8,56.292,801.0,3.424
2023-10-05,26.365,34.705,34.4,20.0,54.25,795.0,3.035
2023-10-06,26.963,36.514,35.4,19.0,54.417,786.0,2.258
2023-10-07,29.258,37.073,35.3,21.2,62.708,765.0,2.198
2023-10-08,28.74,37.054,35.6,24.0,61.5,756.0,2.543
2023-10-09,28.146,36.391,35.6,24.4,57.708,743.0,2.702
2023-10-10,27.761,36.305,34.1,23.7,56.542,739.0,2.832
2023-10-11,26.339,34.388,33.8,21.2,58.292,763.0,2.943
2023-10-12,25.775,33.798,33.3,18.4,56.458,759.0,2.567
2023-10-13,26.846,36.213,34.9,20.5,57.083,737.0,2.064
2023-10-14,26.959,35.584,35.2,22.0,56.417,710.0,2.058
2023-10-15,26.372,35.714,33.6,22.2,56.458,718.0,1.932
2023-10-16,24.583,30.003,28.9,20.0,65.625,589.0,3.499
2023-10-17,23.764,31.127,28.5,19.0,72.375,699.0,1.763
2023-10-18,23.525,28.872,29.1,17.3,65.875,717.0,3.07
2023-10-19,22.787,28.544,28.6,16.8,63.958,718.0,2.546
2023-10-20,23.175,30.245,29.2,17.1,65.375,718.0,1.922
2023-10-21,23.524,31.646,29.7,16.9,63.708,709.0,1.825
2023-10-22,23.864,32.059,30.3,17.2,62.667,689.0,1.823
2023-10-23,23.744,30.161,29.9,18.1,64.167,692.0,2.382
2023-10-24,24.095,31.102,30.7,17.6,61.417,694.0,2.392
2023-10-25,23.797,30.244,30.9,17.0,60.583,694.0,2.62
2023-10-26,23.601,30.405,30.7,16.7,58.833,697.0,2.635
2023-10-27,22.796,31.071,30.4,16.0,55.208,703.0,2.155
2023-10-28,23.71,31.085,30.0,17.9,56.333,623.0,1.26
2023-10-29,24.268,33.255,31.3,17.8,61.292,663.0,1.356
2023-10-30,25.366,33.948,31.7,18.0,68.292,659.0,1.665
2023-10-31,25.052,33.374,30.9,19.0,69.042,657.0,1.514
2023-11-01,24.612,31.988,30.4,19.1,67.375,655.0,1.73
2023-11-02,24.634,31.565,30.4,18.7,68.167,646.0,1.76
2023-11-03,23.919,29.603,28.5,17.7,70.958,631.0,2.277
2023-11-04,23.974,30.375,29.6,15.7,67.958,643.0,1.914
2023-11-05,22.895,30.47,29.5,16.7,64.917,654.0,1.931
2023-11-06,22.671,31.095,29.4,15.2,63.25,649.0,1.456
2023-11-07,23.263,31.054,29.9,16.0,67.125,631.0,1.707
2023-11-08,23.656,30.638,29.5,16.9,68.292,627.0,1.832
2023-11-09,23.892,30.399,29.2,16.6,67.917,621.0,1.909
2023-11-10,22.207,26.614,26.1,16.8,76.25,525.0,2.663
2023-11-11,20.934,24.749,25.1,14.9,77.583,614.0,2.44
2023-11-12,20.943,24.982,25.1,13.8,76.042,622.0,2.425
2023-11-13,20.852,27.224,25.3,13.1,74.875,615.0,1.685
2023-11-14,20.383,25.861,25.1,14.3,72.875,528.0,1.886
2023-11-15,20.807,25.964,25.6,12.8,74.375,614.0,2.118
2023-11-16,21.258,28.234,26.0,13.3,71.833,603.0,1.19
2023-11-17,21.953,28.491,26.7,14.8,74.167,592.0,1.258
2023-11-18,21.502,27.964,26.1,14.2,73.125,582.0,1.575
2023-11-19,21.024,25.904,25.5,14.3,68.708,553.0,1.497
2023-11-20,20.548,25.967,25.4,13.7,69.167,592.0,1.713
2023-11-21,20.572,24.27,25.3,13.3,71.375,593.0,2.864
2023-11-22,19.956,23.162,24.9,12.8,67.917,597.0,2.968
2023-11-23,19.802,26.738,24.6,11.0,72.292,595.0,1.301
2023-11-24,20.257,26.465,25.0,13.8,72.292,585.0,1.297
2023-11-25,19.871,25.919,25.0,11.8,69.875,581.0,1.539
2023-11-26,19.904,25.649,25.5,13.8,70.833,454.0,2.087
2023-11-27,19.622,21.944,24.2,15.5,76.708,434.0,2.608
2023-11-28,18.5,22.214,20.4,15.4,87.0,328.0,1.742
2023-11-29,20.609,25.405,24.4,14.0,80.708,534.0,1.54
2023-11-30,18.962,20.629,21.2,14.3,86.083,409.0,2.14
2023-12-01,20.83,25.51,24.0,14.3,82.083,521.0,1.901
2023-12-02,20.386,25.589,24.1,13.7,79.417,551.0,1.821
2023-12-03,19.763,25.389,24.3,12.3,76.583,552.0,1.602
2023-12-04,18.305,21.711,22.8,14.2,72.958,467.0,2.045
2023-12-05,18.588,21.932,23.2,12.1,74.542,561.0,2.285
2023-12-06,19.214,25.259,23.5,11.6,77.167,568.0,1.895
2023-12-07,19.714,24.068,24.1,11.3,78.167,553.0,2.208
2023-12-08,19.264,23.195,23.8,11.1,75.875,562.0,2.487
2023-12-09,18.598,21.675,23.4,10.1,72.417,567.0,2.801
2023-12-10,17.558,18.636,22.6,10.6,69.667,570.0,3.363
2023-12-11,17.246,23.419,21.9,8.6,70.5,561.0,1.526
2023-12-12,18.287,24.63,22.8,9.0,72.708,553.0,1.668
2023-12-13,18.166,23.746,22.7,9.7,70.0,555.0,1.783
2023-12-14,17.324,18.606,22.1,9.4,72.167,562.0,3.024
2023-12-15,16.872,22.428,21.8,7.1,72.75,564.0,1.62
2023-12-16,17.277,21.091,22.3,7.9,70.583,539.0,1.904
2023-12-17,17.644,20.831,22.5,8.8,67.917,551.0,2.32
2023-12-18,16.575,16.376,21.6,8.8,68.583,561.0,3.554
2023-12-19,16.736,17.536,21.6,8.2,67.083,569.0,3.596
2023-12-20,16.281,19.064,20.5,7.2,73.042,543.0,2.479
2023-12-21,17.152,19.575,21.5,7.6,76.292,560.0,2.39
2023-12-22,16.902,23.287,21.2,6.8,78.167,553.0,1.552
2023-12-23,17.84,23.424,22.0,10.6,73.458,544.0,1.448
2023-12-24,18.519,24.145,22.7,9.5,77.958,539.0,1.628
2023-12-25,18.821,22.849,22.9,10.3,79.625,553.0,2.412
2023-12-26,18.114,23.75,22.3,9.3,77.75,531.0,1.549
2023-12-27,17.951,22.482,21.5,8.2,80.958,554.0,1.832
2023-12-28,17.693,22.149,20.7,9.2,87.25,560.0,1.943
2023-12-29,17.442,22.905,19.8,8.1,89.917,529.0,0.833
2023-12-30,16.545,21.085,18.4,9.0,91.333,463.0,1.339
2023-12-31,15.991,21.649,18.4,8.3,86.125,549.0,1.137
2024-01-01,13.907,17.982,16.1,6.3,86.583,510.0,1.604
2024-01-02,12.942,17.729,15.0,4.6,86.625,544.0,1.509
2024-01-03,13.598,17.781,15.4,5.0,90.125,451.0,1.493
2024-01-04,14.939,20.464,17.5,5.2,84.208,554.0,1.749
2024-01-05,14.613,20.183,17.1,8.1,86.458,514.0,1.506
2024-01-06,14.147,19.74,16.9,6.6,84.125,442.0,1.439
2024-01-07,14.906,20.388,17.4,6.7,81.333,572.0,1.518
2024-01-08,15.845,21.379,18.4,6.2,87.958,571.0,1.429
2024-01-09,15.726,16.217,18.0,6.4,87.333,566.0,2.565
2024-01-10,13.772,12.519,15.9,4.5,86.0,590.0,3.467
2024-01-11,13.592,14.225,15.3,5.2,89.667,573.0,2.883
2024-01-12,14.86,17.084,17.4,5.3,88.0,595.0,2.616
2024-01-13,14.198,19.634,17.8,5.7,85.917,507.0,1.208
2024-01-14,14.724,18.858,17.7,4.5,87.083,603.0,1.742
2024-01-15,13.288,16.736,15.8,4.6,87.917,603.0,2.054
2024-01-16,14.16,19.955,17.0,3.5,86.958,610.0,1.333
2024-01-17,14.755,18.613,17.8,4.2,84.125,610.0,2.105
2024-01-18,15.307,20.736,17.4,5.4,87.667,592.0,0.732
2024-01-19,14.526,19.319,16.4,6.2,90.042,558.0,1.33
2024-01-20,13.778,18.855,15.8,5.5,89.25,558.0,1.556
2024-01-21,13.803,13.271,16.0,5.2,90.583,614.0,2.696
2024-01-22,13.752,19.794,16.5,4.9,87.125,617.0,1.226
2024-01-23,15.13,19.359,17.2,5.0,89.125,604.0,1.376
2024-01-24,14.966,19.643,18.1,6.9,86.0,620.0,1.776
2024-01-25,14.951,20.365,17.2,6.0,88.75,619.0,1.506
2024-01-26,15.423,21.013,18.3,6.1,85.417,636.0,1.39
2024-01-27,16.813,17.026,20.4,6.7,79.458,638.0,3.088
2024-01-28,17.037,19.983,20.1,7.1,80.958,519.0,2.228
2024-01-29,18.564,23.743,21.2,8.7,86.083,623.0,2.152
2024-01-30,18.17,23.869,20.3,9.8,90.708,622.0,1.571
2024-01-31,18.069,21.307,19.9,10.3,92.333,395.0,2.284
2024-02-01,18.585,21.239,21.0,11.9,86.292,428.0,3.785
2024-02-02,16.491,17.233,19.2,8.8,85.542,675.0,2.685
2024-02-03,16.749,22.779,20.4,7.7,71.875,650.0,2.055
2024-02-04,19.305,20.943,21.1,12.6,85.75,514.0,2.48
2024-02-05,17.182,21.01,19.7,10.3,83.458,659.0,2.458
2024-02-06,14.655,16.426,18.6,7.4,77.0,700.0,2.868
2024-02-07,14.822,12.91,18.3,7.3,69.25,689.0,3.87
2024-02-08,15.492,12.258,19.0,8.0,67.458,717.0,5.205
2024-02-09,16.477,20.811,20.4,7.7,69.5,712.0,2.679
2024-02-10,16.553,21.465,19.7,7.2,80.542,709.0,1.827
2024-02-11,17.57,22.653,21.4,7.9,76.708,715.0,2.206
2024-02-12,17.713,24.222,21.5,8.2,76.542,698.0,1.745
2024-02-13,17.326,23.913,21.0,8.8,75.5,630.0,1.504
2024-02-14,18.708,22.017,22.6,9.7,75.458,716.0,2.683
2024-02-15,18.885,22.441,23.7,9.3,70.667,728.0,2.76
2024-02-16,18.26,23.391,24.4,8.3,65.417,746.0,2.507
2024-02-17,18.276,22.843,24.6,8.9,61.917,751.0,2.935
2024-02-18,20.246,26.891,27.5,10.0,58.208,729.0,2.625
2024-02-19,22.108,24.158,27.2,14.9,60.5,721.0,5.758
2024-02-20,21.503,28.115,27.4,15.2,64.75,741.0,3.025
2024-02-21,18.809,25.871,26.1,12.2,58.083,760.0,2.698
2024-02-22,17.209,22.758,24.2,11.1,51.167,758.0,3.168
2024-02-23,16.275,20.784,23.0,9.1,45.958,776.0,2.98
2024-02-24,16.494,24.662,23.1,9.5,44.583,762.0,1.995
2024-02-25,16.942,26.475,25.0,10.9,39.708,777.0,2.331
2024-02-26,17.517,24.309,24.5,11.3,45.25,686.0,2.165
2024-02-27,17.571,23.201,24.3,14.1,47.875,688.0,2.822
2024-02-28,18.339,20.906,24.3,11.2,57.542,783.0,3.718
2024-02-29,19.516,25.916,26.4,11.8,55.917,795.0,2.952
2024-03-01,21.231,27.166,26.6,13.3,60.0,591.0,1.862
2024-03-02,21.6,21.845,25.2,17.6,72.542,739.0,5.845
2024-03-03,18.513,23.83,22.2,13.3,72.667,796.0,2.782
2024-03-04,15.703,20.62,21.2,11.1,66.542,825.0,2.773
2024-03-05,16.068,18.445,20.5,8.5,61.083,830.0,3.242
2024-03-06,16.527,19.839,21.0,8.8,62.917,736.0,2.726
2024-03-07,18.45,23.042,23.8,9.9,60.792,809.0,2.819
2024-03-08,19.195,23.477,25.1,10.6,58.042,824.0,3.199
2024-03-09,18.985,23.101,25.1,11.0,55.167,838.0,3.332
2024-03-10,19.922,26.795,26.3,11.3,56.083,827.0,2.52
2024-03-11,22.086,30.726,29.3,15.3,50.625,818.0,2.287
2024-03-12,22.027,28.752,29.2,13.9,49.083,831.0,3.149
2024-03-13,21.773,29.823,29.2,13.5,54.333,827.0,2.569
2024-03-14,21.822,29.219,29.0,14.0,53.583,841.0,3.028
2024-03-15,19.914,25.976,27.4,13.9,43.792,864.0,3.635
2024-03-16,19.967,28.741,27.6,12.3,45.375,826.0,2.51
2024-03-17,20.786,29.708,28.8,11.8,46.0,823.0,2.592
2024-03-18,20.944,29.214,28.4,13.1,48.042,873.0,2.638
2024-03-19,21.254,30.741,29.9,13.2,46.958,858.0,2.35
2024-03-20,22.393,33.486,32.1,14.4,44.417,869.0,2.295
2024-03-21,23.141,30.361,29.4,17.2,54.208,844.0,3.578
2024-03-22,24.331,34.633,32.6,18.0,51.75,848.0,2.485
2024-03-23,24.751,34.016,33.9,18.5,45.917,865.0,3.338
2024-03-24,23.245,29.57,31.3,18.6,46.25,663.0,3.859
2024-03-25,24.821,32.922,33.0,16.8,47.917,865.0,3.458
2024-03-26,24.416,34.201,33.5,18.1,43.708,793.0,2.932
2024-03-27,26.116,38.052,36.2,21.2,41.167,836.0,2.353
2024-03-28,27.219,39.042,36.8,22.1,41.875,841.0,2.488
2024-03-29,27.481,38.46,36.1,21.4,46.5,821.0,2.148
2024-03-30,26.202,37.153,34.8,22.8,40.125,866.0,3.313
2024-03-31,25.57,34.918,34.5,20.1,38.792,873.0,3.177
2024-04-01,22.618,30.36,31.7,18.5,39.333,864.0,3.907
2024-04-02,23.212,32.553,33.0,16.8,35.375,860.0,3.6
2024-04-03,23.632,36.952,35.6,20.9,26.375,788.0,2.425
2024-04-04,24.461,37.549,36.3,21.0,26.25,877.0,3.052
2024-04-05,24.441,36.814,35.9,21.1,24.458,811.0,4.219
2024-04-06,23.316,35.414,35.1,19.9,21.0,905.0,3.669
2024-04-07,22.688,35.8,35.4,17.5,21.167,923.0,3.487
2024-04-08,24.003,38.005,36.9,18.6,21.792,911.0,2.71
2024-04-09,23.631,38.741,37.7,18.6,19.042,873.0,2.368
2024-04-10,25.424,39.309,37.7,19.9,21.167,893.0,2.496
2024-04-11,24.925,39.928,38.1,21.4,21.125,904.0,2.375
2024-04-12,25.242,40.416,38.6,22.4,21.708,868.0,2.313
2024-04-13,25.921,39.865,38.6,24.9,27.667,820.0,2.957
2024-04-14,25.59,35.171,33.6,22.5,48.25,775.0,2.847
2024-04-15,27.076,37.786,36.2,22.0,51.167,827.0,2.363
2024-04-16,26.09,36.534,35.7,23.2,36.958,894.0,4.307
2024-04-17,24.419,36.134,35.6,22.1,26.708,916.0,5.369
2024-04-18,26.636,39.408,37.9,23.4,24.458,876.0,3.278
2024-04-19,27.199,39.054,38.3,24.6,29.625,824.0,3.304
2024-04-20,26.348,37.584,36.4,22.0,28.542,854.0,4.185
2024-04-21,25.302,37.986,36.6,23.5,26.917,861.0,3.438
2024-04-22,25.914,38.402,37.2,24.4,25.333,851.0,3.643
2024-04-23,25.42,39.784,37.9,22.7,28.083,891.0,2.706
2024-04-24,25.49,38.198,37.1,20.8,30.208,887.0,3.248
2024-04-25,25.6,39.786,38.3,21.4,25.667,911.0,3.23
2024-04-26,26.351,41.247,39.4,23.4,23.333,859.0,3.069
2024-04-27,26.324,39.647,38.1,25.7,26.958,857.0,4.37
2024-04-28,25.932,38.906,37.6,23.3,28.292,874.0,2.805
2024-04-29,26.238,39.964,38.1,23.5,27.5,890.0,3.298
2024-04-30,24.1,37.261,36.3,23.2,25.625,921.0,3.676
2024-05-01,21.523,32.019,32.6,20.4,22.875,926.0,4.672
2024-05-02,24.222,35.281,35.1,19.2,26.833,910.0,3.856
2024-05-03,25.199,39.719,38.2,20.2,23.208,911.0,3.913
2024-05-04,26.641,42.732,40.7,26.4,19.375,889.0,3.404
2024-05-05,27.583,43.413,41.1,24.7,20.625,890.0,3.349
2024-05-06,27.878,43.125,40.7,25.7,22.083,845.0,3.878
2024-05-07,27.903,43.675,41.4,26.9,26.708,827.0,2.289
2024-05-08,29.824,41.924,39.6,26.8,38.625,862.0,3.797
2024-05-09,29.562,42.106,39.6,26.3,36.583,859.0,4.032
2024-05-10,30.245,42.628,39.0,26.0,42.208,853.0,3.265
2024-05-11,28.522,40.655,38.7,26.2,44.333,863.0,2.406
2024-05-12,28.551,40.053,37.5,26.9,39.667,829.0,2.849
2024-05-13,29.074,42.204,40.8,26.8,30.167,767.0,2.71
2024-05-14,27.456,42.777,40.7,24.7,24.375,866.0,2.717
2024-05-15,27.159,44.421,42.5,24.4,22.5,881.0,2.881
2024-05-16,27.888,45.006,42.5,25.5,20.5,875.0,2.534
2024-05-17,29.086,46.981,44.2,26.7,19.125,856.0,3.07
2024-05-18,29.116,47.374,44.3,27.2,20.125,828.0,3.516
2024-05-19,29.35,48.665,45.4,27.8,15.708,871.0,3.926
2024-05-20,29.461,47.198,44.2,29.3,18.625,839.0,3.212
2024-05-21,30.505,45.306,43.0,28.7,26.958,856.0,2.943
2024-05-22,31.86,45.809,42.2,30.0,35.458,842.0,4.295
2024-05-23,31.35,44.479,41.3,30.7,34.625,749.0,3.996
2024-05-24,30.919,43.96,40.8,30.7,34.542,792.0,3.48
2024-05-25,31.286,48.208,44.8,30.8,27.292,820.0,3.524
2024-05-26,29.959,49.182,46.3,29.3,18.083,879.0,3.525
2024-05-27,31.11,49.175,46.0,29.9,20.25,871.0,3.028
2024-05-28,28.923,48.528,46.4,28.6,15.708,893.0,2.464
2024-05-29,31.589,48.767,46.0,31.1,17.583,870.0,2.84
2024-05-30,30.63,49.13,46.3,32.6,15.958,876.0,4.324
2024-05-31,29.463,49.259,46.1,28.2,13.458,880.0,3.298
2024-06-01,29.895,46.822,44.5,30.4,17.042,757.0,4.484
2024-06-02,30.12,45.217,41.9,30.6,25.208,834.0,3.228
2024-06-03,30.097,47.316,44.7,29.6,23.958,805.0,4.0
2024-06-04,30.235,46.61,43.5,30.8,17.75,806.0,3.381
2024-06-05,30.248,44.649,41.9,31.0,23.25,794.0,4.42
2024-06-06,29.434,43.175,41.0,27.6,30.917,844.0,3.355
2024-06-07,30.081,45.612,42.4,28.5,30.75,851.0,4.233
2024-06-08,28.626,42.95,40.1,27.9,28.083,835.0,4.353
2024-06-09,28.509,44.829,42.5,27.7,22.5,868.0,3.915
2024-06-10,29.092,46.298,43.2,28.1,17.667,855.0,3.872
2024-06-11,29.37,46.148,43.5,28.9,19.25,847.0,3.268
2024-06-12,29.222,47.289,44.5,28.2,17.917,866.0,3.563
2024-06-13,30.483,48.683,45.1,29.3,20.292,851.0,4.941
2024-06-14,31.794,47.41,43.7,32.7,27.125,792.0,6.07
2024-06-15,31.375,47.008,43.6,32.2,26.542,852.0,5.43
2024-06-16,31.709,48.158,44.4,32.7,25.25,790.0,5.023
2024-06-17,32.153,49.433,44.4,33.8,24.208,797.0,5.404
2024-06-18,32.97,49.129,44.4,34.1,24.5,827.0,5.573
2024-06-19,32.092,43.827,41.1,34.4,34.792,714.0,5.283
2024-06-20,30.846,42.099,38.8,25.6,45.5,730.0,2.166
2024-06-21,30.496,40.677,38.0,25.3,53.792,771.0,2.71
2024-06-22,30.273,40.281,38.1,29.6,53.5,710.0,1.842
2024-06-23,31.809,42.353,39.2,30.0,51.917,811.0,2.844
2024-06-24,31.706,43.04,39.2,30.9,54.917,810.0,2.271
2024-06-25,30.966,39.877,37.0,29.7,62.083,604.0,2.307
2024-06-26,30.645,36.785,33.9,27.3,74.875,665.0,2.977
2024-06-27,28.185,31.53,30.2,25.9,85.542,389.0,3.787
2024-06-28,28.112,34.054,30.9,25.9,85.5,386.0,2.479
2024-06-29,29.887,37.292,32.6,26.6,81.583,635.0,1.91
2024-06-30,31.015,39.58,34.7,26.6,78.25,711.0,1.585
2024-07-01,31.425,39.039,34.6,26.0,80.208,691.0,1.836
2024-07-02,30.815,38.31,33.6,26.3,84.083,472.0,2.016
2024-07-03,30.934,38.602,33.2,26.2,83.583,493.0,2.068
2024-07-04,28.947,34.465,31.7,25.6,84.125,655.0,2.391
2024-07-05,28.224,33.592,30.1,26.3,86.542,446.0,2.637
2024-07-06,29.79,37.403,32.7,26.0,82.542,686.0,2.478
2024-07-07,29.568,38.047,33.4,25.7,78.167,743.0,1.813
2024-07-08,29.377,36.28,33.0,25.2,78.25,713.0,2.073
2024-07-09,29.798,37.537,32.6,26.1,82.125,656.0,1.904
2024-07-10,31.179,39.815,34.1,26.7,80.417,772.0,1.636
2024-07-11,32.493,40.772,36.4,27.2,77.917,787.0,2.383
2024-07-12,31.547,40.403,35.4,26.6,76.417,811.0,2.289
2024-07-13,30.522,38.918,34.0,25.4,79.333,818.0,1.542
2024-07-14,30.708,39.691,34.8,27.2,74.583,736.0,1.326
2024-07-15,30.394,36.905,33.1,25.1,78.5,681.0,2.98
2024-07-16,31.429,38.844,34.1,25.9,78.875,794.0,2.9
2024-07-17,31.416,39.366,34.5,28.1,77.542,757.0,2.909
2024-07-18,31.332,39.737,34.6,27.6,78.0,733.0,2.037
2024-07-19,31.039,39.142,34.5,27.6,78.958,756.0,2.256
2024-07-20,31.058,39.778,35.1,27.1,76.458,818.0,2.346
2024-07-21,31.756,39.104,34.9,27.3,79.292,709.0,2.69
2024-07-22,31.173,39.142,34.7,27.7,78.708,694.0,2.168
2024-07-23,31.517,40.762,34.8,27.1,80.792,797.0,1.522
2024-07-24,30.614,38.315,33.6,26.6,81.75,560.0,1.531
2024-07-25,31.389,40.594,34.8,27.4,76.208,807.0,1.226
2024-07-26,29.948,36.883,33.3,27.7,80.875,578.0,1.78
2024-07-27,30.971,39.516,34.3,28.2,79.25,662.0,1.624
2024-07-28,31.663,39.096,35.4,29.0,75.5,751.0,2.649
2024-07-29,31.943,39.764,36.4,28.4,70.375,770.0,3.385
2024-07-30,32.276,41.198,37.4,29.3,66.542,732.0,3.024
2024-07-31,32.605,43.12,37.4,27.0,76.708,838.0,1.795
2024-08-01,29.267,36.679,31.4,25.8,84.292,667.0,1.758
2024-08-02,29.912,34.914,32.2,25.7,84.208,600.0,3.005
2024-08-03,30.223,34.868,32.3,26.2,83.208,668.0,3.814
2024-08-04,30.083,35.671,33.7,26.8,75.833,743.0,4.693
2024-08-05,29.722,34.517,32.7,26.6,77.625,812.0,5.982
2024-08-06,28.645,33.654,32.0,26.4,78.042,540.0,3.016
2024-08-07,28.141,34.968,30.0,25.8,85.958,491.0,1.833
2024-08-08,29.387,35.828,31.7,25.8,85.708,677.0,2.125
2024-08-09,29.827,37.078,31.9,25.4,85.667,711.0,1.713
2024-08-10,29.251,36.247,31.3,25.1,86.25,646.0,1.787
2024-08-11,29.365,35.841,31.4,25.7,88.333,594.0,1.976
2024-08-12,28.673,35.937,29.9,25.8,90.333,590.0,2.189
2024-08-13,29.093,33.653,30.5,25.5,89.292,636.0,2.65
2024-08-14,28.793,34.699,30.3,26.1,87.792,476.0,2.135
2024-08-15,30.773,37.902,32.3,26.3,86.125,734.0,2.766
2024-08-16,30.442,36.315,32.4,25.7,86.875,827.0,3.068
2024-08-17,29.736,37.183,31.9,25.9,85.333,609.0,1.614
2024-08-18,30.438,36.356,32.8,26.3,83.792,759.0,2.541
2024-08-19,30.515,37.19,33.0,26.6,81.833,837.0,2.233
2024-08-20,29.735,37.725,31.6,26.4,85.542,685.0,1.363
2024-08-21,29.643,37.684,32.0,25.4,84.417,794.0,1.412
2024-08-22,30.937,39.8,32.7,24.8,84.75,792.0,1.366
2024-08-23,28.302,35.193,31.2,24.8,85.833,529.0,1.672
2024-08-24,29.334,36.566,31.9,25.7,83.75,671.0,1.658
2024-08-25,30.063,35.013,32.9,25.2,79.542,807.0,4.375
2024-08-26,29.669,34.228,32.1,26.2,82.625,768.0,4.21
2024-08-27,29.333,33.3,31.4,24.5,84.708,755.0,4.738
2024-08-28,28.51,34.109,30.5,24.4,86.083,606.0,2.892
2024-08-29,28.504,34.063,31.1,24.6,86.083,630.0,2.982
2024-08-30,29.587,37.426,31.4,25.2,87.25,722.0,1.456
2024-08-31,30.13,36.757,33.4,26.0,79.958,810.0,2.382
2024-09-01,30.069,37.988,33.7,26.0,77.25,799.0,2.288
2024-09-02,29.298,35.875,31.6,25.2,84.25,537.0,2.981
2024-09-03,29.587,36.434,31.8,25.5,85.667,688.0,2.37
2024-09-04,28.818,35.782,30.8,24.6,86.458,627.0,1.77
2024-09-05,28.936,36.784,31.7,25.0,84.5,779.0,1.028
2024-09-06,28.775,34.723,30.8,24.4,88.167,661.0,1.94
2024-09-07,28.56,36.114,30.3,24.3,87.0,742.0,1.312
2024-09-08,29.473,36.643,31.4,24.6,87.042,738.0,1.602
2024-09-09,29.466,37.236,32.8,25.6,81.208,771.0,1.752
2024-09-10,29.258,36.946,30.5,24.9,88.667,663.0,1.043
2024-09-11,29.823,36.12,31.6,25.4,88.5,772.0,1.892
2024-09-12,26.262,28.119,27.5,24.1,88.958,209.0,4.504
2024-09-13,29.255,33.64,30.7,23.5,88.792,821.0,3.774
2024-09-14,27.802,31.531,29.9,23.0,84.208,704.0,2.949
2024-09-15,28.36,32.733,31.3,23.0,79.917,809.0,2.947
2024-09-16,28.29,33.646,32.4,23.7,74.292,831.0,3.288
2024-09-17,28.152,34.573,31.7,23.7,75.875,641.0,1.951
2024-09-18,26.219,28.594,28.1,23.1,85.708,440.0,2.912
2024-09-19,28.032,32.083,29.8,23.0,85.5,646.0,3.036
2024-09-20,28.253,34.107,31.4,24.2,81.167,770.0,1.9
2024-09-21,28.72,35.544,31.8,25.0,79.458,657.0,1.322
2024-09-22,29.645,37.436,33.2,25.7,78.25,700.0,1.723
2024-09-23,30.243,37.933,33.5,25.2,78.625,788.0,1.964
2024-09-24,29.804,38.678,33.6,25.3,77.417,794.0,1.201
2024-09-25,30.032,36.656,33.1,26.4,81.917,741.0,3.052
2024-09-26,28.806,34.871,31.4,25.3,82.583,603.0,2.912
2024-09-27,28.33,34.626,31.0,25.0,80.5,733.0,2.798
2024-09-28,27.473,33.447,30.6,23.1,81.542,665.0,2.169
2024-09-29,27.731,33.76,30.8,22.9,83.042,623.0,1.895
2024-09-30,28.627,34.425,33.0,23.6,78.292,695.0,2.388
2024-10-01,29.577,35.662,33.6,23.9,77.292,779.0,2.481
2024-10-02,29.713,36.705,35.2,24.8,73.333,785.0,2.6
2024-10-03,28.612,36.48,34.4,24.3,66.75,788.0,2.727
2024-10-04,28.981,36.375,33.9,23.9,68.875,776.0,2.502
2024-10-05,28.767,36.137,34.1,24.1,67.0,738.0,2.778
2024-10-06,28.093,36.178,34.2,23.6,65.208,761.0,2.469
2024-10-07,27.515,35.017,32.9,22.3,68.333,757.0,1.948
2024-10-08,27.251,35.208,33.2,22.2,67.875,733.0,1.813
2024-10-09,26.747,34.405,32.9,20.9,63.625,748.0,2.204
2024-10-10,25.85,33.721,33.2,21.9,57.125,750.0,2.706
2024-10-11,25.111,32.738,32.5,19.3,52.25,757.0,2.751
2024-10-12,25.359,33.749,32.8,19.3,56.458,755.0,2.412
2024-10-13,24.737,34.358,32.8,19.9,53.458,742.0,1.849
2024-10-14,24.752,33.837,32.4,21.0,54.25,740.0,1.983
2024-10-15,25.429,32.891,32.7,19.3,55.167,732.0,2.59
2024-10-16,25.272,34.252,33.0,19.3,55.167,688.0,1.906
2024-10-17,26.195,35.81,33.7,21.1,58.792,692.0,1.722
2024-10-18,26.236,36.264,34.1,20.9,60.042,716.0,1.61
2024-10-19,26.69,36.543,34.4,21.8,60.208,711.0,1.587
2024-10-20,26.722,35.749,33.6,21.3,64.042,707.0,1.85
2024-10-21,26.458,35.379,32.8,21.1,66.167,696.0,1.842
2024-10-22,25.709,33.555,31.9,20.8,66.25,694.0,1.945
2024-10-23,25.827,32.487,32.8,20.5,60.708,694.0,2.925
2024-10-24,26.427,33.737,33.1,20.2,58.958,694.0,3.137
2024-10-25,26.25,32.419,32.7,19.0,59.333,692.0,3.117
2024-10-26,25.691,32.409,32.0,19.3,62.5,687.0,2.296
2024-10-27,26.232,34.16,31.6,20.5,70.333,674.0,1.715
2024-10-28,26.311,33.611,31.9,21.3,67.75,669.0,2.137
2024-10-29,27.306,35.907,33.5,21.0,67.625,663.0,1.939
2024-10-30,27.534,36.469,34.8,21.9,62.75,662.0,2.044
2024-10-31,26.503,33.021,33.3,21.1,60.625,658.0,3.108
2024-11-01,24.367,31.846,32.7,19.4,52.292,675.0,3.162
2024-11-02,24.614,33.22,32.0,17.9,54.542,655.0,2.055
2024-11-03,23.273,32.591,31.7,18.5,55.542,661.0,1.702
2024-11-04,24.227,32.07,30.7,17.4,64.375,647.0,1.757
2024-11-05,24.775,32.057,29.6,18.5,71.542,633.0,1.865
2024-11-06,24.356,32.176,30.3,18.5,68.083,631.0,1.451
2024-11-07,24.481,32.237,30.2,19.5,66.125,624.0,1.493
2024-11-08,24.87,32.929,30.6,19.5,65.458,620.0,1.473
2024-11-09,25.026,32.674,31.0,20.0,65.542,611.0,2.253
2024-11-10,25.032,32.35,30.6,19.5,69.917,613.0,1.862
2024-11-11,24.916,32.228,29.9,19.3,73.292,606.0,1.642
2024-11-12,24.682,31.603,31.5,19.7,59.958,614.0,2.023
2024-11-13,23.33,30.434,30.1,18.7,58.125,618.0,1.342
2024-11-14,22.695,31.013,29.9,18.4,58.125,604.0,0.849
2024-11-15,22.103,28.95,29.1,18.3,53.458,604.0,1.51
2024-11-16,22.298,29.044,28.8,17.4,58.042,598.0,1.389
2024-11-17,22.554,29.478,28.4,17.6,59.958,591.0,1.216
2024-11-18,20.501,27.296,26.4,15.6,60.625,600.0,1.381
2024-11-19,19.246,26.125,25.9,13.7,53.708,604.0,1.379
2024-11-20,19.112,26.091,26.0,13.2,52.375,608.0,1.318
2024-11-21,19.263,26.178,25.8,13.1,53.083,602.0,1.222
2024-11-22,20.059,27.047,26.3,13.7,56.375,589.0,0.999
2024-11-23,20.086,28.216,27.5,14.2,54.083,584.0,1.012
2024-11-24,20.517,27.216,27.7,15.7,50.083,586.0,1.788
2024-11-25,20.512,25.634,25.9,14.9,59.417,592.0,1.825
2024-11-26,19.374,25.286,25.6,13.6,57.125,586.0,1.614
2024-11-27,19.141,26.4,25.9,13.2,52.167,586.0,1.082
2024-11-28,18.591,26.257,25.4,12.6,54.417,588.0,0.876
2024-11-29,18.929,26.11,24.4,12.2,62.875,575.0,0.629
2024-11-30,18.888,25.219,24.8,12.2,62.792,570.0,1.083
2024-12-01,19.368,25.558,24.8,14.0,63.333,562.0,1.141
2024-12-02,19.395,26.005,25.7,13.4,60.958,569.0,1.2
2024-12-03,19.801,26.087,26.4,13.3,58.0,565.0,1.62
2024-12-04,19.482,24.041,25.6,15.1,50.292,568.0,2.455
2024-12-05,16.796,22.195,23.6,11.6,45.958,586.0,2.008
2024-12-06,17.718,22.072,23.6,11.1,48.042,576.0,1.84
2024-12-07,15.813,24.394,23.0,9.5,47.042,581.0,0.805
2024-12-08,16.913,20.625,22.5,11.2,54.083,554.0,2.287
2024-12-09,16.22,22.832,20.3,10.8,65.708,560.0,1.26
2024-12-10,14.387,18.275,20.2,9.5,54.458,577.0,2.012
2024-12-11,14.546,19.134,20.3,8.1,47.542,582.0,1.978
2024-12-12,14.787,19.659,20.6,7.2,53.125,579.0,1.835
2024-12-13,14.718,17.213,20.5,9.1,48.25,584.0,3.03
2024-12-14,14.758,19.447,20.7,8.5,44.667,577.0,2.32
2024-12-15,14.53,22.083,20.7,7.0,54.167,579.0,0.962
2024-12-16,16.04,22.584,20.9,6.6,70.292,571.0,0.822
2024-12-17,16.097,22.512,20.4,7.3,75.208,567.0,0.754
2024-12-18,15.579,22.897,21.0,7.3,69.75,574.0,0.918
2024-12-19,15.424,21.293,21.1,7.7,63.0,564.0,1.125
2024-12-20,16.881,24.151,23.0,9.9,64.958,551.0,1.088
2024-12-21,16.493,22.853,22.1,8.7,66.125,560.0,1.219
2024-12-22,16.834,24.195,22.6,9.9,61.083,562.0,0.73
2024-12-23,14.798,17.112,18.2,11.3,67.958,379.0,1.742
2024-12-24,15.832,20.055,18.7,11.3,78.0,436.0,1.308
2024-12-25,16.922,22.038,20.6,10.1,78.417,544.0,1.245
2024-12-26,17.6,24.54,22.5,9.7,70.042,555.0,0.688
2024-12-27,15.505,16.575,16.8,14.1,85.167,230.0,2.018
2024-12-28,16.612,19.389,18.2,12.1,89.208,323.0,1.254
2024-12-29,16.21,19.331,18.4,10.7,85.958,542.0,1.963
2024-12-30,16.326,19.521,18.3,9.5,87.417,555.0,1.86
2024-12-31,14.193,19.026,16.0,7.6,88.917,479.0,0.844
2025-01-01,15.066,18.475,17.0,7.6,89.125,554.0,1.438
2025-01-02,16.08,19.515,18.3,8.3,85.958,561.0,1.596
2025-01-03,17.095,22.001,19.5,8.2,89.042,541.0,0.939
2025-01-04,18.821,24.087,20.9,8.0,89.625,573.0,1.029
2025-01-05,16.417,20.733,18.2,8.9,89.375,570.0,1.581
2025-01-06,16.413,21.252,18.1,9.3,88.667,551.0,1.239
2025-01-07,15.839,17.602,17.7,10.2,88.375,477.0,2.467
2025-01-08,15.099,17.641,18.4,8.5,76.125,585.0,2.088
2025-01-09,15.637,21.846,18.6,7.3,78.583,588.0,0.541
2025-01-10,15.46,20.602,17.8,8.0,85.792,588.0,1.081
2025-01-11,14.999,19.736,16.8,7.6,87.417,413.0,1.729
2025-01-12,16.164,21.335,18.2,10.0,86.75,497.0,1.033
2025-01-13,16.798,21.118,19.2,8.0,86.167,585.0,1.584
2025-01-14,16.057,21.761,18.4,7.8,83.667,597.0,1.116
2025-01-15,16.243,20.985,18.4,8.7,87.083,564.0,0.848
2025-01-16,15.773,21.383,18.2,11.2,82.875,513.0,0.937
2025-01-17,16.226,20.759,19.0,8.7,81.292,614.0,1.686
2025-01-18,15.712,21.267,17.8,7.6,87.5,619.0,0.965
2025-01-19,18.698,23.971,21.2,8.7,86.417,595.0,0.74
2025-01-20,19.653,23.097,22.0,11.2,83.375,608.0,1.812
2025-01-21,18.719,23.15,21.9,10.4,79.583,617.0,1.803
2025-01-22,18.598,25.384,22.7,9.7,76.75,616.0,1.138
2025-01-23,17.861,22.722,22.1,11.6,70.667,632.0,1.767
2025-01-24,16.801,20.501,21.0,10.2,67.792,645.0,2.223
2025-01-25,16.315,20.415,20.8,9.0,64.792,661.0,2.13
2025-01-26,16.357,21.728,21.2,7.9,65.0,668.0,1.692
2025-01-27,16.068,21.496,21.5,7.3,64.583,668.0,1.65
2025-01-28,16.472,23.773,22.7,7.8,59.958,675.0,1.245
2025-01-29,18.063,24.549,24.5,9.6,62.042,661.0,1.842
2025-01-30,19.163,26.708,25.4,11.2,65.042,653.0,1.271
2025-01-31,20.019,27.828,26.5,12.4,65.75,661.0,0.977
2025-02-01,19.539,27.013,25.9,12.4,62.583,649.0,1.501
2025-02-02,18.747,23.837,23.7,13.4,70.75,663.0,1.829
2025-02-03,17.329,24.2,22.8,10.5,67.333,683.0,1.245
2025-02-04,18.685,24.97,22.5,12.8,69.25,544.0,1.026
2025-02-05,16.728,21.388,21.3,11.8,70.958,697.0,1.672
2025-02-06,15.613,18.489,21.0,10.7,54.708,712.0,2.952
2025-02-07,15.917,18.13,20.9,10.4,55.083,710.0,3.101
2025-02-08,17.43,22.281,23.2,10.8,54.625,702.0,2.358
2025-02-09,18.304,26.225,25.2,10.2,59.708,711.0,1.215
2025-02-10,19.073,28.033,27.4,11.4,60.0,699.0,1.07
2025-02-11,20.715,29.368,28.2,11.8,62.083,707.0,1.115
2025-02-12,18.558,23.547,25.3,13.6,52.25,728.0,2.646
2025-02-13,17.737,21.427,23.5,13.5,48.375,739.0,3.226
2025-02-14,18.048,23.162,24.7,12.3,43.25,727.0,2.571
2025-02-15,18.677,25.749,25.3,13.0,49.292,720.0,1.428
2025-02-16,19.831,28.667,27.2,13.2,53.042,694.0,1.087
2025-02-17,19.91,30.095,28.8,15.5,53.625,720.0,0.788
2025-02-18,19.373,26.87,26.4,16.3,54.792,674.0,1.432
2025-02-19,19.686,28.303,27.6,13.8,49.292,691.0,1.428
2025-02-20,19.703,21.99,24.0,15.1,69.167,668.0,3.088
2025-02-21,20.69,27.837,24.7,13.6,73.5,744.0,1.448
2025-02-22,18.804,23.658,23.6,13.4,68.75,735.0,2.06
2025-02-23,19.929,26.329,24.9,13.0,64.583,763.0,1.373
2025-02-24,19.725,27.325,26.6,13.0,59.667,771.0,1.325
2025-02-25,20.551,29.399,27.9,14.2,54.833,749.0,1.123
2025-02-26,23.328,32.624,30.8,18.4,49.833,744.0,1.112
2025-02-27,20.413,23.498,23.1,18.8,70.583,488.0,2.343
2025-02-28,20.793,24.039,23.3,17.9,74.0,641.0,2.456
2025-03-01,21.575,27.706,24.0,15.3,82.083,706.0,1.849
2025-03-02,19.355,24.821,24.6,15.1,67.667,807.0,1.95
2025-03-03,21.231,29.144,27.1,12.5,59.083,787.0,1.384
2025-03-04,20.088,24.794,24.6,15.1,59.875,761.0,2.819
2025-03-05,16.786,18.785,22.8,12.5,45.583,834.0,4.641
2025-03-06,19.167,26.06,26.7,12.6,41.208,833.0,2.53
2025-03-07,20.167,29.848,28.6,12.4,44.458,824.0,1.331
2025-03-08,21.426,30.454,30.2,14.4,43.5,833.0,1.71
2025-03-09,23.112,34.062,32.6,17.1,41.542,817.0,1.507
2025-03-10,24.174,33.509,32.4,19.6,43.417,805.0,2.169
2025-03-11,24.992,36.803,34.5,20.3,45.833,806.0,0.93
2025-03-12,24.677,34.248,32.9,19.5,50.375,802.0,1.915
2025-03-13,24.632,34.445,32.2,20.5,52.292,823.0,1.375
2025-03-14,24.405,35.762,34.1,19.6,48.458,826.0,1.561
2025-03-15,24.386,32.795,31.2,19.1,51.625,757.0,2.63
2025-03-16,22.787,32.008,29.9,18.2,49.375,835.0,1.92
2025-03-17,21.391,28.188,28.4,17.1,45.292,783.0,2.112
2025-03-18,22.003,30.518,29.9,17.1,43.542,859.0,2.048
2025-03-19,22.731,33.405,32.1,17.9,38.75,863.0,1.63
2025-03-20,22.636,34.058,32.8,18.8,34.042,859.0,1.675
2025-03-21,22.387,32.403,32.0,18.9,32.708,864.0,2.335
2025-03-22,22.239,31.587,31.4,18.0,33.25,809.0,1.971
2025-03-23,23.163,34.693,32.9,19.0,33.708,873.0,1.267
2025-03-24,23.736,36.238,34.3,20.0,32.292,871.0,1.266
2025-03-25,24.896,38.763,36.8,21.0,32.0,872.0,1.512
2025-03-26,26.191,40.549,38.6,22.3,29.958,875.0,1.36
2025-03-27,25.709,38.376,36.5,23.7,27.5,871.0,1.617
2025-03-28,21.111,31.977,31.3,21.8,24.333,909.0,3.14
2025-03-29,20.31,28.396,29.3,16.2,21.208,815.0,3.4
2025-03-30,21.267,32.43,31.9,17.6,21.0,911.0,2.563
2025-03-31,22.582,35.377,34.2,17.5,20.542,913.0,2.18
2025-04-01,22.027,34.452,33.8,19.1,19.375,919.0,2.14
2025-04-02,23.212,37.447,35.8,18.7,19.833,910.0,1.358
2025-04-03,23.339,39.165,37.9,20.5,18.292,907.0,1.342
2025-04-04,24.252,39.036,37.2,22.3,17.333,898.0,1.853
2025-04-05,24.241,36.649,35.5,21.8,21.542,905.0,2.2
2025-04-06,25.382,40.32,38.3,21.8,21.583,906.0,1.439
2025-04-07,27.144,42.542,40.3,24.4,22.875,890.0,1.428
2025-04-08,27.212,42.696,40.2,25.7,22.875,887.0,1.72
2025-04-09,28.24,43.145,41.0,26.4,26.292,881.0,1.741
2025-04-10,27.767,41.962,38.9,27.1,32.417,873.0,1.701
2025-04-11,27.327,36.978,34.6,22.4,58.083,878.0,3.133
2025-04-12,25.822,37.5,35.0,20.5,54.25,884.0,1.337
2025-04-13,26.067,37.965,36.1,21.5,44.208,875.0,1.02
2025-04-14,26.655,38.455,35.9,23.0,39.792,889.0,1.687
2025-04-15,27.557,39.747,37.2,25.2,34.0,849.0,1.883
2025-04-16,28.001,40.994,38.6,26.5,32.083,881.0,1.77
2025-04-17,28.615,43.364,40.8,26.3,31.833,887.0,2.096
2025-04-18,29.93,44.064,41.4,26.2,39.875,883.0,1.969
2025-04-19,29.204,42.296,40.4,27.7,40.958,877.0,3.237
2025-04-20,28.515,41.646,39.4,27.5,37.542,828.0,2.782
2025-04-21,27.081,42.765,40.5,26.3,24.833,904.0,1.768
2025-04-22,24.935,41.544,39.7,24.4,10.208,946.0,2.261
2025-04-23,24.72,40.965,39.4,23.6,11.833,936.0,2.234
2025-04-24,24.928,42.676,40.7,24.2,10.917,933.0,1.718
2025-04-25,25.528,43.455,41.4,25.5,12.958,933.0,1.725
2025-04-26,26.378,44.773,42.4,26.3,13.042,888.0,1.857
2025-04-27,25.833,42.928,41.3,29.0,13.625,885.0,1.318
2025-04-28,26.856,42.898,41.4,26.7,19.625,904.0,2.03
2025-04-29,28.042,40.482,37.9,25.3,34.167,883.0,2.732
2025-04-30,27.805,40.0,37.3,26.7,36.125,820.0,2.411
2025-05-01,27.64,40.133,37.7,26.4,36.208,771.0,2.598
2025-05-02,25.288,30.992,28.8,21.8,65.625,645.0,2.222
2025-05-03,27.487,39.048,35.7,24.0,54.0,852.0,1.348
2025-05-04,27.825,38.264,34.7,24.9,48.875,799.0,1.341
2025-05-05,27.202,37.961,35.2,24.2,58.208,770.0,2.113
2025-05-06,27.285,36.432,34.0,22.2,64.042,787.0,1.882
2025-05-07,27.023,34.406,32.1,23.7,65.375,742.0,1.818
2025-05-08,27.219,34.978,31.8,23.6,65.25,789.0,1.448
2025-05-09,28.747,40.076,37.5,24.8,49.625,835.0,1.419
2025-05-10,29.081,41.055,37.5,26.2,53.625,801.0,1.235
2025-05-11,29.059,40.499,38.3,25.1,49.5,829.0,1.518
2025-05-12,28.424,42.14,39.8,25.6,32.833,857.0,1.803
2025-05-13,28.681,44.01,41.4,28.8,24.0,868.0,2.682
2025-05-14,28.432,43.849,41.3,28.5,22.0,871.0,2.261
2025-05-15,28.494,44.525,41.9,29.7,22.0,873.0,1.675
2025-05-16,29.101,45.409,42.8,28.4,24.292,866.0,2.472
2025-05-17,30.231,45.635,43.0,29.4,29.875,857.0,2.365
2025-05-18,30.751,45.189,42.2,28.6,32.958,854.0,2.348
2025-05-19,31.621,44.994,41.8,28.7,45.083,838.0,2.243
2025-05-20,31.097,45.765,42.5,28.5,44.25,852.0,2.387
2025-05-21,31.627,46.103,43.0,30.3,44.792,850.0,2.625
2025-05-22,29.943,40.239,37.4,25.1,54.667,821.0,2.883
2025-05-23,30.659,41.402,38.6,26.7,50.708,840.0,3.101
2025-05-24,30.968,40.941,38.0,28.9,47.083,768.0,3.455
2025-05-25,27.189,34.783,31.6,22.9,66.833,728.0,2.206
2025-05-26,29.346,39.416,35.7,24.3,65.292,794.0,1.887
2025-05-27,30.041,40.265,36.3,26.4,61.625,800.0,1.537
2025-05-28,31.654,43.632,39.6,27.7,53.75,789.0,1.673
2025-05-29,31.221,44.567,41.0,28.1,47.417,801.0,1.569
2025-05-30,28.789,38.466,36.4,28.6,41.5,553.0,1.489
2025-05-31,29.847,44.359,41.3,27.5,39.833,824.0,1.437
2025-06-01,28.475,40.147,37.3,27.3,46.5,770.0,2.512
2025-06-02,29.036,40.313,37.5,24.8,44.458,794.0,1.742
2025-06-03,26.93,37.546,35.1,26.8,43.958,685.0,1.548
2025-06-04,28.417,40.128,36.7,25.3,55.25,839.0,1.456
2025-06-05,28.046,39.872,37.2,24.1,48.667,849.0,0.875
2025-06-06,29.146,41.632,38.7,26.3,39.833,785.0,1.335
2025-06-07,30.311,45.351,41.7,28.4,35.917,836.0,1.789
2025-06-08,31.541,46.581,43.0,29.9,34.833,829.0,1.779
2025-06-09,31.103,47.301,43.8,30.2,27.667,858.0,2.442
2025-06-10,30.502,46.292,43.2,30.5,21.667,862.0,2.295
2025-06-11,31.685,47.158,43.4,30.9,31.5,851.0,1.999
2025-06-12,32.984,47.364,43.6,31.6,43.958,777.0,2.069
2025-06-13,33.026,45.141,41.2,31.9,47.417,741.0,2.498
2025-06-14,32.771,46.614,43.3,31.0,45.625,817.0,1.873
2025-06-15,31.643,42.359,38.7,30.8,48.875,787.0,2.201
2025-06-16,29.671,36.778,32.5,25.2,77.958,598.0,1.568
2025-06-17,30.683,39.428,34.0,25.4,80.042,789.0,1.543
2025-06-18,29.938,38.521,33.3,24.2,77.083,772.0,1.241
2025-06-19,29.857,37.045,32.9,27.3,76.0,694.0,1.59
2025-06-20,29.749,36.048,32.0,25.8,82.583,543.0,2.021
2025-06-21,30.73,39.869,35.3,26.4,75.375,782.0,1.32
2025-06-22,30.766,39.739,34.9,28.4,71.917,622.0,1.332
2025-06-23,31.657,41.727,36.9,28.3,68.417,746.0,1.434
2025-06-24,31.842,42.082,37.1,27.9,71.5,767.0,1.316
2025-06-25,29.291,35.286,32.4,26.9,82.458,447.0,2.429
2025-06-26,30.922,38.853,34.7,26.2,75.875,785.0,2.313
2025-06-27,30.933,39.425,33.8,27.8,74.958,771.0,1.846
2025-06-28,31.739,41.678,36.7,25.9,72.0,765.0,1.222
2025-06-29,29.947,38.233,33.8,26.3,78.375,545.0,1.566
2025-06-30,29.816,37.882,32.1,25.5,86.625,672.0,1.335
2025-07-01,29.748,37.566,33.4,25.1,83.458,772.0,1.325
2025-07-02,30.538,38.257,33.1,27.1,80.292,784.0,1.675
2025-07-03,30.354,38.49,33.4,26.9,77.625,756.0,1.871
2025-07-04,31.072,40.437,34.4,26.9,77.333,792.0,1.299
2025-07-05,31.556,41.142,35.9,26.4,74.833,782.0,1.005
2025-07-06,31.454,41.204,35.8,27.1,73.792,775.0,0.977
2025-07-07,30.535,39.291,33.4,26.1,83.25,755.0,0.923
2025-07-08,30.786,38.828,34.3,27.2,75.625,754.0,1.281
2025-07-09,29.549,37.045,32.0,27.0,81.333,561.0,1.0
2025-07-10,28.072,34.535,29.9,26.0,84.583,581.0,1.035
2025-07-11,28.891,36.746,31.9,25.9,81.0,618.0,0.582
2025-07-12,30.652,39.794,33.9,26.5,79.458,824.0,0.661
2025-07-13,30.329,37.949,32.7,26.5,86.167,751.0,1.279
2025-07-14,29.255,34.078,30.9,26.1,84.292,702.0,3.321
2025-07-15,29.304,34.776,32.3,25.8,82.958,737.0,3.56
2025-07-16,29.807,37.334,32.5,25.3,82.542,727.0,2.157
2025-07-17,28.534,34.654,31.2,26.9,82.208,504.0,2.027
2025-07-18,29.778,35.344,32.3,26.5,80.125,755.0,3.272
2025-07-19,29.231,35.612,32.7,25.9,76.167,785.0,2.805
2025-07-20,30.301,38.502,34.5,26.3,72.333,804.0,1.506
2025-07-21,28.659,35.871,31.5,26.8,77.833,423.0,1.028
2025-07-22,30.545,39.682,34.5,26.2,75.042,795.0,0.806
2025-07-23,30.377,38.618,33.5,27.2,77.875,724.0,1.425
2025-07-24,31.002,40.012,35.6,26.3,71.583,832.0,1.699
2025-07-25,31.164,40.015,36.4,26.7,66.583,769.0,1.632
2025-07-26,31.527,41.128,36.0,27.4,72.292,682.0,1.096
2025-07-27,31.531,41.093,36.7,29.2,66.667,812.0,1.678
2025-07-28,31.59,42.037,37.5,28.6,65.375,747.0,1.15
2025-07-29,30.23,38.325,32.4,27.5,80.583,609.0,1.368
2025-07-30,29.642,36.26,32.0,26.2,87.0,652.0,1.982
2025-07-31,28.896,35.658,31.5,25.5,87.667,591.0,1.564
2025-08-01,29.963,38.252,32.0,25.7,84.75,761.0,1.123
2025-08-02,29.757,36.406,32.8,26.1,77.833,765.0,1.772
2025-08-03,30.533,38.021,33.3,27.0,76.958,750.0,1.938
2025-08-04,29.02,34.909,31.3,26.2,81.208,317.0,1.789
2025-08-05,27.739,33.536,29.9,27.1,84.042,401.0,1.778
2025-08-06,29.474,37.06,32.2,26.4,79.75,538.0,1.386
2025-08-07,30.113,37.826,34.1,26.2,71.75,824.0,2.203
2025-08-08,29.421,36.283,33.3,26.6,70.417,555.0,1.946
2025-08-09,28.52,35.698,30.9,26.4,83.917,541.0,0.996
2025-08-10,30.229,38.609,32.5,26.2,81.583,782.0,0.805
2025-08-11,30.749,38.246,34.0,26.7,76.667,729.0,1.91
2025-08-12,30.385,38.584,33.4,26.9,78.292,810.0,1.371
2025-08-13,30.066,37.8,33.7,27.1,74.083,699.0,1.52
2025-08-14,28.482,34.794,29.7,26.3,87.708,522.0,1.338
2025-08-15,29.706,37.88,31.8,25.4,84.875,721.0,0.986
2025-08-16,29.041,36.396,31.2,26.5,86.583,573.0,1.213
2025-08-17,30.321,37.245,32.2,27.4,85.75,646.0,1.631
2025-08-18,30.096,36.989,32.0,27.3,82.5,816.0,2.115
2025-08-19,29.902,36.885,32.0,26.8,80.708,763.0,1.935
2025-08-20,29.481,36.2,32.7,26.8,78.292,731.0,2.43
2025-08-21,30.187,38.105,33.8,25.3,76.5,783.0,1.685
2025-08-22,30.593,39.9,34.7,25.8,72.583,778.0,1.046
2025-08-23,29.617,37.388,32.6,25.9,82.958,696.0,1.325
2025-08-24,29.647,36.103,31.4,26.1,85.792,782.0,2.113
2025-08-25,28.086,31.626,29.5,24.7,87.792,598.0,3.137
2025-08-26,28.186,33.069,30.1,25.3,87.667,559.0,3.095
2025-08-27,30.158,38.21,32.7,25.4,85.0,786.0,1.457
2025-08-28,30.457,38.559,32.6,25.7,85.417,766.0,1.401
2025-08-29,29.84,36.659,31.7,25.1,87.375,672.0,2.132
2025-08-30,29.18,36.385,31.9,26.2,82.958,644.0,2.082
2025-08-31,28.682,35.335,30.2,24.7,89.792,473.0,2.189
2025-09-01,27.919,33.507,29.1,24.3,91.833,600.0,2.908
2025-09-02,25.753,29.194,27.0,24.0,92.042,361.0,3.412
2025-09-03,28.306,34.604,29.2,24.2,88.25,659.0,1.915
2025-09-04,29.418,37.35,31.7,23.9,86.458,770.0,1.558
2025-09-05,29.329,34.852,31.2,25.6,84.208,772.0,2.52
2025-09-06,29.756,36.147,31.6,24.6,84.792,770.0,2.624
2025-09-07,29.916,37.113,32.1,24.9,84.625,806.0,1.947
2025-09-08,29.53,37.714,32.1,25.2,82.5,798.0,1.026
2025-09-09,29.707,36.913,32.5,25.9,75.917,752.0,1.948
2025-09-10,29.64,35.927,33.3,25.7,72.625,798.0,2.927
2025-09-11,28.616,34.893,33.1,25.0,68.25,759.0,2.692
2025-09-12,28.86,36.654,33.9,25.0,65.333,779.0,1.962
2025-09-13,29.432,38.584,35.6,26.8,58.458,790.0,1.544
2025-09-14,29.735,39.33,36.6,27.7,54.25,752.0,1.56
2025-09-15,29.789,39.6,36.8,28.0,51.958,819.0,1.841
2025-09-16,30.057,40.46,37.0,27.8,53.625,788.0,1.707
2025-09-17,29.916,39.684,36.3,27.1,60.0,751.0,1.538
2025-09-18,29.379,38.493,35.1,25.5,65.333,696.0,1.45
2025-09-19,29.251,37.994,35.4,27.3,61.0,695.0,1.692
2025-09-20,29.54,38.399,36.3,27.0,55.458,722.0,2.221
2025-09-21,29.25,38.55,36.5,26.0,52.583,742.0,2.41
2025-09-22,29.173,39.125,37.1,26.6,49.458,811.0,2.559
2025-09-23,29.228,38.606,36.8,26.6,46.75,786.0,2.736
2025-09-24,28.736,38.166,36.3,26.2,49.292,817.0,2.548
2025-09-25,28.9,38.463,36.3,26.2,51.208,814.0,2.239
2025-09-26,29.238,39.174,37.0,25.8,52.417,818.0,2.224
2025-09-27,30.959,42.405,38.5,26.9,53.75,789.0,1.233
2025-09-28,30.229,39.669,37.0,29.2,56.167,730.0,2.365
2025-09-29,29.933,40.122,36.9,28.2,55.875,716.0,1.623
2025-09-30,29.629,38.238,34.2,24.9,67.792,643.0,0.948
2025-10-01,28.834,37.43,33.1,24.0,76.208,741.0,0.918
2025-10-02,28.044,35.455,32.3,24.7,71.458,703.0,1.412
2025-10-03,28.668,37.286,33.7,24.8,71.583,692.0,1.338
2025-10-04,28.412,36.452,34.5,26.4,61.875,726.0,1.776
2025-10-05,27.782,36.883,34.2,24.9,61.375,701.0,1.679
2025-10-06,24.961,29.174,29.3,22.4,84.417,218.0,1.531
2025-10-07,25.933,32.566,28.8,20.9,86.333,651.0,1.549
2025-10-08,23.918,30.296,26.2,20.4,86.083,603.0,1.074
2025-10-09,24.361,30.681,28.4,20.5,75.125,698.0,1.708
2025-10-10,24.024,31.434,28.6,19.4,68.583,735.0,1.184
2025-10-11,24.245,31.049,29.0,19.4,68.75,677.0,1.462
2025-10-12,25.009,32.705,30.7,20.3,63.958,749.0,1.604
2025-10-13,24.903,34.017,31.7,20.6,58.417,748.0,0.948
2025-10-14,24.434,33.878,31.8,21.0,52.5,751.0,0.893
2025-10-15,24.255,33.975,31.9,21.1,50.0,743.0,0.802
2025-10-16,24.811,33.658,31.5,20.2,52.958,739.0,1.1
2025-10-17,25.661,34.404,32.2,20.3,55.125,726.0,1.138
2025-10-18,25.681,35.488,33.3,21.7,54.875,711.0,0.796
2025-10-19,25.903,35.896,33.6,23.1,51.417,686.0,0.551
2025-10-20,25.667,34.994,33.2,22.5,51.583,667.0,1.02
2025-10-21,24.781,33.022,31.0,23.4,58.792,632.0,1.081
2025-10-22,26.018,33.86,32.0,22.9,57.333,628.0,1.208
2025-10-23,24.158,32.943,31.8,20.7,45.5,666.0,1.502
2025-10-24,23.249,33.61,32.2,20.0,46.083,702.0,1.069
2025-10-25,23.57,33.784,31.9,20.2,44.625,698.0,0.823
2025-10-26,23.389,33.698,32.1,19.4,45.542,699.0,0.8
2025-10-27,23.679,32.036,30.6,19.9,53.458,646.0,1.485
2025-10-28,22.491,28.082,27.5,21.7,68.417,309.0,1.011
2025-10-29,24.602,31.566,29.3,20.1,67.167,623.0,1.075
2025-10-30,24.412,30.032,27.8,22.6,73.25,294.0,0.825
2025-10-31,25.598,32.933,30.6,21.7,73.0,563.0,1.214
2025-11-01,23.735,31.959,31.1,20.6,61.292,668.0,1.64
2025-11-02,23.503,29.43,29.5,19.2,59.0,664.0,2.023
2025-11-03,23.537,30.789,30.7,17.8,52.417,674.0,1.942
2025-11-04,23.571,31.691,29.8,18.6,58.667,650.0,1.371
2025-11-05,24.406,31.211,29.5,19.4,60.583,615.0,1.817
2025-11-06,19.424,26.728,26.7,16.1,45.167,674.0,2.312
2025-11-07,19.902,27.77,27.8,15.1,44.667,666.0,2.033
2025-11-08,19.183,26.98,27.1,13.9,44.125,673.0,1.76
2025-11-09,19.665,27.218,27.1,13.8,47.125,660.0,1.747
2025-11-10,19.563,27.549,27.4,13.6,45.917,653.0,1.338
2025-11-11,19.954,27.197,27.5,13.3,48.25,650.0,1.679
2025-11-12,20.101,26.51,27.6,13.7,48.583,640.0,1.921
2025-11-13,19.316,26.039,26.3,12.8,53.208,637.0,1.653
2025-11-14,19.145,25.99,26.1,13.0,51.708,633.0,1.6
2025-11-15,19.332,26.363,26.7,12.4,51.667,633.0,1.623
2025-11-16,19.364,26.096,27.0,12.1,50.458,628.0,1.642
2025-11-17,19.29,26.909,26.3,12.0,50.542,619.0,1.042
2025-11-18,19.904,26.522,26.1,13.2,59.292,608.0,0.944
2025-11-19,20.407,27.755,26.4,13.2,62.25,601.0,0.639
2025-11-20,20.914,28.254,26.5,13.9,63.0,593.0,0.732
2025-11-21,20.527,28.207,26.6,15.0,59.667,589.0,0.828
2025-11-22,19.677,27.126,26.3,14.4,56.833,597.0,0.899
2025-11-23,19.199,26.945,26.1,13.4,56.792,595.0,0.962
2025-11-24,18.793,26.074,25.0,12.3,58.833,593.0,0.924
2025-11-25,18.362,24.301,24.1,11.3,58.083,591.0,1.365
2025-11-26,17.624,25.288,24.0,11.2,57.792,596.0,0.891
2025-11-27,18.325,26.062,24.5,11.8,58.417,591.0,0.639
2025-11-28,18.74,25.607,25.6,11.6,60.625,564.0,1.227
2025-11-29,19.429,25.569,26.0,13.1,54.958,568.0,1.76
2025-11-30,17.392,22.389,23.7,11.3,49.667,542.0,1.864
2025-12-01,17.188,24.939,24.5,9.8,50.542,587.0,0.855
2025-12-02,20.19,27.296,25.5,12.7,56.458,559.0,1.03
2025-12-03,16.659,22.645,23.0,10.2,54.542,588.0,1.551
2025-12-04,16.339,21.02,22.1,9.4,56.0,567.0,1.802
2025-12-05,16.257,23.071,22.1,8.3,56.25,578.0,1.23
2025-12-06,17.426,22.317,23.8,10.1,53.25,576.0,2.265
2025-12-07,18.427,23.686,24.4,10.7,56.458,565.0,2.035
2025-12-08,18.753,24.57,25.4,11.7,53.375,568.0,2.214
2025-12-09,18.226,23.383,24.6,11.7,53.583,573.0,2.373
2025-12-10,18.347,24.499,24.3,11.7,57.25,567.0,1.8
2025-12-11,18.639,24.457,24.8,10.5,60.875,561.0,1.365
2025-12-12,18.206,25.713,24.5,10.1,63.708,561.0,0.831
2025-12-13,18.938,26.311,24.7,12.1,66.667,556.0,0.581
2025-12-14,18.879,25.884,24.3,11.6,68.917,518.0,0.494
2025-12-15,19.046,24.258,23.4,10.3,74.0,564.0,1.382
2025-12-16,18.816,22.58,23.5,11.6,69.208,564.0,2.272
2025-12-17,19.274,24.087,23.9,11.4,70.5,559.0,1.914
2025-12-18,18.275,23.592,22.6,11.1,75.583,532.0,1.258
2025-12-19,17.396,22.591,22.0,10.5,78.25,562.0,1.367
2025-12-20,17.568,23.964,22.0,9.3,77.292,540.0,0.87
2025-12-21,17.026,22.601,20.7,10.7,81.083,504.0,1.012
2025-12-22,17.823,23.578,21.7,11.6,81.333,523.0,0.722
2025-12-23,19.486,23.719,23.2,11.5,80.25,550.0,1.957
2025-12-24,16.482,20.06,21.4,11.6,68.25,566.0,2.255
2025-12-25,16.001,22.319,21.5,9.2,62.875,566.0,1.238
2025-12-26,16.228,21.306,20.9,9.9,69.917,552.0,1.025
2025-12-27,16.846,21.795,20.5,9.3,77.208,543.0,1.084
2025-12-28,16.757,21.973,20.7,9.1,79.542,565.0,0.999
2025-12-29,15.956,21.228,19.7,10.5,82.125,545.0,0.81
2025-12-30,16.191,21.453,20.5,9.7,78.625,557.0,1.125
2025-12-31,16.773,21.029,19.3,9.0,84.083,556.0,1.663
2026-01-01,15.47,19.249,16.9,10.7,89.833,317.0,1.402
2026-01-02,14.55,17.618,17.6,11.4,78.417,481.0,1.9
2026-01-03,13.894,18.364,17.4,10.9,76.792,414.0,0.954
2026-01-04,13.926,17.47,17.2,8.6,78.792,415.0,1.229
2026-01-05,14.754,19.743,17.5,8.5,78.833,559.0,1.337
2026-01-06,14.733,18.372,17.2,8.4,84.292,559.0,1.47
2026-01-07,13.785,17.981,15.6,7.3,89.167,549.0,1.543
2026-01-08,12.423,17.224,14.4,7.3,88.167,538.0,1.101
2026-01-09,13.871,20.169,17.4,7.1,82.708,538.0,0.982
2026-01-10,14.187,18.524,17.3,6.4,81.208,584.0,1.531
2026-01-11,12.816,16.849,16.5,5.6,76.542,605.0,1.855
2026-01-12,12.984,19.337,17.3,4.4,71.417,614.0,1.098
2026-01-13,14.676,19.349,18.2,4.5,78.25,604.0,1.135
2026-01-14,13.542,17.91,17.1,5.5,79.25,617.0,1.626
2026-01-15,13.886,17.998,17.6,5.7,78.833,607.0,1.549
2026-01-16,15.397,21.896,20.3,5.5,70.917,607.0,0.974
2026-01-17,17.387,24.405,22.4,7.1,72.5,588.0,0.646
2026-01-18,18.06,23.855,22.3,8.0,78.25,605.0,0.959
2026-01-19,17.768,26.17,24.8,10.1,65.75,608.0,0.912
2026-01-20,18.154,24.625,24.2,9.4,63.875,615.0,1.441
2026-01-21,17.711,23.437,23.2,9.3,66.083,622.0,1.307
2026-01-22,19.023,26.734,25.4,9.4,61.5,625.0,1.442
2026-01-23,15.991,16.527,17.6,12.9,83.083,394.0,3.019
2026-01-24,12.842,16.488,16.4,9.0,69.0,626.0,2.326
2026-01-25,13.72,17.568,16.5,6.5,74.667,648.0,1.832
2026-01-26,15.638,22.097,18.7,6.0,78.042,645.0,0.774
2026-01-27,17.945,18.732,19.7,10.8,82.125,583.0,2.229
2026-01-28,15.976,21.077,18.4,11.8,85.25,450.0,1.273
2026-01-29,16.302,20.356,18.4,9.8,86.583,606.0,1.632
2026-01-30,17.106,22.388,19.5,9.2,83.417,652.0,1.11
2026-01-31,17.378,21.707,20.0,8.8,86.375,645.0,1.387
2026-02-01,18.649,23.591,21.0,12.3,82.25,614.0,1.386
2026-02-02,17.848,22.107,20.1,12.5,88.417,541.0,1.337
2026-02-03,17.04,22.338,19.7,10.3,82.792,657.0,0.986
2026-02-04,17.252,21.349,20.3,10.4,78.458,679.0,1.59
2026-02-05,17.237,21.356,21.4,9.9,72.708,692.0,2.122
2026-02-06,18.443,21.472,22.7,10.8,68.75,688.0,2.328
2026-02-07,19.491,23.057,23.7,12.4,68.75,686.0,2.367
2026-02-08,17.774,22.33,22.9,11.2,61.667,698.0,1.899
2026-02-09,18.51,26.213,24.7,10.6,58.708,668.0,1.046
2026-02-10,20.052,28.981,27.6,11.9,58.417,695.0,1.262
2026-02-11,20.775,27.092,26.8,14.6,59.125,702.0,1.75
2026-02-12,18.57,24.398,25.0,12.6,55.0,723.0,1.924
2026-02-13,18.928,26.337,25.5,12.3,52.667,707.0,1.392
2026-02-14,19.842,27.253,27.0,12.4,53.333,727.0,1.623
2026-02-15,20.915,27.929,28.2,13.4,53.958,731.0,1.482
2026-02-16,21.065,31.626,30.2,13.4,51.625,734.0,1.251
2026-02-17,21.489,31.138,29.9,16.4,51.583,736.0,1.903
2026-02-18,18.656,24.05,23.6,16.3,72.333,453.0,1.065
2026-02-19,20.441,28.648,26.5,13.7,67.125,723.0,0.855
2026-02-20,21.516,29.458,28.0,14.7,63.333,739.0,1.414
2026-02-21,21.818,27.988,27.4,15.0,60.458,744.0,1.768
2026-02-22,20.893,29.708,28.6,14.6,56.458,761.0,1.42
2026-02-23,21.128,30.359,29.4,15.3,54.083,757.0,1.06
2026-02-24,21.383,30.485,29.4,15.9,54.583,772.0,1.149
2026-02-25,20.309,30.111,29.3,15.1,46.958,789.0,1.415
2026-02-26,21.044,29.649,30.0,15.6,44.5,786.0,2.069
2026-02-27,21.678,31.883,31.1,16.3,42.333,785.0,1.439
2026-02-28,22.094,32.211,31.7,21.4,42.583,757.0,1.486
2026-03-01,22.327,30.436,30.7,17.3,46.375,793.0,2.361
2026-03-02,22.412,30.428,30.8,17.3,44.958,792.0,2.589
2026-03-03,23.209,30.885,31.5,17.8,41.583,804.0,3.093
2026-03-04,25.172,33.479,33.1,18.1,43.667,797.0,2.821
2026-03-05,26.33,34.677,34.0,21.0,46.292,800.0,3.003
2026-03-06,25.714,36.256,34.6,19.5,46.208,807.0,1.522
2026-03-07,26.121,37.722,35.5,20.4,51.917,808.0,1.04
2026-03-08,25.901,37.736,36.0,21.6,45.708,810.0,1.411
2026-03-09,26.687,37.253,35.4,20.7,49.417,801.0,1.685
2026-03-10,26.926,37.599,35.3,22.0,54.125,806.0,0.997
2026-03-11,24.891,37.62,36.5,20.8,40.667,834.0,1.884
2026-03-12,24.005,36.536,36.0,20.8,34.292,805.0,2.08
2026-03-13,24.029,33.384,32.6,21.2,45.208,761.0,2.255
2026-03-14,23.16,33.51,33.0,19.7,35.167,767.0,1.723
2026-03-15,22.535,28.356,27.7,18.8,53.583,813.0,2.907
2026-03-16,23.462,31.784,30.9,17.4,49.458,845.0,2.865
2026-03-17,23.984,33.53,31.3,17.0,52.458,831.0,1.496
2026-03-18,24.502,34.947,32.2,18.9,60.125,831.0,1.368
2026-03-19,22.429,29.965,27.2,18.2,66.708,709.0,2.082
2026-03-20,18.748,23.39,20.5,16.4,86.833,410.0,1.247
2026-03-21,21.585,28.348,25.5,15.0,77.75,848.0,1.24
2026-03-22,22.702,28.501,27.1,15.9,66.958,841.0,1.683
2026-03-23,22.588,29.956,26.7,17.9,72.25,716.0,1.307
2026-03-24,23.592,30.563,29.5,18.2,64.333,809.0,1.657
2026-03-25,23.954,32.634,31.1,17.9,54.125,871.0,1.422
2026-03-26,25.219,36.178,34.3,20.7,47.75,826.0,1.55
2026-03-27,23.074,31.066,29.0,21.4,52.25,690.0,1.84
2026-03-28,24.924,34.799,32.8,20.3,46.75,831.0,1.351
2026-03-29,26.984,37.57,34.6,22.6,48.333,811.0,1.922
2026-03-30,25.416,37.413,35.2,22.2,49.375,833.0,2.083
2026-03-31,25.181,35.975,34.0,21.2,54.583,764.0,1.396
2026-04-01,25.057,35.491,33.3,19.7,49.833,816.0,1.294
2026-04-02,25.309,36.695,34.9,21.8,42.792,770.0,1.284
2026-04-03,25.082,34.386,32.4,22.5,53.292,777.0,2.272
2026-04-04,24.09,32.892,30.4,21.4,60.75,797.0,1.28
2026-04-05,22.475,31.555,30.0,20.2,50.167,798.0,1.469
2026-04-06,22.727,32.89,31.5,21.1,37.75,838.0,1.584
2026-04-07,22.074,28.016,29.1,18.2,55.75,610.0,2.369
2026-04-08,21.53,29.125,25.6,17.1,71.542,804.0,1.681
2026-04-09,22.039,29.938,28.6,16.2,61.125,827.0,1.599
2026-04-10,22.701,30.623,31.2,17.7,43.25,905.0,3.313
2026-04-11,24.224,33.892,33.0,21.5,34.667,855.0,2.733
2026-04-12,24.558,35.208,33.9,22.2,33.625,905.0,2.3
2026-04-13,23.994,35.398,34.7,21.3,29.792,915.0,2.3
2026-04-14,25.478,39.587,37.7,22.6,27.917,902.0,1.708
2026-04-15,25.486,40.571,38.7,23.3,24.417,919.0,2.115
2026-04-16,26.383,42.333,39.9,25.0,24.542,906.0,1.465
2026-04-17,27.028,43.0,40.9,26.9,26.083,729.0,1.768
2026-04-18,27.722,42.761,40.3,24.4,30.583,897.0,1.588
2026-04-19,27.213,42.551,40.0,25.6,23.625,851.0,2.111
2026-04-20,26.575,41.301,39.3,25.3,24.75,860.0,2.431
2026-04-21,26.283,40.698,38.8,25.4,19.125,909.0,2.767
2026-04-22,26.875,42.564,40.5,25.4,22.667,909.0,2.37
2026-04-23,27.433,43.868,41.3,27.5,19.583,903.0,2.175
2026-04-24,28.757,45.269,42.1,27.8,24.042,893.0,1.538
2026-04-25,28.545,44.569,42.3,28.9,24.5,832.0,2.372
2026-04-26,29.233,44.375,41.7,28.4,25.333,834.0,2.59
2026-04-27,29.114,45.228,42.3,28.5,22.917,884.0,2.53
2026-04-28,28.059,39.841,37.2,29.3,31.625,844.0,1.923
2026-04-29,26.999,39.695,37.3,27.2,37.458,832.0,1.455
2026-04-30,26.956,39.98,37.7,25.5,41.167,798.0,2.131
2026-05-01,27.95,38.515,36.0,23.1,50.375,876.0,2.205
2026-05-02,28.249,39.215,35.8,26.4,41.5,817.0,2.046
2026-05-03,27.599,36.689,34.4,26.1,44.25,774.0,3.092
2026-05-04,24.702,31.896,30.3,21.4,63.958,868.0,2.985
2026-05-05,25.163,33.073,30.1,22.8,64.125,772.0,1.542
2026-05-06,25.563,36.459,34.4,21.7,48.542,826.0,1.1
2026-05-07,25.182,30.077,30.4,23.7,50.583,811.0,3.348
2026-05-08,26.783,36.047,34.1,22.2,56.25,861.0,2.506
2026-05-09,27.577,38.25,35.5,24.7,46.958,843.0,1.969
2026-05-10,28.511,40.436,37.7,26.5,43.583,846.0,2.069
2026-05-11,28.826,40.46,37.8,27.6,41.583,741.0,1.807
2026-05-12,29.745,41.974,39.0,28.2,46.042,861.0,2.872
2026-05-13,29.313,41.909,39.5,27.2,45.625,868.0,1.843
2026-05-14,28.752,42.451,39.7,27.0,38.333,876.0,1.483
2026-05-15,27.817,42.41,40.2,28.0,32.125,861.0,2.308
2026-05-16,28.666,43.099,40.6,28.8,29.125,846.0,2.269
2026-05-17,30.051,44.114,41.4,30.0,26.167,873.0,2.865
2026-05-18,30.929,45.658,43.6,30.2,25.042,883.0,2.655
2026-05-19,29.26,47.717,44.6,31.6,17.625,899.0,2.727
2026-05-20,30.25,46.905,43.9,32.4,19.0,836.0,2.313
2026-05-21,30.301,46.061,43.1,33.4,20.958,877.0,3.59
2026-05-22,29.558,45.669,42.4,32.3,19.125,894.0,2.559
2026-05-23,28.889,43.706,41.5,31.9,22.167,748.0,2.596
2026-05-24,29.361,45.517,42.5,30.5,20.167,870.0,2.416
2026-05-25,30.264,46.646,43.3,32.9,18.083,892.0,2.963
2026-05-26,28.227,45.435,43.0,32.1,16.583,863.0,2.542
2026-05-27,29.071,46.04,43.7,31.5,16.5,906.0,2.352
2026-05-28,31.806,44.654,40.7,29.8,37.375,867.0,2.315
2026-05-29,29.003,36.649,34.4,26.5,54.417,808.0,2.838
2026-05-30,28.841,38.673,35.5,24.3,64.0,840.0,2.47
2026-05-31,27.158,36.296,33.2,23.5,62.708,796.0,2.084
2026-06-01,26.601,35.621,33.5,25.0,58.0,771.0,1.71
2026-06-02,27.935,39.191,36.7,25.3,49.833,773.0,1.678
2026-06-03,29.328,40.931,38.5,29.5,41.583,829.0,1.393
2026-06-04,29.115,42.767,39.7,26.6,43.208,802.0,2.289
2026-06-05,28.345,36.529,34.6,25.3,58.75,621.0,1.454
2026-06-06,30.199,43.463,40.0,28.7,42.75,813.0,1.493
2026-06-07,30.387,43.705,40.4,29.0,42.625,850.0,2.103
2026-06-08,30.306,44.087,41.9,30.2,32.708,848.0,2.623
2026-06-09,30.603,46.241,43.2,32.1,27.25,830.0,2.631
2026-06-10,31.237,45.894,43.8,31.9,27.833,857.0,2.43
2026-06-11,30.97,39.578,36.9,26.8,48.167,860.0,3.207
2026-06-12,28.132,35.195,32.5,23.2,74.417,846.0,3.308
2026-06-13,28.343,37.547,34.4,25.1,67.292,867.0,0.972
2026-06-14,29.78,40.755,37.2,26.3,58.25,842.0,1.239
2026-06-15,29.455,39.576,36.6,27.5,51.875,867.0,2.042
2026-06-16,27.025,35.201,32.6,26.0,61.375,669.0,1.595
2026-06-17,28.994,40.632,37.3,25.0,52.875,869.0,1.284
2026-06-18,30.158,42.466,39.2,29.7,41.917,860.0,2.072
2026-06-19,30.252,41.486,38.5,28.3,40.833,827.0,2.373
2026-06-20,30.396,41.138,38.4,30.8,41.333,832.0,2.363
2026-06-21,29.443,40.846,39.1,30.0,38.375,777.0,2.415
2026-06-22,28.933,39.009,36.8,28.8,40.292,763.0,2.432
2026-06-23,29.909,42.097,39.0,30.3,40.875,819.0,1.702
2026-06-24,29.322,41.25,38.2,29.5,43.917,797.0,1.782
2026-06-25,30.502,42.895,39.1,29.5,42.667,855.0,1.144
2026-06-26,31.68,45.086,41.0,31.1,41.792,808.0,1.087
2026-06-27,31.756,44.769,40.7,29.5,41.333,799.0,1.448
2026-06-28,32.576,46.111,42.0,30.4,40.958,824.0,2.037
2026-06-29,32.416,45.474,41.6,32.9,37.458,827.0,2.309
2026-06-30,31.562,42.577,39.6,30.6,51.667,657.0,2.768
2026-07-01,29.265,36.115,33.3,27.7,72.25,507.0,2.238
2026-07-02,28.295,35.308,32.1,26.0,76.0,564.0,1.182
2026-07-03,30.532,40.062,35.8,27.4,67.833,748.0,1.454
2026-07-04,31.085,40.476,36.3,29.8,68.542,614.0,0.99
2026-07-05,30.991,39.931,34.9,29.1,74.958,701.0,1.288
2026-07-06,31.402,41.58,36.5,27.0,71.375,840.0,1.041
2026-07-07,30.526,38.533,33.0,26.6,84.125,719.0,1.163
2026-07-08,27.675,32.775,29.4,26.2,90.958,386.0,2.17
2026-07-09,27.123,31.395,29.1,25.2,90.75,388.0,2.742
2026-07-10,29.794,36.856,33.1,25.5,80.208,829.0,1.87
2026-07-11,30.845,39.614,34.5,27.4,75.292,822.0,1.285
2026-07-12,31.128,39.627,35.2,28.9,67.583,829.0,2.103
2026-07-13,30.892,40.437,35.8,28.5,63.5,826.0,2.107
2026-07-14,30.8,40.32,36.4,26.0,70.208,847.0,2.086
2026-07-15,30.424,40.36,36.6,25.1,65.958,822.0,1.752
2026-07-16,31.04,40.738,37.5,29.8,53.458,863.0,2.038
2026-07-17,30.666,40.117,37.3,31.2,55.333,797.0,1.624
2026-07-18,30.523,39.048,36.6,30.9,54.083,629.0,2.045
2026-07-19,30.604,39.304,37.1,29.9,62.375,715.0,1.807
2026-07-20,29.353,36.464,32.2,26.6,86.042,656.0,1.42
2026-07-21,28.732,34.715,29.9,26.0,88.75,419.0,2.087
2026-07-22,29.496,35.946,32.0,25.8,82.625,801.0,2.865
2026-07-23,29.558,35.789,32.6,26.4,78.792,798.0,2.966
2026-07-24,29.329,34.763,31.3,25.8,82.833,708.0,2.804
2026-07-25,29.487,36.044,32.8,27.3,78.917,734.0,2.773
2026-07-26,30.561,39.512,34.1,27.4,78.25,761.0,1.093
2026-07-27,31.06,40.584,35.6,29.6,72.417,795.0,0.936
2026-07-28,28.312,34.317,30.8,26.3,88.708,284.0,1.902
2026-07-29,30.064,38.231,33.3,26.5,82.708,687.0,0.828
2026-07-30,30.061,38.432,33.5,25.6,80.75,735.0,1.868
2026-07-31,29.772,36.343,32.7,28.1,77.542,720.0,2.911
2026-08-01,30.316,37.146,33.2,27.1,80.417,787.0,2.722
2026-08-02,30.266,38.626,34.1,26.9,82.125,788.0,2.122
2026-08-03,31.101,39.819,34.2,26.7,84.833,769.0,1.642
2026-08-04,28.61,35.442,30.0,26.6,92.542,434.0,1.138
2026-08-05,29.726,37.706,33.1,26.1,83.875,748.0,1.117
2026-08-06,27.649,33.002,27.9,26.8,90.417,305.0,1.415
2026-08-07,27.792,31.382,28.8,25.7,94.625,400.0,2.435
2026-08-08,29.781,37.171,32.2,24.7,85.083,737.0,2.134
2026-08-09,30.866,39.772,33.9,25.0,79.792,797.0,1.263
2026-08-10,30.67,39.383,33.4,26.5,86.25,818.0,1.496
2026-08-11,29.104,36.051,30.5,27.0,87.5,483.0,1.554
2026-08-12,31.004,40.375,34.7,27.3,80.167,819.0,0.931
2026-08-13,30.813,39.566,33.8,26.7,81.167,815.0,1.177
2026-08-14,29.89,37.627,31.4,27.0,87.333,511.0,0.878
2026-08-15,30.429,38.534,32.6,26.5,85.333,737.0,1.155
2026-08-16,30.774,39.158,33.7,25.7,78.667,780.0,1.895
2026-08-17,30.435,38.243,33.1,27.1,81.167,849.0,1.773
2026-08-18,30.04,38.432,33.3,26.4,76.0,785.0,1.345
2026-08-19,29.601,38.18,33.2,27.1,80.167,779.0,0.921
2026-08-20,30.046,38.591,33.4,26.9,83.958,732.0,1.195
2026-08-21,30.342,38.163,33.9,26.9,76.625,844.0,1.8
2026-08-22,30.012,37.391,33.4,25.6,80.167,785.0,1.793
2026-08-23,30.028,37.184,33.0,24.8,79.667,749.0,1.519
2026-08-24,28.977,36.482,31.9,25.1,81.792,694.0,1.063
2026-08-25,29.518,37.687,32.8,26.3,84.125,612.0,0.822
2026-08-26,30.042,38.367,32.5,26.4,86.708,687.0,1.074
2026-08-27,30.465,38.733,34.3,27.5,80.375,631.0,1.307
2026-08-28,29.937,37.629,34.5,26.5,72.417,770.0,2.0
2026-08-29,30.477,39.085,35.3,27.9,65.542,847.0,2.132
2026-08-30,29.486,37.53,34.5,28.3,63.042,737.0,1.948
2026-08-31,29.491,38.038,34.7,28.1,60.25,734.0,2.127
2026-09-01,29.355,38.307,34.4,27.9,65.625,722.0,1.571
2026-09-02,29.715,37.661,33.6,26.0,79.167,718.0,1.158
2026-09-03,29.401,36.332,32.3,25.9,80.583,732.0,1.487
2026-09-04,28.804,35.443,30.9,26.2,84.333,603.0,1.547
2026-09-05,27.309,32.698,28.2,25.3,91.667,391.0,1.648
2026-09-06,26.408,30.573,28.1,24.2,91.042,296.0,1.492
2026-09-07,29.02,37.433,32.6,24.7,76.958,784.0,0.979
2026-09-08,29.341,36.061,32.7,25.5,73.375,770.0,1.786
2026-09-09,29.191,36.632,33.9,26.7,68.292,773.0,2.217
2026-09-10,29.419,37.777,34.8,27.1,65.375,792.0,1.989
2026-09-11,29.594,36.419,31.4,27.0,79.5,736.0,1.632
2026-09-12,29.106,35.426,31.5,26.0,81.333,658.0,1.735
2026-09-13,29.318,36.404,32.8,27.6,75.792,728.0,2.307
2026-09-14,29.19,35.858,31.9,26.5,77.875,714.0,2.32
2026-09-15,28.642,36.621,32.6,26.0,73.458,708.0,1.484
2026-09-16,30.119,39.693,35.1,28.2,66.917,781.0,0.836
2026-09-17,28.589,36.874,32.6,24.6,70.708,749.0,1.521
2026-09-18,27.49,34.935,31.4,25.1,71.333,757.0,1.536
2026-09-19,28.098,36.587,32.9,25.4,68.292,764.0,0.969
2026-09-20,28.448,37.562,33.7,25.6,65.583,780.0,0.814
2026-09-21,28.317,37.294,33.6,26.0,62.375,747.0,0.908
2026-09-22,28.971,38.828,35.6,26.6,61.0,758.0,0.929
2026-09-23,29.643,39.806,36.5,26.9,60.417,762.0,1.084
2026-09-24,28.375,37.99,35.0,26.7,61.917,754.0,1.695
2026-09-25,27.055,34.534,31.6,25.5,67.958,732.0,2.28
2026-09-26,26.251,32.719,29.7,22.3,73.667,719.0,1.926
2026-09-27,25.736,31.951,28.7,22.5,78.625,691.0,1.563
2026-09-28,25.425,30.159,28.1,22.2,85.375,620.0,1.587
2026-09-29,26.869,33.063,31.0,22.0,75.958,753.0,1.906
2026-09-30,27.346,34.068,32.7,23.3,68.583,766.0,2.131
2026-10-01,28.064,34.937,33.7,23.8,63.875,714.0,2.035
2026-10-02,27.548,36.309,34.9,24.0,59.583,750.0,1.874
2026-10-03,27.964,37.959,35.7,24.7,56.167,771.0,1.561
2026-10-04,27.934,37.372,35.5,25.7,55.0,776.0,1.521
2026-10-05,28.71,37.705,35.7,25.9,54.667,761.0,1.806
