valid_date,nwp_wbgt_max,nwp_utci_max,nwp_tmax,nwp_tmin,nwp_rh_mean,nwp_sw_max,nwp_wind_mean,lead
2024-03-01,20.0,27.871,25.9,15.2,62.0,582.0,1.268,1
2024-03-02,20.848,22.263,24.4,16.4,78.542,651.0,3.32,1
2024-03-03,18.228,25.219,23.3,16.1,66.583,848.0,2.002,1
2024-03-04,19.112,26.165,24.0,14.5,64.375,838.0,1.247,1
2024-03-05,16.66,23.802,23.5,11.8,39.667,873.0,1.915,1
2024-03-06,15.671,21.537,21.8,11.4,51.958,609.0,1.414,1
2024-03-07,18.476,26.976,25.6,12.3,51.417,876.0,1.232,1
2024-03-08,19.341,25.655,25.6,12.2,53.542,884.0,1.721,1
2024-03-09,19.31,26.851,25.8,12.6,50.708,899.0,1.632,1
2024-03-10,19.937,28.191,26.5,12.2,53.125,893.0,1.271,1
2024-03-11,22.083,31.479,29.2,16.2,56.917,784.0,0.897,1
2024-03-12,22.097,30.89,29.8,16.4,48.167,887.0,1.611,1
2024-03-13,22.368,31.906,29.3,15.5,58.833,874.0,1.166,1
2024-03-14,22.23,31.209,28.9,16.7,52.75,883.0,1.34,1
2024-03-15,21.179,29.963,29.1,14.4,49.208,910.0,1.66,1
2024-03-16,19.725,29.6,28.1,14.4,41.042,843.0,1.098,1
2024-03-17,21.223,30.934,28.7,13.9,48.625,834.0,1.037,1
2024-03-18,22.247,30.915,29.5,14.3,52.375,917.0,1.397,1
2024-03-19,22.556,32.873,30.6,15.8,46.042,902.0,1.054,1
2024-03-20,23.034,33.813,31.7,13.9,45.167,919.0,1.04,1
2024-03-21,23.329,30.034,28.6,15.4,61.5,875.0,1.648,1
2024-03-22,25.151,34.548,32.2,16.6,61.625,902.0,1.556,1
2024-03-23,24.943,35.07,33.7,18.5,48.125,925.0,1.716,1
2024-03-24,23.087,29.499,29.5,18.4,56.958,602.0,1.922,1
2024-03-25,25.354,34.292,32.8,16.7,59.0,922.0,1.742,1
2024-03-26,23.986,35.154,33.6,17.1,47.042,832.0,1.413,1
2024-03-27,26.35,38.267,36.1,21.0,43.917,910.0,1.55,1
2024-03-28,27.052,38.386,36.4,20.7,45.917,874.0,1.724,1
2024-03-29,26.87,38.284,35.9,22.0,46.542,789.0,1.004,1
2024-03-30,27.734,37.518,34.3,21.3,66.292,915.0,1.713,1
2024-03-31,26.208,35.329,33.4,21.7,55.833,927.0,1.76,1
2024-04-01,24.13,32.065,31.4,19.2,48.583,788.0,1.953,1
2024-04-02,23.758,34.234,33.1,18.3,37.917,936.0,1.778,1
2024-04-03,24.284,36.417,34.8,21.7,35.375,762.0,1.353,1
2024-04-04,25.347,38.233,36.0,21.2,37.542,908.0,1.408,1
2024-04-05,24.915,37.165,34.8,22.1,36.542,873.0,1.561,1
2024-04-06,24.378,36.709,34.8,20.1,37.792,890.0,1.445,1
2024-04-07,24.297,36.822,35.0,20.7,32.542,977.0,1.532,1
2024-04-08,25.019,38.554,36.5,20.5,28.958,947.0,1.417,1
2024-04-09,25.344,39.309,37.5,20.7,29.958,874.0,1.136,1
2024-04-10,25.428,40.433,38.3,19.7,29.458,972.0,1.332,1
2024-04-11,26.837,40.664,38.1,19.7,31.292,950.0,1.336,1
2024-04-12,26.142,41.17,38.6,21.6,29.458,975.0,1.255,1
2024-04-13,27.753,41.051,37.9,24.2,36.917,940.0,1.431,1
2024-04-14,25.479,34.338,32.8,23.1,55.292,620.0,1.695,1
2024-04-15,26.226,35.484,32.9,21.7,55.625,674.0,1.25,1
2024-04-16,26.82,35.053,33.8,22.1,54.083,932.0,2.479,1
2024-04-17,24.594,35.117,34.5,21.2,36.583,1001.0,3.428,1
2024-04-18,27.211,40.258,38.1,22.9,31.0,960.0,2.443,1
2024-04-19,28.096,40.259,37.0,25.2,35.5,962.0,1.726,1
2024-04-20,25.987,37.846,36.2,22.8,39.458,981.0,2.192,1
2024-04-21,26.54,38.395,36.2,23.5,35.708,935.0,2.003,1
2024-04-22,26.226,37.59,35.9,24.9,33.75,917.0,1.889,1
2024-04-23,26.128,38.729,36.3,22.7,34.708,942.0,1.689,1
2024-04-24,26.492,39.257,37.4,22.0,35.583,986.0,1.653,1
2024-04-25,26.403,41.464,39.2,22.8,29.542,1003.0,1.817,1
2024-04-26,27.295,42.965,40.4,24.3,27.75,954.0,1.28,1
2024-04-27,27.315,40.68,38.4,23.9,38.458,915.0,1.735,1
2024-04-28,26.766,40.187,37.8,23.0,36.708,864.0,1.105,1
2024-04-29,27.36,40.755,38.0,24.1,34.792,887.0,1.499,1
2024-04-30,25.46,39.474,37.4,21.6,30.0,1018.0,1.756,1
2024-05-01,22.955,35.479,34.3,19.7,27.292,1029.0,2.465,1
2024-05-02,24.443,36.935,35.2,19.2,30.167,1017.0,1.818,1
2024-05-03,25.811,41.045,38.8,21.5,26.167,1013.0,1.856,1
2024-05-04,27.549,44.105,41.3,26.2,22.208,962.0,1.635,1
2024-05-05,28.124,44.789,41.6,25.0,23.542,1000.0,1.777,1
2024-05-06,28.808,44.272,41.0,24.7,28.0,992.0,1.715,1
2024-05-07,30.696,44.355,41.1,27.8,30.958,948.0,1.234,1
2024-05-08,31.025,43.329,40.2,24.8,50.667,971.0,2.294,1
2024-05-09,30.105,40.541,37.6,24.6,54.0,928.0,2.894,1
2024-05-10,31.19,43.443,39.1,25.8,56.333,942.0,2.02,1
2024-05-11,30.268,42.722,38.7,25.1,57.833,949.0,1.453,1
2024-05-12,29.694,42.238,38.4,27.9,51.333,966.0,1.387,1
2024-05-13,30.553,42.983,39.3,27.3,41.5,980.0,1.265,1
2024-05-14,28.72,43.58,40.8,27.6,24.458,992.0,1.404,1
2024-05-15,29.29,46.192,42.7,28.3,22.833,992.0,1.458,1
2024-05-16,30.012,46.798,43.6,26.0,27.708,911.0,1.505,1
2024-05-17,30.291,48.899,45.6,29.5,23.042,909.0,1.434,1
2024-05-18,30.553,48.298,45.1,28.3,24.667,989.0,1.815,1
2024-05-19,30.655,48.089,45.0,28.7,24.583,979.0,1.609,1
2024-05-20,31.143,47.86,44.8,29.0,29.167,985.0,1.639,1
2024-05-21,32.637,48.041,44.2,28.2,39.083,973.0,1.655,1
2024-05-22,32.882,46.522,42.4,29.1,41.167,962.0,2.435,1
2024-05-23,31.917,45.951,42.1,30.1,40.125,970.0,2.612,1
2024-05-24,31.857,45.601,41.5,30.1,41.833,966.0,2.131,1
2024-05-25,32.529,48.48,44.5,31.0,36.0,953.0,1.558,1
2024-05-26,31.344,48.931,45.5,30.5,27.458,990.0,1.295,1
2024-05-27,32.778,49.772,46.1,29.8,27.667,985.0,1.173,1
2024-05-28,30.649,50.771,47.3,29.2,21.458,1007.0,1.522,1
2024-05-29,32.502,49.496,45.9,29.9,26.292,986.0,1.512,1
2024-05-30,32.656,49.285,45.0,30.7,29.458,949.0,1.654,1
2024-05-31,30.913,48.674,45.4,28.0,31.292,955.0,1.733,1
2024-06-01,30.977,47.838,44.3,29.8,27.708,860.0,1.634,1
2024-06-02,31.022,47.64,43.9,30.0,29.542,919.0,1.507,1
2024-06-03,31.814,47.4,44.5,31.5,28.875,908.0,2.469,1
2024-06-04,31.619,48.035,44.3,30.3,28.958,952.0,2.272,1
2024-06-05,31.257,47.76,44.1,30.5,30.208,970.0,2.638,1
2024-06-06,31.004,45.882,41.9,30.5,38.375,968.0,1.839,1
2024-06-07,32.043,47.033,43.2,29.5,40.875,964.0,2.741,1
2024-06-08,31.099,46.685,42.9,29.0,36.458,969.0,2.484,1
2024-06-09,30.139,46.349,43.3,28.8,29.458,978.0,2.177,1
2024-06-10,28.965,47.044,43.8,28.3,22.75,995.0,1.913,1
2024-06-11,30.18,47.481,44.1,30.5,23.0,843.0,1.623,1
2024-06-12,31.386,49.539,45.6,30.7,23.458,976.0,1.815,1
2024-06-13,32.212,49.639,45.7,31.4,26.333,950.0,2.639,1
2024-06-14,32.478,48.899,44.7,32.6,29.625,917.0,2.789,1
2024-06-15,32.231,48.407,44.5,32.9,28.958,953.0,2.922,1
2024-06-16,32.689,49.728,45.5,31.8,27.875,957.0,2.752,1
2024-06-17,33.518,50.596,46.3,33.5,25.625,945.0,2.663,1
2024-06-18,33.693,50.133,45.7,34.6,28.708,952.0,3.115,1
2024-06-19,33.542,48.868,44.7,34.6,32.083,945.0,2.453,1
2024-06-20,32.731,46.183,42.1,30.4,48.292,902.0,1.325,1
2024-06-21,31.995,42.44,38.7,28.7,66.083,845.0,1.532,1
2024-06-22,31.238,41.524,37.8,29.5,64.542,761.0,1.568,1
2024-06-23,31.563,40.199,36.0,30.1,63.625,805.0,2.477,1
2024-06-24,30.981,38.825,34.1,29.2,75.792,751.0,1.732,1
2024-06-25,31.101,39.063,35.1,28.0,73.792,734.0,2.128,1
2024-06-26,29.133,34.808,31.6,27.9,79.958,456.0,2.276,1
2024-06-27,29.773,36.067,32.2,27.4,83.0,584.0,2.16,1
2024-06-28,28.506,34.259,30.7,27.5,83.75,375.0,1.664,1
2024-06-29,29.393,35.95,31.6,27.4,83.542,495.0,1.295,1
2024-06-30,30.816,39.436,34.2,27.2,80.0,540.0,0.85,1
2024-07-01,29.7,36.733,32.1,27.6,81.583,429.0,0.932,1
2024-07-02,28.956,36.122,32.3,27.0,79.792,479.0,0.679,1
2024-07-03,30.375,37.513,33.7,27.4,78.292,678.0,2.27,1
2024-07-04,28.704,33.906,31.6,27.0,84.833,441.0,2.859,1
2024-07-05,29.24,35.314,31.0,26.8,85.417,619.0,2.539,1
2024-07-06,29.054,35.682,30.9,26.2,85.208,632.0,1.665,1
2024-07-07,29.55,36.687,33.3,26.4,75.583,730.0,2.022,1
2024-07-08,28.571,34.126,30.7,25.7,85.208,460.0,1.703,1
2024-07-09,29.227,35.664,31.4,26.4,83.75,561.0,1.551,1
2024-07-10,30.627,38.808,33.7,27.5,80.375,716.0,1.28,1
2024-07-11,31.418,40.883,35.4,27.7,75.375,788.0,1.001,1
2024-07-12,32.747,42.945,37.2,28.2,74.833,838.0,1.584,1
2024-07-13,29.589,37.597,33.6,26.4,76.917,643.0,1.255,1
2024-07-14,30.242,38.288,34.1,27.0,76.542,660.0,1.437,1
2024-07-15,29.891,35.853,32.2,27.1,81.0,586.0,2.421,1
2024-07-16,30.981,39.445,34.8,27.8,76.083,686.0,1.643,1
2024-07-17,31.224,39.597,35.2,28.4,74.792,649.0,1.858,1
2024-07-18,30.712,38.687,34.2,28.2,79.083,686.0,1.631,1
2024-07-19,29.197,35.034,31.3,27.7,83.708,398.0,1.833,1
2024-07-20,30.815,38.298,34.0,27.3,79.25,662.0,1.787,1
2024-07-21,30.818,38.735,34.2,28.1,77.417,697.0,1.728,1
2024-07-22,31.128,39.477,34.6,28.7,79.0,569.0,1.677,1
2024-07-23,30.443,38.385,33.5,27.8,80.5,633.0,1.51,1
2024-07-24,29.918,36.949,32.4,27.3,81.542,631.0,1.597,1
2024-07-25,30.379,38.016,33.3,27.6,79.875,656.0,1.358,1
2024-07-26,29.621,36.516,33.1,27.8,80.417,452.0,1.449,1
2024-07-27,31.515,40.112,35.2,28.5,77.042,671.0,1.522,1
2024-07-28,30.521,37.684,34.2,29.7,77.917,497.0,1.998,1
2024-07-29,31.453,39.278,34.8,29.6,73.25,609.0,2.152,1
2024-07-30,31.759,40.423,35.1,28.4,76.708,741.0,1.498,1
2024-07-31,29.497,36.113,32.1,28.0,81.875,468.0,1.42,1
2024-08-01,27.969,34.203,30.3,26.8,85.875,251.0,0.932,1
2024-08-02,29.642,36.102,33.6,26.2,78.583,626.0,2.213,1
2024-08-03,30.161,37.788,35.8,26.3,71.667,781.0,2.878,1
2024-08-04,29.083,35.337,33.5,28.0,73.833,482.0,2.453,1
2024-08-05,28.684,33.383,31.3,27.3,76.958,503.0,3.34,1
2024-08-06,29.304,36.332,33.1,27.2,76.0,651.0,2.236,1
2024-08-07,26.478,30.746,27.6,26.6,88.625,103.0,1.613,1
2024-08-08,28.881,34.589,31.6,26.3,83.75,525.0,2.288,1
2024-08-09,29.216,35.388,31.6,26.3,84.375,517.0,2.082,1
2024-08-10,28.635,34.83,31.1,26.2,84.708,456.0,1.708,1
2024-08-11,28.369,34.314,30.5,26.0,86.833,521.0,1.874,1
2024-08-12,28.099,33.372,30.0,25.9,87.042,413.0,2.036,1
2024-08-13,29.414,36.392,31.9,26.0,85.125,667.0,1.68,1
2024-08-14,29.226,35.173,31.3,26.4,86.458,540.0,1.999,1
2024-08-15,28.677,34.862,30.9,26.5,86.583,458.0,1.77,1
2024-08-16,29.556,35.519,32.3,26.5,82.5,642.0,2.542,1
2024-08-17,29.363,37.014,31.9,26.3,84.208,618.0,1.074,1
2024-08-18,30.361,38.613,33.5,26.2,80.792,720.0,0.885,1
2024-08-19,29.356,36.688,32.2,26.5,83.333,572.0,0.862,1
2024-08-20,28.474,35.293,30.8,26.2,85.5,409.0,0.91,1
2024-08-21,29.701,37.817,33.2,25.9,80.042,663.0,0.914,1
2024-08-22,29.553,37.782,33.0,26.2,81.5,691.0,1.087,1
2024-08-23,29.007,36.162,31.7,26.1,82.875,542.0,1.124,1
2024-08-24,29.336,36.129,32.9,26.0,82.083,542.0,1.791,1
2024-08-25,29.732,36.202,34.1,27.3,72.958,724.0,2.658,1
2024-08-26,29.175,34.373,32.4,26.6,77.75,685.0,3.258,1
2024-08-27,28.607,34.281,32.0,25.6,80.542,659.0,2.668,1
2024-08-28,27.929,33.627,30.1,25.8,83.25,466.0,1.753,1
2024-08-29,29.669,36.579,32.9,25.8,81.458,731.0,1.73,1
2024-08-30,29.576,37.901,32.9,26.1,82.542,710.0,0.933,1
2024-08-31,30.255,39.199,34.0,26.8,77.208,784.0,0.874,1
2024-09-01,30.92,40.11,35.2,27.7,77.625,786.0,1.374,1
2024-09-02,29.404,36.36,32.2,26.3,83.625,573.0,1.652,1
2024-09-03,29.479,36.502,31.4,26.3,84.625,670.0,1.587,1
2024-09-04,28.152,34.559,30.6,26.1,83.583,408.0,0.958,1
2024-09-05,28.735,36.232,31.5,25.7,84.292,626.0,1.023,1
2024-09-06,26.883,31.566,28.2,25.5,89.458,303.0,1.605,1
2024-09-07,28.413,35.227,30.5,25.6,84.75,570.0,1.037,1
2024-09-08,29.496,37.287,32.4,26.5,84.417,661.0,0.749,1
2024-09-09,29.729,37.684,32.2,26.6,85.167,610.0,0.677,1
2024-09-10,29.091,35.867,31.3,26.6,86.083,564.0,1.112,1
2024-09-11,27.108,31.406,28.7,26.0,89.0,323.0,2.044,1
2024-09-12,25.536,28.031,26.3,23.7,90.833,131.0,3.333,1
2024-09-13,26.452,30.831,28.4,23.6,89.75,148.0,2.755,1
2024-09-14,28.572,35.901,31.7,23.3,83.042,711.0,1.008,1
2024-09-15,28.499,35.089,31.4,24.0,80.583,710.0,1.372,1
2024-09-16,29.224,37.083,34.0,25.2,68.708,824.0,1.399,1
2024-09-17,28.976,37.673,33.7,26.0,69.958,701.0,0.99,1
2024-09-18,26.463,31.325,28.9,23.3,87.375,281.0,1.473,1
2024-09-19,27.565,33.288,29.6,23.0,86.792,541.0,1.664,1
2024-09-20,29.2,37.601,33.5,24.6,77.333,706.0,0.747,1
2024-09-21,29.187,37.683,34.2,26.4,69.375,696.0,0.832,1
2024-09-22,30.307,39.739,35.5,26.9,69.125,790.0,0.985,1
2024-09-23,30.225,39.888,35.7,26.6,70.292,773.0,1.034,1
2024-09-24,30.462,40.107,35.9,27.0,69.625,769.0,0.922,1
2024-09-25,29.428,35.67,31.8,26.5,80.792,610.0,1.982,1
2024-09-26,28.627,33.999,31.4,25.7,80.417,661.0,2.428,1
2024-09-27,27.647,34.289,31.3,25.3,73.958,569.0,2.198,1
2024-09-28,28.305,35.649,32.9,23.9,72.125,703.0,1.489,1
2024-09-29,27.903,35.439,32.5,23.5,73.875,655.0,1.178,1
2024-09-30,29.133,36.929,34.0,25.2,70.667,747.0,1.321,1
2024-10-01,29.469,37.407,34.6,24.9,67.917,822.0,1.369,1
2024-10-02,30.237,39.323,36.0,26.7,63.875,828.0,1.181,1
2024-10-03,30.71,40.745,36.3,26.3,64.0,824.0,0.786,1
2024-10-04,30.333,40.29,35.9,25.3,68.625,825.0,1.002,1
2024-10-05,29.859,39.047,35.0,25.9,73.583,805.0,0.983,1
2024-10-06,29.184,38.471,34.5,25.1,69.083,775.0,0.741,1
2024-10-07,28.387,37.552,34.4,23.6,63.958,813.0,0.972,1
2024-10-08,28.026,37.119,33.9,22.7,70.708,770.0,1.18,1
2024-10-09,27.557,36.254,33.5,21.6,65.625,801.0,1.19,1
2024-10-10,26.245,35.371,33.6,21.2,57.375,817.0,1.394,1
2024-10-11,25.949,35.009,33.2,20.3,53.25,819.0,1.231,1
2024-10-12,26.066,36.041,33.3,21.2,55.417,821.0,0.909,1
2024-10-13,25.863,36.721,34.2,22.4,51.25,807.0,1.077,1
2024-10-14,26.06,35.846,33.9,21.6,50.375,809.0,1.27,1
2024-10-15,25.518,34.534,33.0,20.1,49.667,804.0,1.418,1
2024-10-16,26.235,36.439,34.1,20.8,50.167,774.0,0.995,1
2024-10-17,27.158,37.564,34.7,20.7,58.875,786.0,1.014,1
2024-10-18,27.653,38.199,35.6,20.9,59.542,778.0,1.187,1
2024-10-19,27.929,38.35,35.9,21.7,59.042,773.0,1.165,1
2024-10-20,27.957,37.381,34.6,21.5,64.792,769.0,1.567,1
2024-10-21,27.761,36.89,33.3,21.8,69.875,750.0,1.05,1
2024-10-22,27.066,35.564,32.5,22.1,68.5,686.0,1.01,1
2024-10-23,26.333,33.677,32.1,19.9,65.5,760.0,1.571,1
2024-10-24,26.501,34.816,33.1,19.1,65.042,766.0,1.526,1
2024-10-25,25.848,33.853,32.5,19.0,62.458,766.0,1.546,1
2024-10-26,25.565,33.85,32.4,19.3,61.375,765.0,1.369,1
2024-10-27,26.804,35.606,32.5,20.9,65.958,743.0,0.928,1
2024-10-28,26.744,34.949,32.2,21.4,66.333,717.0,1.079,1
2024-10-29,26.982,36.255,33.3,21.0,65.208,739.0,0.906,1
2024-10-30,27.81,37.086,34.6,21.5,64.792,729.0,1.042,1
2024-10-31,27.583,35.433,34.0,20.9,62.583,731.0,1.777,1
2024-11-01,24.883,33.144,32.1,18.1,54.0,756.0,1.476,1
2024-11-02,23.931,34.523,32.6,19.4,47.917,743.0,0.872,1
2024-11-03,24.339,33.793,31.7,17.1,57.625,736.0,0.881,1
2024-11-04,24.169,33.151,30.8,17.1,58.375,729.0,0.742,1
2024-11-05,24.522,32.137,29.8,17.4,71.792,715.0,1.111,1
2024-11-06,25.146,33.18,30.4,17.2,73.125,690.0,0.569,1
2024-11-07,25.052,33.018,30.4,19.1,67.583,666.0,0.783,1
2024-11-08,25.183,33.39,30.6,19.0,69.958,688.0,0.696,1
2024-11-09,25.285,33.455,31.1,19.2,69.625,656.0,0.97,1
2024-11-10,25.403,33.485,30.9,19.2,71.708,631.0,0.974,1
2024-11-11,25.152,32.958,30.6,20.1,72.833,631.0,0.954,1
2024-11-12,25.316,33.487,31.1,19.6,67.583,653.0,1.103,1
2024-11-13,24.096,30.465,28.8,17.3,72.583,691.0,1.247,1
2024-11-14,23.642,30.829,28.3,17.8,70.583,689.0,1.014,1
2024-11-15,23.131,29.443,28.0,17.6,74.708,684.0,1.21,1
2024-11-16,22.634,27.585,26.5,16.6,76.542,660.0,1.329,1
2024-11-17,22.147,27.848,26.4,16.4,72.833,672.0,1.379,1
2024-11-18,20.437,26.483,24.5,15.1,68.625,647.0,1.086,1
2024-11-19,20.49,26.46,25.0,15.6,67.458,671.0,1.261,1
2024-11-20,18.969,25.804,24.5,12.2,60.708,692.0,1.088,1
2024-11-21,19.136,26.246,24.7,13.1,58.958,690.0,1.07,1
2024-11-22,19.925,27.379,25.5,12.7,63.292,677.0,0.901,1
2024-11-23,20.852,29.016,26.9,12.3,67.792,667.0,0.642,1
2024-11-24,21.107,28.232,27.4,14.4,64.208,666.0,1.211,1
2024-11-25,21.084,26.113,25.9,13.8,66.208,670.0,1.599,1
2024-11-26,19.916,25.432,25.0,13.3,66.125,667.0,1.467,1
2024-11-27,19.161,26.4,25.1,13.9,56.125,671.0,0.962,1
2024-11-28,19.405,26.163,24.9,11.4,61.458,669.0,0.742,1
2024-11-29,19.155,26.674,24.7,11.2,63.875,665.0,0.737,1
2024-11-30,20.127,25.122,24.7,11.4,68.125,649.0,1.32,1
2024-12-01,20.142,25.33,24.7,12.7,69.125,641.0,1.29,1
2024-12-02,19.522,26.373,25.7,12.3,60.667,655.0,1.216,1
2024-12-03,20.565,26.713,26.3,12.7,64.25,645.0,1.456,1
2024-12-04,19.602,25.333,26.0,12.8,57.875,650.0,1.916,1
2024-12-05,17.101,22.876,23.1,10.9,52.667,666.0,1.529,1
2024-12-06,16.557,22.67,23.2,9.5,53.125,662.0,1.486,1
2024-12-07,16.257,24.798,22.6,9.9,52.708,661.0,0.878,1
2024-12-08,16.307,20.742,21.0,9.2,63.792,426.0,1.806,1
2024-12-09,16.539,23.164,21.2,9.0,74.75,633.0,1.199,1
2024-12-10,15.185,19.699,20.6,8.6,60.083,653.0,1.668,1
2024-12-11,14.068,19.661,20.0,6.9,50.25,664.0,1.545,1
2024-12-12,15.398,19.866,20.8,6.6,59.083,656.0,1.602,1
2024-12-13,14.792,18.758,20.9,7.0,58.583,664.0,2.24,1
2024-12-14,15.404,21.057,21.5,7.3,55.75,656.0,1.855,1
2024-12-15,16.175,23.417,22.0,8.1,54.833,650.0,0.891,1
2024-12-16,16.971,24.157,22.0,7.2,66.208,648.0,0.637,1
2024-12-17,17.24,24.035,22.1,6.8,75.417,648.0,0.932,1
2024-12-18,16.119,22.215,21.6,6.1,69.458,653.0,1.238,1
2024-12-19,16.851,22.09,21.2,7.6,74.25,643.0,1.129,1
2024-12-20,18.033,23.955,22.5,9.7,72.875,614.0,1.16,1
2024-12-21,16.901,22.598,21.8,8.0,68.0,640.0,1.188,1
2024-12-22,17.639,24.007,22.4,9.8,69.833,643.0,1.046,1
2024-12-23,13.289,15.629,15.0,9.9,81.458,196.0,1.438,1
2024-12-24,16.733,22.504,20.4,8.8,73.5,539.0,1.04,1
2024-12-25,17.479,22.753,21.2,10.3,73.792,606.0,1.115,1
2024-12-26,18.04,24.706,21.7,9.9,75.0,634.0,0.763,1
2024-12-27,15.658,18.537,17.7,14.2,80.542,198.0,1.434,1
2024-12-28,16.022,19.1,17.9,13.6,88.292,264.0,0.924,1
2024-12-29,16.58,19.71,19.1,12.1,86.625,431.0,1.56,1
2024-12-30,16.291,19.279,18.7,9.8,85.833,615.0,1.627,1
2024-12-31,14.44,18.887,16.5,9.7,86.208,506.0,1.03,1
2025-01-01,14.616,18.064,16.9,8.8,82.542,601.0,1.486,1
2025-01-02,16.219,19.668,18.8,9.0,84.417,583.0,1.854,1
2025-01-03,16.925,21.925,19.6,9.0,86.125,619.0,1.415,1
2025-01-04,17.415,23.242,19.8,8.9,89.333,640.0,1.104,1
2025-01-05,16.655,20.944,18.4,10.2,89.667,619.0,1.45,1
2025-01-06,15.36,19.856,17.9,10.0,87.083,569.0,1.173,1
2025-01-07,16.477,18.276,18.7,10.3,85.417,626.0,2.332,1
2025-01-08,15.552,19.198,18.6,9.5,79.542,655.0,1.685,1
2025-01-09,15.117,22.148,18.7,8.8,76.667,663.0,0.612,1
2025-01-10,15.74,21.433,19.0,7.9,80.542,662.0,1.124,1
2025-01-11,14.389,17.92,16.2,8.0,87.75,354.0,1.75,1
2025-01-12,16.007,20.782,18.5,11.4,86.75,455.0,1.159,1
2025-01-13,15.552,19.677,18.2,10.5,87.5,548.0,1.459,1
2025-01-14,15.943,21.957,19.0,9.1,79.125,676.0,1.049,1
2025-01-15,16.028,20.999,19.2,8.9,80.083,623.0,0.878,1
2025-01-16,16.389,22.164,19.3,12.5,82.833,510.0,1.173,1
2025-01-17,16.596,20.372,19.2,9.5,83.083,687.0,1.556,1
2025-01-18,14.311,19.49,16.7,9.3,85.875,507.0,0.823,1
2025-01-19,17.67,22.88,20.5,8.3,84.625,662.0,0.847,1
2025-01-20,19.179,23.004,21.9,12.0,80.458,670.0,1.869,1
2025-01-21,17.643,22.536,22.4,10.9,69.292,672.0,1.743,1
2025-01-22,17.924,25.272,23.1,10.8,68.167,671.0,1.002,1
2025-01-23,18.819,23.925,22.5,13.6,72.417,599.0,1.29,1
2025-01-24,16.689,20.407,21.3,9.4,65.708,711.0,2.01,1
2025-01-25,16.026,21.453,21.3,9.1,58.5,722.0,1.86,1
2025-01-26,16.654,23.115,21.9,8.5,59.0,727.0,1.338,1
2025-01-27,16.519,22.824,21.9,8.4,61.5,729.0,1.32,1
2025-01-28,17.047,23.507,22.0,8.1,66.917,728.0,1.128,1
2025-01-29,18.908,24.305,23.3,9.8,69.583,719.0,1.678,1
2025-01-30,19.891,26.159,23.9,10.1,76.542,709.0,1.245,1
2025-01-31,20.556,27.386,25.6,12.4,70.542,715.0,1.377,1
2025-02-01,19.037,23.861,22.5,12.9,77.042,676.0,1.5,1
2025-02-02,18.105,22.575,22.6,11.1,69.667,738.0,1.835,1
2025-02-03,17.568,23.969,22.1,9.1,66.292,741.0,1.215,1
2025-02-04,18.719,24.132,21.8,14.5,73.458,463.0,0.62,1
2025-02-05,17.111,21.762,22.3,12.6,67.167,755.0,1.925,1
2025-02-06,15.994,18.905,21.8,9.9,56.458,770.0,2.527,1
2025-02-07,15.679,19.668,21.0,9.0,56.625,770.0,2.422,1
2025-02-08,17.464,22.978,23.1,10.2,57.042,754.0,1.728,1
2025-02-09,18.636,26.51,25.6,11.6,53.833,761.0,1.137,1
2025-02-10,19.496,26.984,25.4,12.2,62.958,742.0,1.05,1
2025-02-11,21.073,29.072,27.1,12.1,59.708,757.0,1.042,1
2025-02-12,19.428,25.171,25.6,11.6,57.083,781.0,1.95,1
2025-02-13,17.948,23.239,24.3,9.9,52.833,789.0,2.209,1
2025-02-14,18.068,24.13,25.0,10.2,53.792,773.0,1.997,1
2025-02-15,18.716,25.722,24.9,12.1,50.125,750.0,1.082,1
2025-02-16,19.322,26.447,23.8,12.4,63.083,725.0,1.065,1
2025-02-17,20.105,28.239,26.4,11.9,61.583,795.0,1.108,1
2025-02-18,20.353,27.901,26.5,13.4,56.208,791.0,1.199,1
2025-02-19,19.635,26.357,25.0,12.4,59.667,687.0,1.363,1
2025-02-20,19.157,21.647,21.9,15.4,79.667,713.0,2.506,1
2025-02-21,19.932,26.72,24.6,13.4,68.583,742.0,1.383,1
2025-02-22,19.129,24.745,24.8,13.1,62.25,805.0,1.919,1
2025-02-23,19.805,26.3,24.5,12.3,64.167,820.0,1.317,1
2025-02-24,19.906,27.012,24.8,13.6,62.833,819.0,1.13,1
2025-02-25,20.666,28.654,25.6,13.3,67.708,784.0,0.923,1
2025-02-26,23.358,31.008,28.6,15.5,65.958,777.0,0.998,1
2025-02-27,19.422,21.672,21.2,16.9,83.042,351.0,1.83,1
2025-02-28,19.109,22.31,21.4,16.3,82.625,375.0,2.107,1
2025-03-01,20.933,26.405,23.5,16.4,80.458,478.0,1.445,1
2025-03-02,20.483,26.966,26.6,15.3,60.25,847.0,1.85,1
2025-03-03,19.595,28.988,27.0,13.3,50.208,836.0,1.235,1
2025-03-04,21.097,26.484,25.6,14.4,62.083,846.0,2.038,1
2025-03-05,17.13,21.729,24.0,11.7,53.917,886.0,3.278,1
2025-03-06,19.186,26.091,26.5,11.5,47.292,876.0,2.409,1
2025-03-07,20.705,29.125,28.4,12.8,48.625,869.0,1.519,1
2025-03-08,21.589,29.645,28.4,12.1,58.75,879.0,1.463,1
2025-03-09,22.39,32.476,30.2,15.7,51.833,866.0,1.034,1
2025-03-10,24.121,32.5,30.8,15.8,59.583,838.0,1.516,1
2025-03-11,24.895,33.683,31.1,18.6,57.792,831.0,1.348,1
2025-03-12,24.539,33.335,31.9,16.4,56.583,863.0,1.69,1
2025-03-13,24.159,32.771,30.6,18.2,61.417,766.0,0.937,1
2025-03-14,25.402,34.438,31.5,18.6,60.167,812.0,0.95,1
2025-03-15,24.641,31.531,30.0,19.5,61.292,705.0,2.074,1
2025-03-16,23.245,30.752,28.9,17.0,65.375,851.0,1.836,1
2025-03-17,21.968,29.346,28.4,16.0,58.208,894.0,1.705,1
2025-03-18,22.038,30.066,28.2,15.3,56.5,905.0,1.52,1
2025-03-19,23.502,31.788,29.7,16.8,55.208,901.0,1.315,1
2025-03-20,24.377,32.866,30.5,17.3,57.5,802.0,1.372,1
2025-03-21,23.303,31.827,30.8,16.6,53.167,907.0,1.676,1
2025-03-22,22.701,31.906,30.2,15.8,49.792,915.0,1.421,1
2025-03-23,23.628,33.577,30.7,17.7,50.917,914.0,0.883,1
2025-03-24,24.709,35.393,32.5,17.8,47.208,918.0,0.864,1
2025-03-25,25.675,37.49,34.8,18.0,44.792,922.0,0.937,1
2025-03-26,26.245,39.879,37.2,19.0,39.083,925.0,1.119,1
2025-03-27,25.808,38.159,36.3,21.2,39.708,856.0,1.605,1
2025-03-28,22.137,32.085,31.4,17.2,37.042,960.0,2.698,1
2025-03-29,19.988,28.696,29.2,13.8,36.625,945.0,2.69,1
2025-03-30,21.39,32.298,31.3,15.1,36.833,965.0,1.923,1
2025-03-31,22.933,34.718,33.2,16.8,34.375,964.0,1.596,1
2025-04-01,22.627,34.586,33.3,17.2,34.708,971.0,1.669,1
2025-04-02,23.847,36.478,34.4,19.5,31.292,968.0,1.091,1
2025-04-03,24.679,37.033,35.0,20.2,34.375,902.0,1.225,1
2025-04-04,24.929,37.635,35.1,21.5,35.125,952.0,1.138,1
2025-04-05,25.558,36.044,34.5,19.0,41.708,953.0,1.754,1
2025-04-06,26.557,38.67,35.9,21.0,37.708,955.0,1.015,1
2025-04-07,27.83,40.421,37.0,23.0,39.417,945.0,0.937,1
2025-04-08,28.436,40.317,37.0,23.0,45.875,930.0,1.412,1
2025-04-09,29.395,40.661,36.8,22.8,58.792,924.0,1.848,1
2025-04-10,29.465,40.125,36.1,22.7,66.667,924.0,2.058,1
2025-04-11,29.121,38.656,34.6,22.9,71.333,921.0,2.737,1
2025-04-12,27.741,36.851,33.3,22.0,64.125,914.0,2.014,1
2025-04-13,26.622,37.504,34.6,22.7,50.375,885.0,1.554,1
2025-04-14,27.676,39.038,35.9,23.3,49.833,896.0,1.766,1
2025-04-15,27.749,38.838,36.0,23.6,49.208,930.0,1.588,1
2025-04-16,28.776,40.196,37.2,24.1,49.5,939.0,1.132,1
2025-04-17,29.659,42.067,38.6,27.2,46.333,943.0,1.02,1
2025-04-18,31.143,43.928,39.9,24.8,56.542,948.0,1.648,1
2025-04-19,29.95,41.759,38.5,26.1,55.417,945.0,2.514,1
2025-04-20,29.942,39.324,36.8,25.6,56.958,899.0,2.402,1
2025-04-21,30.182,41.28,37.5,25.5,51.25,948.0,1.241,1
2025-04-22,25.589,42.026,39.9,23.7,26.417,1011.0,1.764,1
2025-04-23,26.399,41.073,38.4,22.8,27.958,1007.0,1.421,1
2025-04-24,26.072,41.893,39.5,23.0,23.542,1011.0,1.193,1
2025-04-25,26.985,42.682,40.0,24.7,23.583,1006.0,1.357,1
2025-04-26,27.555,41.718,39.2,26.1,30.542,806.0,0.954,1
2025-04-27,27.845,41.749,38.4,22.8,37.833,976.0,0.885,1
2025-04-28,28.306,41.413,38.7,22.4,42.458,981.0,1.349,1
2025-04-29,29.182,39.933,36.7,24.0,54.375,964.0,2.228,1
2025-04-30,29.111,40.114,36.7,25.0,51.375,946.0,1.948,1
2025-05-01,28.874,38.003,35.4,26.4,53.583,927.0,2.669,1
2025-05-02,28.019,37.909,35.0,25.4,55.167,862.0,1.892,1
2025-05-03,26.978,34.829,30.8,25.2,66.25,788.0,1.56,1
2025-05-04,27.041,32.894,29.6,24.5,77.458,599.0,1.483,1
2025-05-05,27.375,34.406,31.5,23.4,73.125,775.0,2.255,1
2025-05-06,27.709,34.619,31.8,24.8,67.708,862.0,2.177,1
2025-05-07,27.488,35.235,31.8,24.1,70.625,740.0,1.636,1
2025-05-08,28.557,38.002,34.9,25.1,59.875,828.0,1.233,1
2025-05-09,28.35,36.872,33.7,25.0,67.667,730.0,1.118,1
2025-05-10,28.361,37.045,33.0,25.7,66.875,766.0,0.931,1
2025-05-11,29.426,38.522,35.7,24.3,61.667,862.0,1.576,1
2025-05-12,30.626,44.439,41.3,26.6,40.542,931.0,1.941,1
2025-05-13,30.983,44.734,41.2,27.8,37.25,949.0,1.818,1
2025-05-14,30.516,43.695,39.8,27.0,41.375,976.0,1.571,1
2025-05-15,30.996,44.632,40.4,29.0,41.5,979.0,1.193,1
2025-05-16,30.653,43.963,40.3,28.6,38.625,910.0,1.143,1
2025-05-17,31.076,44.987,41.3,27.7,48.125,971.0,1.581,1
2025-05-18,31.975,45.18,41.3,28.5,57.75,965.0,1.994,1
2025-05-19,31.781,42.543,38.2,28.5,60.292,967.0,2.482,1
2025-05-20,32.076,42.51,37.5,26.9,63.75,936.0,1.99,1
2025-05-21,31.872,42.348,37.7,27.7,62.458,914.0,2.525,1
2025-05-22,32.457,43.036,38.1,28.4,61.333,893.0,2.445,1
2025-05-23,31.556,42.302,38.4,26.9,60.708,953.0,2.536,1
2025-05-24,30.849,39.851,36.3,26.8,65.625,952.0,2.797,1
2025-05-25,30.115,39.068,35.3,27.0,63.958,911.0,2.191,1
2025-05-26,30.185,39.343,34.6,27.5,66.875,886.0,1.315,1
2025-05-27,30.083,38.667,34.2,27.4,71.208,848.0,1.554,1
2025-05-28,31.071,41.051,35.7,28.0,68.75,886.0,1.262,1
2025-05-29,32.112,42.683,37.1,28.3,64.75,917.0,1.406,1
2025-05-30,30.398,38.332,35.7,27.4,68.917,631.0,1.498,1
2025-05-31,32.026,42.877,37.7,27.6,62.708,953.0,1.924,1
2025-06-01,30.25,40.812,36.6,27.0,56.5,890.0,1.652,1
2025-06-02,29.033,38.806,34.8,25.2,56.125,867.0,1.359,1
2025-06-03,28.165,37.155,33.3,25.2,72.125,845.0,1.492,1
2025-06-04,27.744,37.19,33.4,23.6,67.417,860.0,1.341,1
2025-06-05,28.74,38.361,34.4,24.7,65.375,947.0,1.34,1
2025-06-06,28.976,40.406,36.8,26.7,53.958,957.0,1.053,1
2025-06-07,30.081,42.045,38.2,26.4,52.833,945.0,1.09,1
2025-06-08,31.563,44.059,39.9,28.0,51.75,961.0,1.466,1
2025-06-09,32.386,45.087,41.5,29.2,46.375,960.0,2.522,1
2025-06-10,31.084,44.527,41.1,28.0,38.5,970.0,1.976,1
2025-06-11,33.046,45.685,41.2,30.0,53.083,942.0,1.241,1
2025-06-12,33.204,45.523,41.1,29.7,56.458,939.0,2.21,1
2025-06-13,32.471,42.906,38.5,30.1,63.583,904.0,2.419,1
2025-06-14,32.614,43.093,38.4,29.7,63.5,860.0,1.796,1
2025-06-15,32.128,41.619,37.7,28.7,66.833,854.0,2.19,1
2025-06-16,27.781,32.56,29.4,27.0,84.542,314.0,2.381,1
2025-06-17,29.29,35.895,31.6,27.0,83.208,471.0,2.052,1
2025-06-18,28.091,33.873,30.4,25.9,84.125,410.0,1.706,1
2025-06-19,29.704,37.081,33.0,26.6,80.708,633.0,1.597,1
2025-06-20,29.8,37.409,34.0,27.1,77.042,652.0,1.879,1
2025-06-21,30.462,38.91,35.6,27.4,68.708,761.0,1.988,1
2025-06-22,29.144,35.757,31.8,27.8,79.458,498.0,1.57,1
2025-06-23,30.387,38.669,34.6,27.6,73.5,684.0,1.451,1
2025-06-24,30.718,39.612,35.8,27.6,69.375,734.0,1.586,1
2025-06-25,29.667,36.999,33.8,27.6,73.292,610.0,1.962,1
2025-06-26,30.353,37.628,34.2,27.6,73.375,721.0,2.32,1
2025-06-27,30.422,37.911,35.0,27.7,69.542,709.0,2.298,1
2025-06-28,29.509,36.866,33.7,27.6,72.292,550.0,1.713,1
2025-06-29,28.522,35.493,32.0,27.0,81.292,376.0,0.934,1
2025-06-30,27.968,34.062,30.0,26.1,84.792,475.0,1.497,1
2025-07-01,28.896,34.893,32.6,25.9,79.458,553.0,2.22,1
2025-07-02,30.134,36.76,32.7,27.4,79.333,726.0,2.075,1
2025-07-03,29.238,35.054,31.9,26.9,82.0,576.0,2.303,1
2025-07-04,30.257,37.903,33.7,27.0,76.333,683.0,1.742,1
2025-07-05,30.974,39.652,35.2,27.3,73.25,666.0,1.049,1
2025-07-06,30.102,38.086,33.4,27.5,75.75,612.0,1.07,1
2025-07-07,29.43,36.816,32.0,26.9,81.125,558.0,1.255,1
2025-07-08,28.589,35.562,31.0,26.8,81.917,529.0,0.688,1
2025-07-09,29.034,36.109,31.7,26.9,83.667,459.0,1.237,1
2025-07-10,27.356,33.427,29.7,26.5,84.167,283.0,1.372,1
2025-07-11,26.957,32.638,29.0,26.1,87.167,249.0,1.009,1
2025-07-12,29.412,36.744,32.7,26.5,81.458,586.0,1.091,1
2025-07-13,29.082,34.303,31.1,26.8,85.167,523.0,1.768,1
2025-07-14,28.633,33.162,31.2,26.1,83.667,499.0,3.377,1
2025-07-15,28.527,32.903,30.8,25.8,84.5,492.0,3.213,1
2025-07-16,28.91,34.965,31.5,25.8,84.0,502.0,2.113,1
2025-07-17,28.304,33.614,31.6,26.6,79.083,467.0,2.005,1
2025-07-18,28.287,32.791,30.5,26.9,81.917,400.0,2.754,1
2025-07-19,29.507,36.395,33.9,26.1,75.083,674.0,2.485,1
2025-07-20,29.857,38.008,34.4,26.9,72.667,738.0,1.523,1
2025-07-21,29.268,37.142,32.6,27.3,78.625,543.0,1.335,1
2025-07-22,29.019,36.323,31.5,27.1,85.667,437.0,0.988,1
2025-07-23,28.269,34.619,29.6,27.2,89.625,301.0,0.716,1
2025-07-24,29.578,36.538,32.3,26.9,84.5,601.0,1.216,1
2025-07-25,31.074,39.747,34.8,27.6,77.75,691.0,1.396,1
2025-07-26,30.738,39.285,34.3,27.6,77.5,704.0,1.439,1
2025-07-27,30.434,38.191,35.1,27.7,70.583,778.0,2.458,1
2025-07-28,30.068,38.013,32.9,28.1,81.167,596.0,1.262,1
2025-07-29,27.021,31.242,28.1,26.8,90.75,134.0,1.728,1
2025-07-30,28.511,33.526,30.6,26.1,85.542,463.0,2.194,1
2025-07-31,29.038,34.782,30.8,26.6,86.875,540.0,2.253,1
2025-08-01,26.679,30.703,27.7,25.9,91.375,233.0,1.795,1
2025-08-02,28.658,34.842,30.8,26.2,85.583,581.0,1.537,1
2025-08-03,28.406,34.429,30.3,26.2,86.458,459.0,1.223,1
2025-08-04,27.59,33.516,29.3,26.0,88.083,345.0,1.539,1
2025-08-05,26.625,30.165,28.0,25.4,88.958,140.0,1.911,1
2025-08-06,29.799,38.457,34.2,26.9,72.333,757.0,1.538,1
2025-08-07,30.625,39.225,35.9,27.8,66.875,833.0,1.776,1
2025-08-08,30.378,39.061,35.0,27.8,69.5,709.0,1.767,1
2025-08-09,28.201,34.173,30.1,26.5,86.333,431.0,1.918,1
2025-08-10,29.308,36.893,32.2,26.4,82.208,607.0,1.254,1
2025-08-11,29.314,36.773,32.3,27.4,81.75,484.0,0.881,1
2025-08-12,28.964,35.522,32.2,27.4,77.875,510.0,1.381,1
2025-08-13,29.484,36.961,33.4,27.4,75.917,664.0,1.424,1
2025-08-14,27.213,32.274,29.2,26.3,88.375,247.0,1.7,1
2025-08-15,28.828,35.752,31.1,26.0,86.167,595.0,1.409,1
2025-08-16,29.333,36.686,31.5,26.8,86.125,543.0,1.021,1
2025-08-17,30.356,38.158,33.2,27.2,84.458,702.0,1.438,1
2025-08-18,29.678,36.037,32.2,27.2,81.042,607.0,1.921,1
2025-08-19,29.651,36.309,32.4,27.0,82.5,620.0,1.824,1
2025-08-20,29.542,36.177,32.8,26.7,81.583,663.0,2.04,1
2025-08-21,29.388,36.6,32.7,26.4,79.917,675.0,1.748,1
2025-08-22,28.75,35.851,31.6,26.4,81.458,636.0,1.503,1
2025-08-23,28.23,33.716,30.0,25.7,85.833,495.0,1.816,1
2025-08-24,28.661,33.835,31.1,26.0,83.917,528.0,2.456,1
2025-08-25,26.804,31.174,28.2,25.6,89.417,307.0,2.598,1
2025-08-26,27.972,32.211,29.7,25.4,87.625,457.0,2.68,1
2025-08-27,29.284,36.373,32.1,25.4,84.875,682.0,1.681,1
2025-08-28,28.566,34.847,30.9,25.9,85.875,518.0,1.564,1
2025-08-29,27.315,31.703,28.7,25.9,89.625,323.0,1.735,1
2025-08-30,28.263,33.86,30.4,25.7,87.625,455.0,1.812,1
2025-08-31,25.936,29.521,26.8,25.1,92.958,164.0,1.956,1
2025-09-01,26.116,29.514,27.0,25.0,91.833,211.0,2.236,1
2025-09-02,26.896,30.767,28.0,24.7,91.625,296.0,2.129,1
2025-09-03,27.375,31.573,28.8,24.0,91.125,434.0,2.112,1
2025-09-04,27.924,33.317,29.5,25.1,88.875,490.0,1.607,1
2025-09-05,27.968,32.96,29.9,26.0,86.792,397.0,2.235,1
2025-09-06,28.152,32.732,30.3,25.4,87.5,539.0,2.492,1
2025-09-07,28.254,33.499,30.6,25.3,86.125,604.0,2.375,1
2025-09-08,28.394,35.319,31.7,25.2,80.542,610.0,1.611,1
2025-09-09,29.989,38.428,34.0,25.8,73.75,693.0,1.296,1
2025-09-10,29.757,37.339,34.6,27.1,68.417,728.0,2.438,1
2025-09-11,28.972,36.523,33.8,26.1,65.583,746.0,2.396,1
2025-09-12,28.969,37.866,34.5,25.2,66.542,804.0,1.629,1
2025-09-13,28.581,36.069,32.7,26.8,74.25,651.0,1.139,1
2025-09-14,29.879,38.368,33.7,26.3,80.958,681.0,0.948,1
2025-09-15,29.808,38.345,34.0,25.4,77.667,655.0,1.272,1
2025-09-16,29.193,36.224,32.0,26.1,82.5,599.0,1.83,1
2025-09-17,28.594,35.22,31.6,25.4,78.75,638.0,1.835,1
2025-09-18,28.718,36.622,33.1,25.9,73.208,683.0,1.643,1
2025-09-19,29.147,37.142,32.7,25.9,76.833,684.0,1.215,1
2025-09-20,29.727,37.655,33.9,26.8,71.625,764.0,1.262,1
2025-09-21,29.771,38.416,35.4,26.4,62.083,858.0,1.641,1
2025-09-22,29.753,38.882,36.1,27.0,62.792,865.0,1.717,1
2025-09-23,29.03,38.203,35.5,24.9,59.875,865.0,1.911,1
2025-09-24,29.081,37.776,35.2,25.0,60.375,866.0,1.997,1
2025-09-25,29.137,38.132,35.0,24.4,62.167,861.0,1.595,1
2025-09-26,29.748,38.259,35.0,25.0,64.208,856.0,1.423,1
2025-09-27,29.802,39.637,35.5,26.2,64.667,839.0,0.857,1
2025-09-28,29.704,37.136,33.8,26.9,73.542,687.0,1.377,1
2025-09-29,29.839,37.812,33.2,26.8,76.167,721.0,1.343,1
2025-09-30,26.855,31.854,28.2,25.7,85.5,368.0,1.415,1
2025-10-01,29.513,39.372,35.6,24.6,72.0,730.0,1.318,1
2025-10-02,27.953,35.496,31.6,24.5,78.25,684.0,1.122,1
2025-10-03,28.439,36.799,33.4,24.2,70.542,745.0,1.24,1
2025-10-04,28.335,37.076,35.1,25.6,58.708,714.0,1.822,1
2025-10-05,27.618,37.844,35.8,24.8,55.0,768.0,1.718,1
2025-10-06,24.443,29.173,27.1,21.1,79.792,490.0,2.295,1
2025-10-07,24.708,30.506,26.6,20.5,87.083,550.0,0.99,1
2025-10-08,23.39,29.064,25.5,19.6,85.917,436.0,1.165,1
2025-10-09,24.233,29.877,27.7,18.9,77.333,711.0,1.65,1
2025-10-10,23.728,31.22,28.1,18.3,70.167,761.0,1.308,1
2025-10-11,24.02,31.532,29.3,18.4,67.25,751.0,1.272,1
2025-10-12,24.716,32.115,30.3,19.2,64.25,754.0,1.672,1
2025-10-13,24.415,33.575,31.4,19.2,56.292,752.0,1.266,1
2025-10-14,24.175,34.189,32.1,19.7,50.958,749.0,0.86,1
2025-10-15,23.548,33.868,32.0,21.0,47.042,752.0,0.93,1
2025-10-16,23.663,33.721,31.8,19.0,47.667,746.0,1.219,1
2025-10-17,25.402,34.838,32.4,19.7,52.292,726.0,0.95,1
2025-10-18,25.78,35.39,32.9,20.7,55.083,714.0,0.936,1
2025-10-19,25.873,35.941,33.8,21.7,50.417,712.0,0.7,1
2025-10-20,25.422,34.575,33.0,22.5,49.292,664.0,0.832,1
2025-10-21,24.677,32.761,30.8,22.8,58.0,540.0,0.813,1
2025-10-22,25.18,34.328,32.2,21.1,57.292,692.0,1.16,1
2025-10-23,23.724,33.218,32.0,19.7,42.417,712.0,1.434,1
2025-10-24,23.021,33.591,32.0,19.2,42.542,708.0,0.796,1
2025-10-25,23.482,33.423,31.8,19.7,46.208,699.0,1.082,1
2025-10-26,23.466,33.821,32.2,19.9,45.792,699.0,0.611,1
2025-10-27,22.713,30.503,29.4,19.8,51.333,484.0,1.065,1
2025-10-28,23.648,30.326,28.7,20.7,59.917,549.0,1.205,1
2025-10-29,23.936,30.826,30.1,19.3,63.625,533.0,1.047,1
2025-10-30,24.078,30.467,28.1,21.9,72.708,404.0,0.672,1
2025-10-31,25.708,32.734,30.7,20.7,68.458,641.0,1.281,1
2025-11-01,24.356,32.11,31.3,20.3,53.625,658.0,1.71,1
2025-11-02,23.24,30.656,30.8,18.9,49.5,671.0,2.108,1
2025-11-03,22.838,30.857,30.7,17.4,49.0,677.0,1.812,1
2025-11-04,22.688,28.746,27.9,17.7,59.583,581.0,1.49,1
2025-11-05,22.728,30.857,29.2,17.5,60.792,651.0,1.29,1
2025-11-06,19.921,26.894,26.5,14.5,45.667,684.0,2.097,1
2025-11-07,19.956,27.444,27.4,14.2,43.208,669.0,2.043,1
2025-11-08,18.627,27.135,26.9,13.2,41.5,674.0,1.723,1
2025-11-09,19.255,27.349,27.1,13.7,44.167,662.0,1.671,1
2025-11-10,19.083,27.324,26.7,12.9,46.208,656.0,1.26,1
2025-11-11,19.479,26.953,27.3,13.1,45.292,652.0,1.641,1
2025-11-12,20.002,26.254,27.2,13.6,47.083,643.0,2.044,1
2025-11-13,19.278,26.289,26.6,13.1,50.417,639.0,1.716,1
2025-11-14,19.201,26.02,26.2,12.4,50.792,634.0,1.633,1
2025-11-15,19.046,26.358,26.7,12.4,49.208,637.0,1.655,1
2025-11-16,19.359,25.884,26.9,12.1,47.667,629.0,1.75,1
2025-11-17,18.887,26.966,26.2,11.9,48.292,623.0,1.004,1
2025-11-18,20.227,26.341,25.6,12.4,59.917,611.0,0.995,1
2025-11-19,20.201,27.978,26.5,12.8,62.208,603.0,0.629,1
2025-11-20,20.366,28.16,26.5,13.5,63.417,596.0,0.518,1
2025-11-21,20.398,28.089,26.3,14.4,62.792,589.0,0.544,1
2025-11-22,19.508,26.733,25.9,13.9,57.5,597.0,1.202,1
2025-11-23,18.744,25.6,25.2,12.5,53.875,598.0,1.155,1
2025-11-24,18.709,25.933,24.8,12.2,57.167,592.0,1.065,1
2025-11-25,17.739,23.864,23.6,10.9,57.042,595.0,1.398,1
2025-11-26,17.584,24.922,23.8,10.5,58.5,598.0,0.982,1
2025-11-27,17.618,25.558,24.1,10.6,60.5,593.0,0.636,1
2025-11-28,18.334,25.38,25.2,11.2,60.0,581.0,1.393,1
2025-11-29,18.605,24.628,25.4,12.3,52.542,569.0,1.691,1
2025-11-30,16.832,22.31,23.7,11.3,46.917,571.0,1.81,1
2025-12-01,16.633,24.162,23.8,9.8,48.25,586.0,0.935,1
2025-12-02,20.147,26.912,25.3,12.4,56.875,550.0,0.998,1
2025-12-03,16.33,22.42,22.7,10.3,52.333,590.0,1.516,1
2025-12-04,15.735,20.661,21.6,9.4,54.792,586.0,1.768,1
2025-12-05,15.857,22.452,21.9,8.2,54.708,581.0,1.325,1
2025-12-06,17.42,22.215,23.5,10.6,51.0,568.0,2.308,1
2025-12-07,18.169,23.524,24.1,11.3,53.167,550.0,2.147,1
2025-12-08,18.674,24.732,25.3,12.3,51.625,567.0,2.16,1
2025-12-09,17.933,22.936,24.4,11.6,52.167,578.0,2.39,1
2025-12-10,18.473,24.092,24.3,11.7,57.458,571.0,1.759,1
2025-12-11,18.089,24.261,24.0,10.5,59.25,562.0,1.314,1
2025-12-12,18.216,25.58,24.3,10.3,61.583,561.0,0.831,1
2025-12-13,18.937,25.958,24.3,11.8,66.708,556.0,0.641,1
2025-12-14,18.99,26.187,24.8,10.8,69.667,539.0,0.416,1
2025-12-15,19.003,24.152,24.2,11.0,69.625,567.0,1.505,1
2025-12-16,18.71,22.686,23.5,11.5,66.5,567.0,2.274,1
2025-12-17,19.155,24.102,24.4,12.1,65.875,562.0,2.032,1
2025-12-18,18.905,24.193,23.5,10.9,73.75,553.0,1.299,1
2025-12-19,18.397,23.301,23.4,11.0,72.125,556.0,1.763,1
2025-12-20,17.685,24.763,23.0,9.7,69.0,551.0,1.052,1
2025-12-21,18.048,24.142,22.5,11.2,76.25,510.0,1.052,1
2025-12-22,18.923,25.126,23.5,12.0,79.667,538.0,0.835,1
2025-12-23,19.777,24.25,24.1,12.4,76.125,550.0,2.256,1
2025-12-24,16.073,19.149,20.8,11.2,65.292,571.0,2.394,1
2025-12-25,15.978,22.107,21.6,8.8,59.958,570.0,1.396,1
2025-12-26,15.829,22.27,21.3,9.1,65.125,567.0,0.962,1
2025-12-27,16.904,21.459,21.2,9.7,74.375,548.0,1.287,1
2025-12-28,17.035,22.048,20.9,8.6,75.917,558.0,1.183,1
2025-12-29,15.88,20.417,20.3,9.9,76.417,522.0,1.374,1
2025-12-30,16.796,22.016,21.3,8.3,77.125,564.0,1.187,1
2025-12-31,17.22,21.639,20.4,8.9,79.583,554.0,1.312,1
2026-01-01,15.473,19.101,18.0,10.8,84.667,419.0,1.261,1
2026-01-02,14.766,18.827,17.2,10.0,85.458,476.0,1.461,1
2026-01-03,14.329,18.81,17.9,7.6,77.75,543.0,1.132,1
2026-01-04,14.737,20.049,18.3,7.4,77.167,558.0,1.096,1
2026-01-05,14.957,19.166,17.9,7.7,79.875,568.0,1.423,1
2026-01-06,15.704,20.013,18.8,8.8,80.375,571.0,1.55,1
2026-01-07,14.826,18.532,18.2,7.1,82.625,584.0,1.722,1
2026-01-08,13.874,19.194,16.7,5.6,86.417,588.0,1.172,1
2026-01-09,14.263,20.228,17.3,6.4,83.292,548.0,0.882,1
2026-01-10,14.281,19.012,17.5,6.3,80.292,585.0,1.425,1
2026-01-11,13.088,16.871,16.8,5.3,75.375,608.0,1.849,1
2026-01-12,13.274,19.664,17.4,4.7,72.167,613.0,1.045,1
2026-01-13,14.497,19.0,17.9,5.6,75.5,605.0,1.115,1
2026-01-14,13.697,18.008,16.9,5.2,80.333,615.0,1.563,1
2026-01-15,14.691,18.963,18.2,5.9,78.458,608.0,1.553,1
2026-01-16,16.476,22.106,21.7,7.0,66.292,595.0,1.265,1
2026-01-17,17.519,24.35,22.3,8.2,70.292,581.0,0.501,1
2026-01-18,17.907,23.969,21.9,7.7,80.167,598.0,0.862,1
2026-01-19,17.678,25.812,24.3,9.8,67.042,609.0,0.679,1
2026-01-20,18.044,24.592,23.8,9.5,67.833,613.0,1.368,1
2026-01-21,17.004,23.592,23.2,9.3,61.958,631.0,1.253,1
2026-01-22,18.725,26.502,25.2,9.5,60.625,627.0,1.564,1
2026-01-23,16.265,15.614,17.7,11.4,84.292,390.0,3.048,1
2026-01-24,14.662,19.439,16.8,6.4,72.792,535.0,1.829,1
2026-01-25,13.626,17.193,16.3,5.7,73.667,653.0,1.83,1
2026-01-26,15.192,21.761,18.3,5.5,77.0,648.0,0.819,1
2026-01-27,17.76,20.294,19.7,9.8,86.083,511.0,1.911,1
2026-01-28,15.749,19.981,18.4,11.2,83.5,451.0,1.799,1
2026-01-29,16.272,20.682,18.7,7.7,82.75,655.0,1.532,1
2026-01-30,16.352,21.04,19.2,9.6,81.792,596.0,1.25,1
2026-01-31,17.301,23.334,20.2,7.9,85.833,650.0,0.796,1
2026-02-01,18.784,23.707,20.9,12.0,85.75,508.0,0.948,1
2026-02-02,18.679,23.072,20.8,11.0,85.583,656.0,1.383,1
2026-02-03,16.966,22.504,20.3,9.4,80.875,670.0,1.1,1
2026-02-04,17.165,21.063,20.5,9.9,78.292,682.0,1.8,1
2026-02-05,16.983,21.494,21.0,9.8,71.833,696.0,2.031,1
2026-02-06,18.197,21.541,22.3,10.4,69.167,692.0,2.208,1
2026-02-07,19.21,22.784,23.4,11.6,69.708,688.0,2.272,1
2026-02-08,17.321,21.888,22.5,10.9,60.458,702.0,1.824,1
2026-02-09,17.879,25.336,23.6,10.5,62.167,633.0,1.071,1
2026-02-10,20.209,28.212,26.8,11.7,60.125,694.0,1.165,1
2026-02-11,19.982,25.946,26.4,13.1,56.958,709.0,1.885,1
2026-02-12,18.273,24.364,24.8,12.5,49.167,728.0,1.959,1
2026-02-13,18.629,26.086,25.6,12.0,47.667,699.0,1.494,1
2026-02-14,20.03,27.641,27.4,12.5,49.75,730.0,1.632,1
2026-02-15,20.528,28.064,28.2,12.8,51.042,734.0,1.596,1
2026-02-16,20.385,30.732,29.7,13.1,48.542,738.0,1.281,1
2026-02-17,21.285,30.142,29.6,15.6,51.833,733.0,1.682,1
2026-02-18,20.344,28.536,27.2,16.7,62.542,634.0,1.159,1
2026-02-19,20.369,29.066,27.2,12.8,67.958,729.0,0.912,1
2026-02-20,21.276,29.076,27.4,14.8,60.375,738.0,1.301,1
2026-02-21,21.409,28.403,27.7,14.4,55.792,749.0,1.73,1
2026-02-22,20.956,29.371,28.4,14.3,53.958,762.0,1.465,1
2026-02-23,21.162,31.036,29.4,14.7,48.792,757.0,1.122,1
2026-02-24,20.86,30.251,29.1,15.1,49.292,775.0,1.254,1
2026-02-25,20.602,29.903,29.1,15.0,45.917,780.0,1.391,1
2026-02-26,20.923,29.834,29.8,14.6,40.542,787.0,1.92,1
2026-02-27,21.728,32.336,31.2,15.7,40.208,783.0,1.255,1
2026-02-28,22.42,33.172,31.8,18.1,42.708,783.0,1.245,1
2026-03-01,22.01,30.561,30.5,17.1,42.833,793.0,2.171,1
2026-03-02,22.874,30.31,30.5,17.2,43.917,795.0,2.522,1
2026-03-03,22.485,30.369,31.1,17.0,37.375,812.0,2.875,1
2026-03-04,24.996,33.391,33.1,18.6,42.417,798.0,2.838,1
2026-03-05,26.179,34.747,34.1,20.6,42.708,802.0,3.07,1
2026-03-06,25.078,36.243,34.5,19.0,41.042,811.0,1.408,1
2026-03-07,25.606,37.832,35.6,20.8,49.208,812.0,0.98,1
2026-03-08,25.222,37.943,35.9,20.2,43.375,815.0,1.374,1
2026-03-09,26.583,37.325,35.5,21.3,45.042,805.0,1.702,1
2026-03-10,26.286,38.338,35.9,20.9,48.375,818.0,1.019,1
2026-03-11,24.566,37.634,36.4,20.1,36.792,834.0,2.032,1
2026-03-12,23.647,35.899,34.8,21.0,26.333,850.0,1.767,1
2026-03-13,24.181,34.366,33.0,20.3,39.0,773.0,1.96,1
2026-03-14,22.59,34.705,33.7,20.6,29.292,829.0,1.765,1
2026-03-15,22.043,28.465,26.3,19.2,57.375,819.0,2.507,1
2026-03-16,24.042,32.371,32.3,17.2,50.0,840.0,2.825,1
2026-03-17,22.963,33.386,31.5,15.4,46.125,795.0,1.341,1
2026-03-18,24.033,35.34,33.1,18.5,46.542,817.0,1.256,1
2026-03-19,21.679,28.545,25.8,18.4,65.167,707.0,1.548,1
2026-03-20,18.935,23.502,21.2,16.2,84.125,374.0,0.918,1
2026-03-21,20.937,27.257,23.8,14.4,78.958,852.0,1.421,1
2026-03-22,22.402,28.103,26.4,15.7,68.375,844.0,1.637,1
2026-03-23,23.086,30.608,27.2,18.1,71.0,820.0,1.251,1
2026-03-24,23.552,30.095,28.4,16.6,68.542,840.0,1.166,1
2026-03-25,23.654,32.873,31.5,17.2,53.125,871.0,1.369,1
2026-03-26,25.087,34.721,32.4,19.8,54.708,828.0,1.31,1
2026-03-27,24.71,32.204,30.9,20.2,57.25,816.0,1.973,1
2026-03-28,24.563,33.566,31.0,20.3,54.542,844.0,1.181,1
2026-03-29,26.19,36.146,33.4,21.0,50.25,819.0,1.744,1
2026-03-30,24.942,34.133,32.5,21.7,56.875,675.0,1.735,1
2026-03-31,25.69,35.085,32.9,19.3,54.833,744.0,1.459,1
2026-04-01,26.049,35.572,32.6,20.1,61.083,842.0,1.15,1
2026-04-02,26.121,36.177,33.6,20.8,52.333,859.0,1.111,1
2026-04-03,26.792,35.701,32.6,21.8,61.5,867.0,1.655,1
2026-04-04,26.87,34.517,30.6,21.9,72.542,785.0,1.254,1
2026-04-05,24.342,32.317,30.8,18.9,61.583,856.0,1.406,1
2026-04-06,22.829,31.775,30.8,18.1,42.292,886.0,1.37,1
2026-04-07,26.962,31.765,31.7,19.8,51.333,629.0,2.533,1
2026-04-08,25.934,33.12,29.2,17.0,77.125,662.0,1.828,1
2026-04-09,22.756,30.771,28.9,14.4,67.917,875.0,1.362,1
2026-04-10,24.66,29.704,30.4,18.7,46.458,909.0,3.145,1
2026-04-11,24.191,35.25,33.7,20.2,36.292,881.0,2.15,1
2026-04-12,24.173,34.467,33.6,20.5,36.542,908.0,2.06,1
2026-04-13,24.368,36.239,35.0,20.3,30.542,912.0,2.048,1
2026-04-14,25.021,38.994,37.2,21.6,26.583,905.0,1.665,1
2026-04-15,26.195,42.52,40.5,24.1,21.625,922.0,1.938,1
2026-04-16,26.492,42.333,39.8,24.9,23.625,905.0,0.732,1
2026-04-17,26.497,41.232,39.1,27.4,27.167,733.0,1.512,1
2026-04-18,28.091,43.695,40.9,25.6,30.833,891.0,2.424,1
2026-04-19,26.333,40.59,39.2,26.2,24.917,673.0,2.019,1
2026-04-20,26.596,41.106,38.7,24.9,24.542,898.0,2.225,1
2026-04-21,26.104,41.057,39.0,24.4,18.833,912.0,2.478,1
2026-04-22,26.877,42.867,40.5,25.3,20.75,909.0,1.855,1
2026-04-23,27.417,43.936,41.3,27.0,17.625,905.0,1.68,1
2026-04-24,28.437,44.177,41.3,26.4,21.875,888.0,2.325,1
2026-04-25,28.831,44.428,41.7,28.4,24.167,884.0,2.602,1
2026-04-26,28.664,43.984,41.2,27.7,24.208,889.0,2.068,1
2026-04-27,28.814,44.851,41.9,28.1,22.583,884.0,1.769,1
2026-04-28,28.949,44.096,40.7,29.1,28.417,877.0,1.782,1
2026-04-29,27.618,40.89,38.0,26.0,37.417,852.0,1.492,1
2026-04-30,27.415,36.426,33.0,25.0,49.833,863.0,2.21,1
2026-05-01,28.373,40.751,38.3,22.9,48.875,879.0,1.616,1
2026-05-02,28.666,41.392,38.6,25.6,41.667,858.0,1.705,1
2026-05-03,28.991,39.16,37.7,26.9,44.833,861.0,3.171,1
2026-05-04,26.108,30.798,30.8,20.4,66.958,688.0,3.702,1
2026-05-05,26.836,36.379,32.9,21.1,66.5,861.0,1.362,1
2026-05-06,25.493,36.626,34.6,21.0,52.625,877.0,0.949,1
2026-05-07,26.297,38.034,35.8,24.3,39.792,847.0,2.115,1
2026-05-08,26.567,36.99,34.7,21.0,53.958,864.0,2.183,1
2026-05-09,27.548,38.704,36.2,23.7,46.917,856.0,1.644,1
2026-05-10,28.341,39.414,37.0,25.9,43.625,855.0,2.292,1
2026-05-11,29.265,41.597,38.6,26.8,40.792,847.0,2.07,1
2026-05-12,29.525,42.377,38.8,27.5,47.542,846.0,2.103,1
2026-05-13,28.896,38.812,38.1,24.7,57.042,866.0,1.496,1
2026-05-14,29.411,44.745,41.3,27.7,37.792,875.0,1.012,1
2026-05-15,29.251,43.924,40.4,27.7,36.042,871.0,1.369,1
2026-05-16,28.753,42.34,39.6,28.2,30.667,878.0,1.866,1
2026-05-17,29.833,43.743,41.1,29.1,26.625,876.0,2.776,1
2026-05-18,30.583,45.047,42.5,29.6,25.875,885.0,2.712,1
2026-05-19,29.125,47.129,44.2,31.5,17.167,901.0,2.502,1
2026-05-20,29.74,46.258,43.0,31.3,18.708,893.0,2.222,1
2026-05-21,30.484,47.094,43.7,31.9,21.625,891.0,2.988,1
2026-05-22,29.493,46.256,43.1,31.3,17.708,891.0,2.68,1
2026-05-23,29.358,44.55,41.7,31.1,23.417,847.0,2.764,1
2026-05-24,29.037,45.305,42.6,29.8,21.333,894.0,2.274,1
2026-05-25,30.87,45.983,42.6,32.6,21.417,880.0,2.888,1
2026-05-26,28.125,45.352,42.8,30.6,19.167,905.0,2.189,1
2026-05-27,28.511,45.603,42.8,31.1,17.542,908.0,2.073,1
2026-05-28,31.551,45.459,41.5,27.9,35.417,880.0,1.912,1
2026-05-29,29.412,37.673,35.4,26.2,61.917,833.0,3.268,1
2026-05-30,28.811,39.121,36.5,24.8,66.625,809.0,2.137,1
2026-05-31,27.991,37.204,34.3,24.2,60.958,866.0,1.781,1
2026-06-01,28.021,37.981,34.9,23.4,59.583,800.0,1.565,1
2026-06-02,28.287,38.426,35.6,25.5,51.667,815.0,1.603,1
2026-06-03,29.521,42.229,39.2,27.5,42.917,863.0,1.25,1
2026-06-04,30.65,44.3,40.4,28.8,46.083,832.0,1.408,1
2026-06-05,30.459,44.582,40.7,28.4,47.958,865.0,1.351,1
2026-06-06,30.082,44.238,40.6,29.0,38.292,835.0,1.282,1
2026-06-07,30.407,45.347,42.0,30.1,32.083,848.0,1.686,1
2026-06-08,29.935,45.286,42.1,30.9,28.25,842.0,1.929,1
2026-06-09,30.308,46.083,42.7,31.3,26.25,889.0,2.272,1
2026-06-10,32.545,46.275,42.6,33.3,32.083,856.0,2.27,1
2026-06-11,31.473,42.59,40.2,27.6,49.042,844.0,2.833,1
2026-06-12,28.571,34.124,31.5,25.1,78.875,796.0,2.874,1
2026-06-13,29.634,39.314,34.9,25.4,73.125,869.0,0.882,1
2026-06-14,30.148,40.48,36.5,26.0,60.667,840.0,1.017,1
2026-06-15,29.409,40.111,37.2,27.2,52.583,847.0,1.65,1
2026-06-16,29.763,41.696,38.7,27.3,48.5,858.0,1.245,1
2026-06-17,29.979,41.441,38.0,28.2,47.958,862.0,1.191,1
2026-06-18,30.234,41.849,39.0,28.8,42.958,803.0,1.846,1
2026-06-19,30.931,43.206,39.8,30.6,41.625,852.0,1.992,1
2026-06-20,30.808,41.758,39.0,30.7,39.917,835.0,2.392,1
2026-06-21,30.34,42.349,39.3,30.0,38.375,842.0,2.389,1
2026-06-22,30.431,42.539,39.3,28.3,43.792,849.0,1.952,1
2026-06-23,29.918,41.395,38.6,28.7,41.083,870.0,2.193,1
2026-06-24,30.456,43.238,39.6,29.7,38.333,857.0,1.646,1
2026-06-25,30.806,44.046,40.2,31.1,38.75,843.0,1.42,1
2026-06-26,31.304,44.509,40.4,31.6,41.667,833.0,1.074,1
2026-06-27,31.55,43.248,39.8,32.6,44.042,737.0,1.502,1
2026-06-28,32.285,45.741,41.5,32.8,39.125,835.0,1.637,1
2026-06-29,32.253,44.836,40.9,32.1,44.208,850.0,2.056,1
2026-06-30,32.055,44.252,40.7,31.7,45.417,850.0,1.978,1
2026-07-01,30.869,40.604,36.8,30.6,61.917,678.0,1.938,1
2026-07-02,29.672,38.187,33.0,27.3,77.292,811.0,1.383,1
2026-07-03,30.232,37.763,33.8,26.9,78.542,625.0,1.709,1
2026-07-04,31.622,41.183,36.1,27.6,72.208,702.0,1.134,1
2026-07-05,32.341,43.391,38.5,29.2,70.167,788.0,1.185,1
2026-07-06,32.074,42.155,36.4,27.2,76.167,782.0,1.402,1
2026-07-07,31.152,40.609,35.0,26.5,83.167,731.0,1.385,1
2026-07-08,28.661,34.309,30.5,25.9,89.583,567.0,2.032,1
2026-07-09,26.46,28.888,26.8,25.4,95.708,331.0,3.339,1
2026-07-10,30.919,38.623,34.2,25.7,81.125,834.0,2.181,1
2026-07-11,31.074,39.864,35.0,25.7,76.625,871.0,1.398,1
2026-07-12,31.103,40.481,35.5,28.3,67.208,810.0,1.612,1
2026-07-13,31.382,40.709,36.0,28.1,66.375,885.0,1.858,1
2026-07-14,31.119,40.751,36.4,28.2,65.375,879.0,1.861,1
2026-07-15,31.303,40.85,36.8,27.8,62.083,849.0,1.815,1
2026-07-16,30.992,40.609,37.3,28.9,54.167,848.0,2.076,1
2026-07-17,31.108,41.24,38.1,30.2,50.25,826.0,2.25,1
2026-07-18,30.639,40.201,37.1,29.6,55.417,728.0,2.037,1
2026-07-19,30.381,39.584,37.4,30.5,53.5,634.0,1.542,1
2026-07-20,30.434,39.042,34.0,28.0,72.125,635.0,1.305,1
2026-07-21,28.889,35.12,30.8,25.7,85.583,586.0,1.423,1
2026-07-22,29.556,35.968,31.9,25.4,81.208,756.0,2.761,1
2026-07-23,29.442,35.204,31.7,27.1,82.25,767.0,2.785,1
2026-07-24,29.208,35.518,31.3,26.2,84.792,712.0,2.944,1
2026-07-25,29.511,36.717,32.7,26.4,84.792,804.0,2.537,1
2026-07-26,30.806,39.312,33.5,26.7,79.833,756.0,1.241,1
2026-07-27,31.344,40.775,34.6,28.2,78.0,765.0,1.145,1
2026-07-28,30.052,38.025,32.5,26.0,88.125,611.0,1.349,1
2026-07-29,30.245,38.868,32.9,25.2,84.0,783.0,0.981,1
2026-07-30,30.236,37.805,32.1,27.4,84.792,713.0,1.894,1
2026-07-31,30.291,37.083,32.8,27.5,77.208,783.0,2.958,1
2026-08-01,29.727,36.115,32.0,27.0,84.208,680.0,2.765,1
2026-08-02,31.212,39.8,34.3,26.5,80.833,823.0,2.379,1
2026-08-03,29.459,36.815,32.1,26.1,85.5,538.0,1.503,1
2026-08-04,28.258,34.465,30.1,26.0,91.333,363.0,1.196,1
2026-08-05,29.895,37.811,32.3,25.6,84.25,602.0,0.91,1
2026-08-06,28.044,34.44,30.0,25.1,90.667,415.0,1.302,1
2026-08-07,27.736,33.469,29.1,25.1,91.875,478.0,1.758,1
2026-08-08,29.766,36.336,31.9,25.1,86.833,543.0,2.202,1
2026-08-09,30.496,38.942,33.5,26.2,82.042,794.0,1.245,1
2026-08-10,30.472,38.771,32.4,27.1,84.583,726.0,0.98,1
2026-08-11,29.793,37.533,31.3,25.8,89.667,629.0,1.449,1
2026-08-12,30.706,40.043,34.3,26.7,78.833,832.0,0.642,1
2026-08-13,31.474,40.861,34.2,26.6,79.5,839.0,0.762,1
2026-08-14,30.452,38.818,32.3,25.9,85.875,683.0,0.969,1
2026-08-15,30.745,39.595,33.3,26.5,84.583,805.0,0.991,1
2026-08-16,30.68,39.412,33.3,26.7,81.208,838.0,1.256,1
2026-08-17,30.48,38.703,33.1,25.6,80.417,819.0,1.562,1
2026-08-18,30.063,38.581,32.9,24.6,83.208,799.0,1.231,1
2026-08-19,30.224,38.871,32.6,26.2,82.125,835.0,0.679,1
2026-08-20,30.574,39.411,33.1,27.0,81.875,783.0,0.748,1
2026-08-21,30.422,39.111,33.7,26.2,78.083,837.0,1.183,1
2026-08-22,30.459,39.011,33.3,24.7,83.875,818.0,1.355,1
2026-08-23,30.196,38.718,33.0,24.9,83.917,806.0,0.921,1
2026-08-24,29.736,37.48,32.4,25.0,86.458,699.0,0.865,1
2026-08-25,30.195,38.506,32.4,26.8,84.5,777.0,0.878,1
2026-08-26,30.487,39.456,33.9,27.1,76.375,807.0,1.112,1
2026-08-27,30.365,39.027,33.8,27.5,76.958,723.0,0.921,1
2026-08-28,30.266,38.478,34.7,27.9,71.667,840.0,1.785,1
2026-08-29,30.303,39.089,34.8,26.7,67.583,844.0,1.91,1
2026-08-30,30.231,39.601,35.5,27.2,62.792,807.0,1.698,1
2026-08-31,29.685,38.879,35.5,27.5,59.292,727.0,1.616,1
2026-09-01,29.395,38.496,34.0,27.4,67.583,787.0,1.299,1
2026-09-02,28.461,35.144,31.4,26.0,81.542,520.0,1.532,1
2026-09-03,28.763,35.875,31.3,25.9,84.542,663.0,1.034,1
2026-09-04,28.09,34.071,30.2,26.5,88.125,465.0,1.052,1
2026-09-05,27.338,32.963,28.4,25.3,93.167,364.0,1.353,1
2026-09-06,27.039,32.567,28.5,25.0,88.333,452.0,1.145,1
2026-09-07,28.914,36.927,31.8,25.3,79.958,779.0,0.797,1
2026-09-08,29.658,37.327,33.0,25.1,76.917,786.0,1.795,1
2026-09-09,29.073,36.609,33.4,25.6,70.083,829.0,2.035,1
2026-09-10,29.46,37.779,33.8,25.8,68.125,828.0,1.654,1
2026-09-11,30.306,38.515,33.0,26.0,83.25,771.0,1.381,1
2026-09-12,28.877,35.25,31.7,25.8,80.958,564.0,1.836,1
2026-09-13,30.011,37.38,32.8,26.6,81.417,759.0,2.163,1
2026-09-14,28.741,35.14,31.8,24.6,82.208,736.0,2.38,1
2026-09-15,28.167,35.377,30.7,24.6,82.667,653.0,1.372,1
2026-09-16,29.514,38.287,34.5,25.8,72.583,754.0,1.062,1
2026-09-17,28.508,36.612,31.6,23.9,77.5,789.0,1.154,1
2026-09-18,27.946,36.13,32.2,25.9,70.417,778.0,1.168,1
2026-09-19,27.739,36.575,33.0,24.8,67.292,765.0,0.696,1
2026-09-20,28.652,37.444,33.1,24.7,69.75,774.0,0.589,1
2026-09-21,27.999,37.376,33.9,25.7,62.25,799.0,1.002,1
2026-09-22,28.784,37.588,34.3,25.9,63.917,747.0,1.24,1
2026-09-23,28.806,39.591,36.2,25.9,61.0,800.0,0.96,1
2026-09-24,28.637,38.948,35.8,26.1,60.625,740.0,1.789,1
2026-09-25,28.121,37.956,34.6,24.7,63.292,791.0,1.412,1
2026-09-26,26.346,31.247,29.8,24.1,72.25,414.0,1.535,1
2026-09-27,26.97,34.472,30.1,23.0,75.833,720.0,1.477,1
2026-09-28,26.625,33.819,29.5,21.9,81.25,740.0,0.855,1
2026-09-29,26.808,33.222,30.8,22.2,77.208,779.0,1.816,1
2026-09-30,27.189,33.863,31.7,22.5,71.917,782.0,1.959,1
2026-10-01,27.522,35.617,33.6,23.1,64.417,778.0,1.824,1
2026-10-02,27.157,36.394,34.4,23.0,57.25,780.0,1.689,1
2026-10-03,27.676,37.846,35.4,23.6,53.5,770.0,1.523,1
2026-10-04,27.423,37.251,35.1,24.4,50.875,771.0,1.572,1
2026-10-05,28.069,37.091,34.9,25.0,52.375,762.0,1.758,1
2026-10-06,27.48,37.221,34.6,25.5,57.25,754.0,1.591,1
2024-03-01,19.278,25.529,25.0,14.7,57.792,516.0,1.454,2
2024-03-02,20.968,22.276,24.0,16.7,76.667,692.0,3.559,2
2024-03-03,18.922,25.463,22.8,15.0,64.917,737.0,1.65,2
2024-03-04,17.251,24.818,23.3,12.2,57.583,873.0,1.553,2
2024-03-05,17.405,24.919,23.9,12.7,44.5,862.0,1.644,2
2024-03-06,15.915,22.277,22.3,11.8,44.5,631.0,1.529,2
2024-03-07,18.586,26.194,25.2,12.1,49.333,872.0,1.465,2
2024-03-08,19.211,26.101,25.8,12.5,50.917,887.0,1.7,2
2024-03-09,19.199,25.72,25.4,12.4,49.75,899.0,1.799,2
2024-03-10,19.1,26.172,25.8,12.2,52.042,770.0,1.312,2
2024-03-11,20.793,29.387,27.7,15.0,55.458,753.0,0.978,2
2024-03-12,22.993,31.581,29.5,15.8,55.042,877.0,1.34,2
2024-03-13,22.302,32.432,30.3,14.6,49.208,887.0,1.116,2
2024-03-14,22.137,30.136,28.0,17.2,52.083,878.0,1.478,2
2024-03-15,20.145,28.987,28.5,12.8,46.708,926.0,1.986,2
2024-03-16,20.984,31.225,29.2,13.6,40.625,929.0,1.213,2
2024-03-17,20.466,30.547,28.9,14.1,40.875,862.0,1.176,2
2024-03-18,21.497,31.093,29.2,13.5,45.208,927.0,1.349,2
2024-03-19,21.972,32.623,30.9,14.4,43.208,919.0,1.324,2
2024-03-20,22.674,34.226,32.0,15.0,42.167,930.0,1.08,2
2024-03-21,23.815,34.848,32.7,15.6,48.667,906.0,1.356,2
2024-03-22,24.655,34.32,32.2,16.6,59.125,895.0,1.596,2
2024-03-23,25.363,35.33,33.7,17.1,52.083,924.0,1.565,2
2024-03-24,22.725,29.866,29.3,18.8,55.125,641.0,1.97,2
2024-03-25,25.185,32.276,30.6,17.3,61.125,893.0,1.747,2
2024-03-26,24.238,34.844,33.3,18.2,47.5,900.0,1.518,2
2024-03-27,26.494,38.414,36.1,19.0,41.5,911.0,1.546,2
2024-03-28,27.256,39.409,37.2,21.2,41.75,831.0,1.663,2
2024-03-29,25.954,35.073,34.0,21.4,48.75,620.0,1.209,2
2024-03-30,26.372,34.629,32.4,23.7,52.792,916.0,1.76,2
2024-03-31,26.004,36.614,34.0,20.1,59.375,887.0,1.732,2
2024-04-01,23.376,30.937,31.4,19.2,54.333,862.0,2.278,2
2024-04-02,23.81,34.304,33.3,18.7,36.417,962.0,1.727,2
2024-04-03,22.718,32.877,32.9,19.2,34.958,570.0,1.095,2
2024-04-04,25.118,37.66,35.7,21.2,34.667,918.0,1.354,2
2024-04-05,25.025,37.168,35.5,20.7,35.75,840.0,1.768,2
2024-04-06,24.521,37.148,35.1,19.6,37.75,954.0,1.522,2
2024-04-07,23.791,36.576,34.9,19.4,33.208,979.0,1.665,2
2024-04-08,24.493,38.501,36.6,19.5,25.792,975.0,1.642,2
2024-04-09,25.848,40.821,38.3,20.9,26.5,977.0,1.135,2
2024-04-10,25.237,38.057,36.3,20.8,32.958,684.0,1.158,2
2024-04-11,25.894,40.867,39.2,21.5,28.75,910.0,1.34,2
2024-04-12,27.224,41.935,39.6,20.6,32.042,966.0,1.227,2
2024-04-13,27.829,41.391,38.2,25.0,43.667,889.0,1.138,2
2024-04-14,25.506,32.648,30.6,22.4,64.333,724.0,1.607,2
2024-04-15,26.75,36.364,33.8,21.3,57.75,799.0,1.388,2
2024-04-16,27.108,36.378,34.4,21.5,55.458,893.0,2.015,2
2024-04-17,24.273,35.279,34.5,20.3,43.0,986.0,3.043,2
2024-04-18,26.678,37.638,36.4,22.3,34.75,860.0,2.393,2
2024-04-19,27.677,39.547,37.5,23.9,37.708,853.0,2.0,2
2024-04-20,26.55,38.064,35.8,23.9,35.917,971.0,1.795,2
2024-04-21,25.893,38.563,36.2,23.2,35.0,965.0,1.84,2
2024-04-22,26.382,38.763,36.7,25.4,30.458,976.0,1.757,2
2024-04-23,26.07,37.922,35.9,23.5,31.375,873.0,1.671,2
2024-04-24,26.204,39.949,37.2,22.6,31.917,983.0,1.272,2
2024-04-25,26.732,40.984,38.9,23.7,27.583,998.0,1.666,2
2024-04-26,27.238,43.461,40.2,23.7,26.542,982.0,1.378,2
2024-04-27,28.035,41.038,38.8,25.0,33.417,931.0,1.972,2
2024-04-28,27.501,41.417,38.6,23.5,35.083,936.0,1.348,2
2024-04-29,26.897,40.17,38.0,23.5,34.292,790.0,1.346,2
2024-04-30,26.999,41.041,38.4,21.6,31.333,1003.0,1.731,2
2024-05-01,23.16,36.52,34.9,20.2,24.75,1032.0,2.388,2
2024-05-02,24.994,37.406,35.6,17.6,29.083,1018.0,1.976,2
2024-05-03,25.357,40.185,38.2,20.7,25.042,1019.0,1.952,2
2024-05-04,27.531,43.82,41.0,26.5,21.333,998.0,1.726,2
2024-05-05,27.775,44.08,41.2,27.1,23.208,936.0,1.467,2
2024-05-06,28.873,44.245,41.5,25.1,27.792,978.0,1.716,2
2024-05-07,29.178,44.821,42.3,27.0,25.542,925.0,1.158,2
2024-05-08,31.124,43.211,39.7,25.8,46.875,866.0,2.399,2
2024-05-09,30.815,41.333,38.1,25.7,55.917,962.0,2.968,2
2024-05-10,31.423,43.467,39.9,25.3,57.917,937.0,2.372,2
2024-05-11,30.524,43.246,39.5,26.3,53.208,917.0,1.702,2
2024-05-12,29.851,41.474,37.4,25.5,62.875,870.0,1.573,2
2024-05-13,29.931,42.9,39.1,25.7,48.208,906.0,1.579,2
2024-05-14,27.655,44.361,41.4,27.0,25.542,1008.0,1.532,2
2024-05-15,27.077,44.508,41.8,28.1,18.542,1021.0,1.408,2
2024-05-16,29.959,47.554,44.2,29.5,20.542,989.0,1.59,2
2024-05-17,30.67,49.332,45.7,27.8,21.458,981.0,1.701,2
2024-05-18,30.572,48.86,45.8,29.2,21.208,947.0,2.145,2
2024-05-19,30.506,49.4,46.3,29.4,22.125,940.0,1.703,2
2024-05-20,31.248,49.35,45.3,29.2,22.458,987.0,1.518,2
2024-05-21,31.213,48.278,44.7,28.5,26.875,989.0,1.353,2
2024-05-22,33.005,47.366,43.4,29.5,39.208,962.0,1.998,2
2024-05-23,32.94,47.175,42.6,31.5,37.417,972.0,2.448,2
2024-05-24,31.972,46.146,42.2,31.0,37.625,963.0,1.984,2
2024-05-25,32.692,48.689,44.7,30.7,34.833,961.0,1.602,2
2024-05-26,32.185,49.718,46.0,31.6,28.125,986.0,1.357,2
2024-05-27,33.023,50.104,46.6,30.3,26.25,980.0,1.601,2
2024-05-28,30.997,50.773,47.3,31.6,18.958,1009.0,1.646,2
2024-05-29,31.704,50.061,46.9,27.8,19.792,1002.0,1.532,2
2024-05-30,31.891,48.611,45.7,28.8,25.125,988.0,1.459,2
2024-05-31,32.3,49.004,45.4,31.4,26.25,965.0,1.894,2
2024-06-01,30.709,47.503,44.2,30.1,28.292,848.0,1.589,2
2024-06-02,30.994,47.828,44.2,30.6,27.917,940.0,1.652,2
2024-06-03,31.056,48.804,45.6,30.8,24.833,931.0,2.751,2
2024-06-04,30.559,47.606,44.2,31.5,25.042,862.0,2.816,2
2024-06-05,31.528,47.561,43.9,29.9,28.833,962.0,2.028,2
2024-06-06,32.073,47.91,44.0,31.2,29.958,963.0,2.523,2
2024-06-07,32.569,46.588,42.9,30.7,36.208,961.0,2.541,2
2024-06-08,31.831,46.267,42.6,27.9,37.333,963.0,2.535,2
2024-06-09,31.258,46.442,43.0,27.4,40.083,969.0,2.137,2
2024-06-10,29.004,46.308,43.6,28.8,23.25,863.0,1.909,2
2024-06-11,30.301,48.284,44.9,30.1,22.875,958.0,1.558,2
2024-06-12,31.077,49.46,46.0,29.8,22.625,947.0,2.153,2
2024-06-13,32.17,49.373,45.2,31.8,24.792,957.0,2.984,2
2024-06-14,32.755,48.936,44.7,32.9,29.667,947.0,2.745,2
2024-06-15,32.699,48.69,44.6,33.3,28.167,912.0,3.089,2
2024-06-16,32.858,49.38,45.2,33.8,25.708,954.0,3.242,2
2024-06-17,33.365,50.63,46.4,33.7,26.167,908.0,2.899,2
2024-06-18,33.278,50.224,45.9,34.9,26.75,922.0,3.111,2
2024-06-19,33.428,48.835,44.7,34.7,29.625,910.0,2.685,2
2024-06-20,33.428,48.325,43.8,33.2,34.833,929.0,1.787,2
2024-06-21,32.733,45.907,41.7,29.7,53.333,904.0,1.592,2
2024-06-22,30.886,39.273,34.5,27.8,74.125,784.0,1.538,2
2024-06-23,30.925,39.195,35.0,28.5,75.833,669.0,1.718,2
2024-06-24,30.718,38.146,33.4,28.7,77.625,690.0,2.066,2
2024-06-25,30.176,37.303,32.6,27.8,81.208,595.0,1.592,2
2024-06-26,29.098,35.552,32.5,27.8,78.667,503.0,2.039,2
2024-06-27,28.331,33.579,30.2,27.0,87.208,349.0,1.877,2
2024-06-28,28.258,34.486,30.4,26.9,86.083,359.0,1.261,2
2024-06-29,28.111,33.918,30.1,26.8,86.25,303.0,1.132,2
2024-06-30,29.377,36.209,31.3,27.2,84.208,419.0,0.58,2
2024-07-01,29.882,37.43,32.6,27.5,79.333,558.0,0.805,2
2024-07-02,29.681,37.377,32.3,27.5,81.833,492.0,0.858,2
2024-07-03,27.34,32.138,28.8,26.7,88.833,200.0,1.708,2
2024-07-04,28.973,34.304,31.9,26.9,79.25,535.0,3.193,2
2024-07-05,28.506,33.248,30.9,27.0,82.75,386.0,3.003,2
2024-07-06,29.169,36.136,31.9,26.3,84.958,561.0,2.131,2
2024-07-07,28.634,36.111,32.2,25.7,77.083,465.0,1.15,2
2024-07-08,27.292,31.873,28.9,26.0,87.0,265.0,1.795,2
2024-07-09,28.835,35.56,31.4,26.4,83.917,534.0,1.377,2
2024-07-10,29.968,37.85,32.3,27.2,83.083,574.0,1.018,2
2024-07-11,30.82,39.603,34.5,27.4,74.875,759.0,1.06,2
2024-07-12,31.021,39.872,34.8,27.8,77.833,728.0,1.398,2
2024-07-13,30.1,38.562,34.1,27.3,77.708,679.0,1.51,2
2024-07-14,30.122,37.02,32.7,27.1,80.333,747.0,2.053,2
2024-07-15,28.994,34.622,31.2,27.2,83.458,538.0,2.268,2
2024-07-16,31.095,38.888,35.1,27.3,73.792,754.0,2.232,2
2024-07-17,31.059,38.988,34.3,28.1,78.25,648.0,2.043,2
2024-07-18,30.247,37.463,33.2,27.8,80.958,619.0,1.615,2
2024-07-19,29.745,36.698,32.2,27.5,82.167,521.0,1.7,2
2024-07-20,29.912,36.972,32.4,27.3,82.25,627.0,1.594,2
2024-07-21,30.973,39.162,34.7,28.1,76.458,679.0,1.41,2
2024-07-22,31.029,39.231,34.4,28.1,78.833,662.0,1.737,2
2024-07-23,30.326,37.815,34.0,27.6,75.375,583.0,1.862,2
2024-07-24,29.537,35.389,31.9,27.7,80.458,436.0,1.678,2
2024-07-25,30.481,38.31,34.4,28.1,73.958,567.0,1.611,2
2024-07-26,30.543,38.074,33.8,28.1,76.458,618.0,1.902,2
2024-07-27,30.235,37.361,33.6,28.3,78.25,494.0,1.84,2
2024-07-28,30.616,38.211,35.6,29.5,70.333,589.0,2.228,2
2024-07-29,31.095,38.486,34.7,29.1,71.75,677.0,2.36,2
2024-07-30,31.114,39.311,34.7,28.2,77.667,708.0,1.642,2
2024-07-31,30.033,36.606,32.4,27.7,83.292,554.0,1.598,2
2024-08-01,29.787,37.018,32.8,27.2,83.375,558.0,1.415,2
2024-08-02,29.213,36.038,32.0,26.6,81.0,655.0,1.369,2
2024-08-03,30.223,38.033,35.2,26.5,70.542,676.0,2.167,2
2024-08-04,29.088,34.949,33.3,27.5,68.042,568.0,2.768,2
2024-08-05,29.156,34.734,32.8,27.3,74.125,587.0,3.52,2
2024-08-06,29.553,37.418,33.1,26.9,76.417,664.0,1.619,2
2024-08-07,28.523,34.819,31.2,26.6,83.0,459.0,1.558,2
2024-08-08,28.309,33.539,30.6,26.0,84.042,527.0,2.364,2
2024-08-09,28.922,34.677,31.5,26.2,82.625,596.0,2.43,2
2024-08-10,28.976,34.962,31.7,26.4,82.167,698.0,2.288,2
2024-08-11,27.872,32.613,29.9,25.8,86.667,525.0,2.29,2
2024-08-12,28.476,33.809,31.1,26.0,84.958,535.0,2.427,2
2024-08-13,29.163,35.73,31.9,25.8,84.083,601.0,1.759,2
2024-08-14,28.403,34.283,29.9,26.5,86.875,482.0,1.739,2
2024-08-15,28.347,34.088,30.2,26.1,87.25,563.0,1.722,2
2024-08-16,28.686,33.955,30.7,26.3,85.083,442.0,1.835,2
2024-08-17,29.375,36.877,32.7,26.0,81.917,588.0,1.422,2
2024-08-18,29.581,37.519,32.4,26.3,82.083,639.0,0.818,2
2024-08-19,29.172,35.856,31.4,26.5,84.292,540.0,0.776,2
2024-08-20,28.459,35.062,30.9,26.2,85.667,457.0,1.054,2
2024-08-21,28.395,34.832,30.9,25.9,85.0,546.0,1.514,2
2024-08-22,29.294,36.88,32.8,26.0,80.208,645.0,1.132,2
2024-08-23,28.658,34.804,31.2,25.9,82.708,510.0,1.585,2
2024-08-24,28.921,35.937,32.8,25.9,79.792,574.0,1.985,2
2024-08-25,29.258,35.201,33.5,26.7,73.958,743.0,3.215,2
2024-08-26,28.482,33.188,31.2,26.6,79.042,608.0,3.402,2
2024-08-27,27.703,31.976,30.2,25.5,83.0,536.0,2.852,2
2024-08-28,27.969,33.448,30.4,25.5,82.0,491.0,1.933,2
2024-08-29,28.217,34.394,30.8,26.0,83.417,430.0,1.525,2
2024-08-30,28.905,35.759,31.9,25.9,81.0,577.0,1.337,2
2024-08-31,29.717,38.53,34.2,26.3,74.833,698.0,0.796,2
2024-09-01,30.531,39.245,33.4,27.0,80.917,725.0,0.834,2
2024-09-02,28.807,35.229,31.1,26.5,83.833,562.0,1.562,2
2024-09-03,29.086,35.68,31.6,26.1,83.625,531.0,1.625,2
2024-09-04,28.08,34.677,30.1,26.0,85.375,479.0,1.207,2
2024-09-05,28.387,35.166,31.2,25.9,83.458,602.0,1.16,2
2024-09-06,27.475,32.603,29.3,25.5,88.583,334.0,1.797,2
2024-09-07,28.091,33.799,30.0,25.1,88.25,459.0,1.34,2
2024-09-08,28.574,35.478,31.0,26.0,84.292,527.0,0.641,2
2024-09-09,28.813,35.79,31.1,26.3,86.292,487.0,0.592,2
2024-09-10,28.541,34.933,30.6,26.3,84.958,524.0,1.069,2
2024-09-11,28.026,33.154,29.7,25.9,89.167,500.0,2.217,2
2024-09-12,25.178,27.027,26.3,23.8,90.708,70.0,3.966,2
2024-09-13,25.36,31.575,28.2,22.7,87.083,460.0,2.417,2
2024-09-14,29.11,36.507,32.3,24.1,81.375,742.0,1.32,2
2024-09-15,29.082,36.189,33.0,23.8,78.292,825.0,1.347,2
2024-09-16,29.424,37.637,34.3,25.1,69.583,869.0,1.757,2
2024-09-17,27.802,34.939,31.7,25.7,74.708,444.0,1.035,2
2024-09-18,28.292,33.791,30.3,23.2,87.208,580.0,1.688,2
2024-09-19,27.91,33.551,31.4,22.9,80.458,659.0,1.888,2
2024-09-20,28.876,37.172,33.4,24.7,77.25,689.0,0.7,2
2024-09-21,29.79,38.064,34.0,26.2,73.583,670.0,0.799,2
2024-09-22,30.206,39.421,35.4,26.9,68.083,784.0,1.08,2
2024-09-23,30.701,40.119,36.1,27.3,67.792,755.0,1.166,2
2024-09-24,30.244,39.846,35.8,27.4,68.208,754.0,0.835,2
2024-09-25,29.414,36.501,32.4,26.8,79.833,669.0,2.19,2
2024-09-26,28.504,34.666,31.2,25.6,83.625,674.0,2.439,2
2024-09-27,26.879,30.581,29.4,24.8,79.292,521.0,3.385,2
2024-09-28,27.444,34.218,32.2,23.9,73.333,627.0,1.733,2
2024-09-29,28.244,35.952,33.1,24.0,70.792,738.0,1.215,2
2024-09-30,28.574,36.285,34.0,24.6,69.958,734.0,1.301,2
2024-10-01,29.071,37.135,34.2,24.5,67.375,819.0,1.339,2
2024-10-02,30.55,40.614,36.7,27.3,60.542,833.0,0.994,2
2024-10-03,30.002,40.085,35.8,24.7,62.417,835.0,0.701,2
2024-10-04,29.992,40.13,36.0,24.7,66.542,829.0,0.868,2
2024-10-05,30.166,40.067,36.0,25.1,63.875,805.0,0.795,2
2024-10-06,29.429,38.105,33.9,25.5,68.875,752.0,0.788,2
2024-10-07,28.475,37.884,34.6,25.5,64.625,754.0,0.854,2
2024-10-08,28.179,37.228,34.1,23.3,65.0,758.0,0.988,2
2024-10-09,27.784,36.462,33.4,23.4,67.542,737.0,0.965,2
2024-10-10,26.553,35.775,33.7,20.2,57.667,817.0,1.314,2
2024-10-11,25.496,34.806,33.1,19.5,53.583,824.0,1.156,2
2024-10-12,25.161,35.202,32.9,21.3,50.75,821.0,0.944,2
2024-10-13,25.563,36.345,33.7,21.4,49.667,813.0,0.798,2
2024-10-14,26.151,36.217,34.3,23.3,48.333,812.0,1.256,2
2024-10-15,26.239,34.885,33.4,19.5,49.292,809.0,1.417,2
2024-10-16,26.411,36.446,33.8,20.7,50.583,796.0,0.967,2
2024-10-17,26.824,37.123,34.3,19.8,57.458,790.0,0.965,2
2024-10-18,27.645,37.907,35.2,20.8,55.292,779.0,1.023,2
2024-10-19,27.603,38.609,36.2,21.7,56.542,777.0,1.11,2
2024-10-20,26.816,35.704,33.5,21.9,64.042,654.0,1.486,2
2024-10-21,27.841,37.045,34.0,21.6,69.958,750.0,1.367,2
2024-10-22,26.657,35.113,32.4,21.5,69.625,681.0,0.87,2
2024-10-23,25.227,33.819,32.6,20.3,59.292,780.0,1.448,2
2024-10-24,26.471,35.166,33.5,19.0,62.667,767.0,1.651,2
2024-10-25,25.698,33.331,32.4,18.4,63.542,769.0,1.843,2
2024-10-26,25.199,33.113,32.0,18.4,59.208,765.0,1.47,2
2024-10-27,26.564,35.765,32.8,19.5,63.167,750.0,0.647,2
2024-10-28,26.35,35.354,32.8,21.2,63.292,744.0,1.24,2
2024-10-29,26.886,36.139,33.1,20.3,64.708,735.0,0.925,2
2024-10-30,26.241,34.977,33.7,21.3,60.25,736.0,1.199,2
2024-10-31,26.852,34.551,33.5,20.1,61.0,733.0,1.848,2
2024-11-01,24.361,33.267,32.5,17.6,50.917,756.0,1.615,2
2024-11-02,23.264,33.55,32.0,17.4,45.375,743.0,0.941,2
2024-11-03,24.564,34.498,32.2,18.9,49.375,733.0,0.855,2
2024-11-04,23.804,32.26,30.1,16.3,60.375,731.0,0.848,2
2024-11-05,24.045,32.426,30.0,17.6,65.583,725.0,1.058,2
2024-11-06,24.652,32.555,29.7,17.5,72.292,687.0,0.633,2
2024-11-07,25.039,33.066,30.2,18.8,67.542,695.0,0.685,2
2024-11-08,25.012,33.437,30.8,18.6,67.125,701.0,0.673,2
2024-11-09,25.141,33.386,30.6,18.9,68.792,690.0,0.835,2
2024-11-10,25.395,33.7,31.0,18.8,69.875,682.0,0.833,2
2024-11-11,25.399,33.479,30.5,19.1,71.5,670.0,0.89,2
2024-11-12,24.857,32.503,30.3,19.7,67.208,673.0,1.18,2
2024-11-13,23.613,30.412,28.6,17.4,70.0,697.0,1.219,2
2024-11-14,23.351,31.095,29.1,16.8,66.167,692.0,1.033,2
2024-11-15,22.92,29.298,27.8,16.9,68.583,688.0,1.095,2
2024-11-16,23.036,29.344,27.8,18.0,73.875,679.0,1.181,2
2024-11-17,21.649,26.447,25.3,16.4,73.125,661.0,1.532,2
2024-11-18,20.386,25.947,24.7,14.6,68.542,668.0,1.252,2
2024-11-19,20.164,25.448,24.4,15.4,64.958,645.0,1.269,2
2024-11-20,19.841,25.802,24.7,12.7,62.833,687.0,1.298,2
2024-11-21,18.997,25.892,24.4,12.4,61.083,688.0,1.079,2
2024-11-22,19.909,27.033,24.9,13.4,64.417,672.0,0.854,2
2024-11-23,20.845,28.702,26.5,12.6,66.083,667.0,0.59,2
2024-11-24,21.372,28.638,27.2,13.5,65.333,667.0,1.068,2
2024-11-25,20.398,25.274,25.1,13.3,72.125,668.0,1.591,2
2024-11-26,19.794,25.399,25.0,12.4,66.25,669.0,1.402,2
2024-11-27,18.611,25.518,24.9,12.1,56.042,676.0,1.14,2
2024-11-28,18.826,25.962,24.9,13.3,51.875,672.0,0.876,2
2024-11-29,18.683,25.557,24.2,11.2,60.583,669.0,0.833,2
2024-11-30,19.248,25.554,24.3,11.0,67.125,655.0,1.098,2
2024-12-01,20.141,25.291,24.9,11.4,68.417,640.0,1.249,2
2024-12-02,19.046,25.831,24.7,11.1,60.083,655.0,1.03,2
2024-12-03,20.134,25.408,25.9,11.8,59.458,647.0,1.699,2
2024-12-04,19.35,25.099,25.8,12.3,53.333,651.0,1.912,2
2024-12-05,16.942,22.715,23.3,10.1,50.667,667.0,1.65,2
2024-12-06,16.074,22.007,22.7,9.7,48.25,668.0,1.469,2
2024-12-07,15.946,23.752,22.4,9.4,49.542,667.0,1.055,2
2024-12-08,17.103,20.565,22.1,9.3,64.333,446.0,1.865,2
2024-12-09,15.657,21.977,19.4,8.6,78.292,554.0,1.065,2
2024-12-10,15.765,20.278,20.1,7.5,70.917,649.0,1.501,2
2024-12-11,13.905,19.124,19.8,6.4,52.917,663.0,1.612,2
2024-12-12,15.251,19.466,20.5,7.3,59.333,652.0,1.635,2
2024-12-13,15.344,19.021,20.6,7.2,59.042,662.0,2.271,2
2024-12-14,14.977,19.46,20.7,6.0,59.375,654.0,1.889,2
2024-12-15,15.51,22.777,21.3,7.1,56.625,653.0,0.942,2
2024-12-16,16.675,24.504,22.6,8.5,55.958,650.0,0.503,2
2024-12-17,17.592,25.007,22.6,8.1,70.208,644.0,0.653,2
2024-12-18,16.634,23.455,21.6,5.3,67.458,651.0,1.048,2
2024-12-19,16.897,22.311,21.8,5.5,70.5,642.0,1.235,2
2024-12-20,17.895,23.499,22.0,9.5,74.792,620.0,1.07,2
2024-12-21,16.542,21.214,21.5,7.7,67.667,647.0,1.35,2
2024-12-22,16.961,23.554,21.5,7.8,70.875,641.0,0.915,2
2024-12-23,13.567,14.75,15.8,10.5,77.667,205.0,1.459,2
2024-12-24,15.195,19.926,18.7,8.4,76.208,474.0,0.982,2
2024-12-25,17.008,22.395,21.1,8.7,72.917,634.0,1.122,2
2024-12-26,17.369,24.451,21.8,9.7,70.792,636.0,0.821,2
2024-12-27,15.059,18.76,16.8,13.0,84.333,161.0,1.133,2
2024-12-28,16.993,21.738,19.4,13.2,87.083,286.0,0.803,2
2024-12-29,17.15,20.22,19.7,11.8,85.833,509.0,1.495,2
2024-12-30,16.596,19.447,19.3,9.9,84.583,626.0,1.729,2
2024-12-31,15.714,20.255,18.9,9.1,82.958,633.0,1.198,2
2025-01-01,15.666,19.565,18.7,9.8,83.5,617.0,1.432,2
2025-01-02,17.215,20.839,20.0,10.1,83.042,628.0,1.55,2
2025-01-03,18.334,23.306,21.7,9.1,83.583,601.0,1.057,2
2025-01-04,20.198,26.621,23.7,9.1,83.5,655.0,0.898,2
2025-01-05,19.952,24.595,22.0,10.0,89.375,625.0,1.253,2
2025-01-06,16.178,19.983,18.6,11.5,88.042,548.0,1.218,2
2025-01-07,15.027,16.893,17.6,10.7,80.208,636.0,2.278,2
2025-01-08,14.749,18.594,18.7,8.5,69.917,664.0,1.84,2
2025-01-09,15.212,21.46,18.6,9.0,75.667,668.0,0.736,2
2025-01-10,15.393,20.869,18.0,9.0,79.208,640.0,0.921,2
2025-01-11,13.478,16.499,15.3,8.6,88.292,298.0,1.511,2
2025-01-12,16.091,21.525,19.2,9.8,83.75,485.0,1.003,2
2025-01-13,15.817,20.43,18.5,10.5,84.875,578.0,1.146,2
2025-01-14,15.975,22.209,18.6,9.0,84.958,649.0,0.763,2
2025-01-15,16.235,21.645,19.1,8.5,81.583,630.0,0.714,2
2025-01-16,16.643,22.234,19.7,12.2,79.625,579.0,0.935,2
2025-01-17,16.871,19.777,19.7,9.0,82.667,678.0,1.66,2
2025-01-18,15.396,21.176,18.8,9.5,82.417,543.0,0.876,2
2025-01-19,17.018,22.496,20.2,8.8,81.458,651.0,0.925,2
2025-01-20,18.253,21.915,21.0,11.4,81.833,677.0,1.582,2
2025-01-21,17.234,21.352,21.1,11.5,73.833,643.0,1.758,2
2025-01-22,18.579,26.044,24.0,10.5,70.667,675.0,1.181,2
2025-01-23,17.726,22.353,22.4,13.0,69.25,590.0,1.443,2
2025-01-24,17.022,21.265,21.9,10.0,63.167,711.0,2.162,2
2025-01-25,15.625,19.893,20.6,7.9,61.875,724.0,2.13,2
2025-01-26,15.206,21.457,20.6,7.9,59.958,734.0,1.529,2
2025-01-27,16.262,22.325,21.6,8.7,60.958,728.0,1.303,2
2025-01-28,16.872,23.512,22.0,8.4,62.25,726.0,1.036,2
2025-01-29,18.297,24.328,22.7,10.0,70.0,724.0,1.415,2
2025-01-30,19.876,26.22,24.1,10.6,74.75,708.0,1.261,2
2025-01-31,20.808,26.577,25.3,12.3,72.208,715.0,1.526,2
2025-02-01,19.484,26.197,23.8,13.4,75.583,573.0,1.255,2
2025-02-02,17.564,22.249,22.7,10.7,69.958,747.0,1.968,2
2025-02-03,17.031,22.743,21.3,8.8,67.292,739.0,1.46,2
2025-02-04,19.388,24.716,22.6,13.6,75.958,539.0,0.69,2
2025-02-05,17.874,22.067,22.1,11.8,69.917,753.0,1.888,2
2025-02-06,15.582,18.125,21.3,9.9,59.875,770.0,2.566,2
2025-02-07,15.664,19.517,21.7,8.9,54.125,766.0,2.576,2
2025-02-08,17.352,22.98,22.6,8.9,59.667,755.0,1.89,2
2025-02-09,18.536,25.46,24.2,11.1,58.458,762.0,1.166,2
2025-02-10,19.699,27.752,26.7,12.5,54.208,755.0,1.037,2
2025-02-11,20.488,29.298,27.2,13.0,59.417,728.0,0.706,2
2025-02-12,19.779,24.745,25.0,12.0,59.333,769.0,1.951,2
2025-02-13,17.859,22.686,24.0,9.6,53.708,788.0,2.233,2
2025-02-14,18.417,24.631,24.8,10.0,55.917,695.0,1.836,2
2025-02-15,19.093,26.915,25.3,11.7,52.042,770.0,1.088,2
2025-02-16,19.223,26.84,25.1,12.9,57.083,744.0,0.977,2
2025-02-17,20.26,27.546,25.8,12.9,56.75,795.0,1.171,2
2025-02-18,19.355,25.279,24.9,12.7,61.792,669.0,1.485,2
2025-02-19,20.649,28.011,26.9,11.4,60.833,791.0,1.359,2
2025-02-20,19.107,22.349,22.6,14.3,70.625,647.0,2.628,2
2025-02-21,20.089,26.658,24.6,13.7,68.292,724.0,1.218,2
2025-02-22,18.901,23.952,24.0,12.9,66.208,789.0,1.921,2
2025-02-23,19.113,25.979,25.2,12.5,58.625,825.0,1.464,2
2025-02-24,19.861,26.854,25.1,12.3,61.625,822.0,1.242,2
2025-02-25,20.307,26.817,25.2,13.9,65.958,659.0,1.159,2
2025-02-26,22.161,28.692,27.4,14.9,65.625,673.0,1.093,2
2025-02-27,21.334,26.25,25.5,17.6,73.458,450.0,1.583,2
2025-02-28,20.41,23.652,23.4,16.0,80.625,402.0,2.131,2
2025-03-01,21.365,27.084,25.3,15.6,77.792,629.0,1.762,2
2025-03-02,20.651,27.058,26.5,15.2,63.917,847.0,1.777,2
2025-03-03,21.378,30.012,27.7,14.4,50.375,827.0,1.155,2
2025-03-04,18.845,23.361,24.5,14.9,49.083,870.0,2.802,2
2025-03-05,17.432,21.179,23.3,11.3,57.708,880.0,3.304,2
2025-03-06,18.867,25.912,26.9,11.1,46.667,875.0,2.574,2
2025-03-07,21.081,29.237,28.1,12.6,53.708,869.0,1.461,2
2025-03-08,21.442,30.102,28.9,13.7,49.917,879.0,1.525,2
2025-03-09,22.199,31.79,29.2,13.2,53.375,875.0,0.524,2
2025-03-10,23.929,33.283,30.8,16.7,54.333,854.0,1.262,2
2025-03-11,25.4,34.954,32.2,17.6,61.042,837.0,1.165,2
2025-03-12,24.315,31.852,30.6,16.8,60.417,856.0,1.717,2
2025-03-13,23.813,32.124,30.4,18.5,60.125,755.0,1.156,2
2025-03-14,24.117,33.643,31.1,17.0,59.542,806.0,0.895,2
2025-03-15,24.462,31.885,28.1,18.0,62.25,812.0,1.475,2
2025-03-16,23.437,31.227,28.8,17.9,67.542,870.0,1.722,2
2025-03-17,21.521,28.751,27.9,15.8,60.917,895.0,1.742,2
2025-03-18,22.401,31.005,29.5,16.2,54.25,902.0,1.628,2
2025-03-19,23.276,31.804,30.0,16.8,55.542,896.0,1.275,2
2025-03-20,23.458,32.252,30.2,16.7,58.583,870.0,1.275,2
2025-03-21,23.652,31.512,30.2,16.7,54.667,910.0,1.78,2
2025-03-22,23.062,32.294,31.0,17.2,48.417,917.0,1.485,2
2025-03-23,23.156,33.555,31.0,17.3,46.875,926.0,1.005,2
2025-03-24,23.973,34.095,31.2,18.8,46.292,916.0,0.774,2
2025-03-25,25.317,36.797,34.0,18.6,44.458,918.0,0.878,2
2025-03-26,26.504,39.699,36.9,19.5,39.875,920.0,1.002,2
2025-03-27,26.444,38.458,36.4,19.6,39.208,916.0,1.599,2
2025-03-28,19.873,30.623,30.5,17.5,33.417,993.0,2.92,2
2025-03-29,19.708,28.701,29.4,13.6,32.917,940.0,2.709,2
2025-03-30,21.443,31.085,30.2,14.6,40.542,961.0,1.989,2
2025-03-31,22.925,34.337,33.1,16.1,36.542,966.0,1.663,2
2025-04-01,22.237,34.556,33.2,17.2,32.0,974.0,1.675,2
2025-04-02,23.527,36.471,34.7,18.8,32.208,974.0,1.263,2
2025-04-03,24.469,37.985,35.4,21.5,29.625,961.0,0.869,2
2025-04-04,25.661,37.198,34.6,21.2,39.292,946.0,1.27,2
2025-04-05,25.398,36.425,34.6,18.3,42.667,957.0,1.662,2
2025-04-06,26.353,38.534,35.7,20.9,39.0,957.0,0.85,2
2025-04-07,27.129,40.34,37.3,23.1,34.958,951.0,0.867,2
2025-04-08,27.827,40.365,37.1,23.7,42.25,943.0,1.016,2
2025-04-09,29.43,40.769,37.0,22.3,58.25,927.0,1.649,2
2025-04-10,29.567,40.463,36.5,22.4,66.292,928.0,1.503,2
2025-04-11,28.512,37.893,34.0,20.1,71.875,924.0,2.486,2
2025-04-12,27.208,36.073,34.4,22.1,65.292,780.0,2.43,2
2025-04-13,27.06,37.823,34.8,22.2,54.625,939.0,1.339,2
2025-04-14,27.518,39.027,36.0,23.9,42.667,942.0,1.21,2
2025-04-15,28.09,40.17,37.0,24.8,43.292,863.0,1.806,2
2025-04-16,28.762,41.054,37.7,24.2,47.0,899.0,1.077,2
2025-04-17,29.844,43.843,40.6,25.6,42.125,947.0,1.04,2
2025-04-18,30.957,43.517,39.9,24.7,51.625,946.0,1.574,2
2025-04-19,29.882,42.715,39.9,26.2,56.833,947.0,2.315,2
2025-04-20,29.718,38.864,36.3,25.3,60.0,933.0,2.256,2
2025-04-21,28.77,41.623,38.3,25.8,45.792,919.0,0.97,2
2025-04-22,27.275,40.455,37.7,23.0,28.0,1002.0,1.831,2
2025-04-23,25.535,41.483,39.2,23.4,22.208,1019.0,1.588,2
2025-04-24,25.511,41.164,38.8,23.9,24.625,1017.0,1.056,2
2025-04-25,27.255,41.972,39.1,23.2,25.125,1005.0,1.327,2
2025-04-26,27.185,42.007,39.3,24.1,28.167,927.0,1.1,2
2025-04-27,27.9,41.76,38.5,24.1,34.667,980.0,0.957,2
2025-04-28,28.797,42.347,38.9,21.5,39.875,979.0,1.037,2
2025-04-29,29.679,40.599,37.4,23.1,50.75,967.0,2.073,2
2025-04-30,29.358,41.011,37.5,25.4,51.625,956.0,1.995,2
2025-05-01,28.997,37.352,34.6,26.0,53.458,940.0,2.931,2
2025-05-02,27.583,37.133,34.3,25.1,55.583,784.0,1.715,2
2025-05-03,28.604,37.645,34.4,23.9,61.958,896.0,2.269,2
2025-05-04,27.713,35.361,31.1,24.1,69.875,895.0,1.67,2
2025-05-05,27.248,34.609,30.9,23.7,75.833,775.0,1.505,2
2025-05-06,28.033,35.508,33.0,24.9,71.333,811.0,1.938,2
2025-05-07,27.662,35.715,32.6,23.8,72.292,742.0,1.822,2
2025-05-08,27.711,35.227,32.0,25.1,70.0,775.0,0.946,2
2025-05-09,28.809,38.788,35.2,24.8,62.875,870.0,1.04,2
2025-05-10,28.747,38.81,35.8,26.3,57.667,793.0,1.165,2
2025-05-11,29.025,39.148,36.1,25.1,57.375,800.0,1.226,2
2025-05-12,30.205,43.519,40.8,26.3,45.375,908.0,2.005,2
2025-05-13,30.809,46.177,42.5,28.2,28.875,944.0,2.388,2
2025-05-14,30.508,45.617,42.3,27.7,32.083,981.0,1.724,2
2025-05-15,30.506,46.445,42.5,29.0,33.625,982.0,1.124,2
2025-05-16,31.048,43.914,40.0,28.7,38.792,879.0,1.092,2
2025-05-17,31.395,44.586,41.0,28.4,42.917,973.0,1.39,2
2025-05-18,31.46,44.853,40.8,27.5,57.583,969.0,1.966,2
2025-05-19,32.192,43.721,39.7,28.1,61.0,958.0,2.085,2
2025-05-20,32.594,43.72,38.7,27.3,62.958,947.0,1.651,2
2025-05-21,31.676,41.468,37.1,28.4,64.375,954.0,2.248,2
2025-05-22,31.586,41.388,37.3,27.5,61.958,946.0,2.437,2
2025-05-23,32.232,42.238,38.3,28.0,58.667,935.0,2.482,2
2025-05-24,30.54,40.489,37.6,27.6,58.833,931.0,2.742,2
2025-05-25,29.905,38.692,35.0,26.2,67.667,845.0,2.083,2
2025-05-26,30.41,40.615,36.4,28.0,61.542,880.0,1.271,2
2025-05-27,30.312,39.017,34.6,28.1,65.542,884.0,1.663,2
2025-05-28,30.263,39.233,34.1,28.0,71.458,826.0,1.134,2
2025-05-29,30.936,41.299,36.3,28.0,68.708,881.0,1.296,2
2025-05-30,30.616,39.57,34.7,27.5,74.208,732.0,1.38,2
2025-05-31,31.189,40.716,35.8,27.0,73.0,807.0,1.672,2
2025-06-01,30.553,40.518,36.6,26.3,61.958,918.0,2.052,2
2025-06-02,28.627,36.664,33.4,27.0,62.167,849.0,1.908,2
2025-06-03,26.871,34.298,31.5,23.9,74.167,675.0,1.253,2
2025-06-04,28.277,37.527,33.6,24.4,69.375,903.0,0.996,2
2025-06-05,29.335,39.321,35.2,25.1,64.125,903.0,1.01,2
2025-06-06,29.156,39.564,35.8,26.8,57.917,912.0,1.289,2
2025-06-07,29.997,42.365,38.7,27.4,48.958,939.0,1.529,2
2025-06-08,31.654,44.212,40.4,27.5,50.75,962.0,1.915,2
2025-06-09,30.686,44.091,41.0,29.1,43.5,978.0,2.8,2
2025-06-10,30.634,43.405,40.3,26.9,38.625,975.0,2.222,2
2025-06-11,32.978,45.208,40.3,28.6,49.125,953.0,1.312,2
2025-06-12,32.959,44.431,39.9,30.1,56.708,917.0,1.723,2
2025-06-13,32.685,43.748,39.4,29.7,59.542,877.0,2.263,2
2025-06-14,32.66,43.51,38.5,29.9,61.875,839.0,1.62,2
2025-06-15,31.697,41.074,36.3,29.0,68.5,842.0,1.541,2
2025-06-16,28.346,33.982,30.8,26.9,82.958,331.0,2.174,2
2025-06-17,28.758,35.045,31.2,26.7,84.583,492.0,1.865,2
2025-06-18,28.382,34.113,30.3,26.3,84.75,463.0,1.645,2
2025-06-19,29.139,35.597,31.8,26.3,83.417,554.0,1.781,2
2025-06-20,29.195,35.9,33.1,26.6,82.042,491.0,1.684,2
2025-06-21,30.516,39.621,36.2,27.4,67.917,773.0,1.812,2
2025-06-22,29.733,37.083,33.8,27.1,74.0,576.0,1.86,2
2025-06-23,29.923,37.452,33.6,27.3,75.792,643.0,1.802,2
2025-06-24,30.877,39.866,35.2,27.6,71.708,658.0,1.353,2
2025-06-25,30.181,37.955,34.7,27.6,69.667,689.0,1.96,2
2025-06-26,30.138,37.831,34.5,27.4,71.292,687.0,1.946,2
2025-06-27,30.191,37.545,34.1,28.1,72.75,611.0,2.005,2
2025-06-28,29.877,37.635,34.3,26.7,74.583,636.0,1.86,2
2025-06-29,29.245,36.347,32.1,26.6,80.583,422.0,0.964,2
2025-06-30,27.566,33.65,29.5,26.8,85.167,251.0,0.908,2
2025-07-01,29.908,36.981,34.1,26.2,76.333,651.0,1.783,2
2025-07-02,30.157,37.27,34.3,26.9,73.542,684.0,2.323,2
2025-07-03,29.4,35.716,32.0,26.8,82.708,622.0,2.261,2
2025-07-04,30.202,38.012,33.3,26.3,78.958,670.0,1.768,2
2025-07-05,30.184,38.756,34.7,27.4,74.625,725.0,0.974,2
2025-07-06,30.729,38.881,34.7,27.7,73.25,639.0,1.481,2
2025-07-07,29.691,36.993,32.6,26.9,79.375,620.0,1.374,2
2025-07-08,29.539,36.819,32.2,26.9,80.75,568.0,1.258,2
2025-07-09,28.427,34.355,30.3,26.3,86.458,447.0,1.767,2
2025-07-10,27.575,32.563,29.8,26.1,87.375,258.0,1.71,2
2025-07-11,27.047,32.285,29.0,25.6,87.792,275.0,1.459,2
2025-07-12,29.382,36.63,32.7,26.3,80.583,534.0,1.18,2
2025-07-13,29.516,36.198,32.8,27.0,81.417,648.0,1.71,2
2025-07-14,28.011,32.1,30.4,26.2,84.792,378.0,3.318,2
2025-07-15,27.099,29.432,28.8,25.7,86.708,479.0,3.287,2
2025-07-16,28.784,34.867,31.2,25.7,84.875,538.0,1.852,2
2025-07-17,28.88,34.498,32.4,26.1,78.542,646.0,2.208,2
2025-07-18,26.917,30.189,28.7,26.2,83.75,334.0,3.099,2
2025-07-19,28.939,35.401,32.6,25.7,76.667,624.0,2.342,2
2025-07-20,29.959,38.205,34.9,26.2,71.042,712.0,1.626,2
2025-07-21,29.089,36.296,32.5,26.8,78.042,566.0,1.716,2
2025-07-22,28.493,34.926,30.4,27.0,86.333,433.0,0.98,2
2025-07-23,27.286,32.743,28.5,26.5,90.833,229.0,1.136,2
2025-07-24,28.501,35.573,31.3,26.1,84.833,381.0,1.001,2
2025-07-25,30.135,38.13,32.7,26.8,85.0,669.0,0.949,2
2025-07-26,30.002,37.3,34.1,26.7,76.292,775.0,1.984,2
2025-07-27,30.205,37.241,34.7,28.2,69.958,691.0,2.402,2
2025-07-28,30.025,36.623,32.3,27.8,80.5,542.0,1.897,2
2025-07-29,26.964,31.597,28.0,26.6,90.875,207.0,1.684,2
2025-07-30,28.626,33.666,30.9,26.3,84.542,464.0,2.402,2
2025-07-31,29.243,35.329,31.5,26.6,83.042,694.0,2.699,2
2025-08-01,27.338,32.351,29.0,24.7,85.167,333.0,2.494,2
2025-08-02,27.22,32.299,28.8,25.9,85.792,463.0,1.604,2
2025-08-03,26.867,31.632,27.8,25.8,91.542,162.0,1.671,2
2025-08-04,28.718,34.994,31.0,26.1,87.917,408.0,1.544,2
2025-08-05,26.6,31.871,28.6,24.9,87.667,301.0,2.306,2
2025-08-06,27.523,33.856,31.1,23.7,85.208,188.0,2.054,2
2025-08-07,29.998,38.505,35.0,26.8,67.292,785.0,1.663,2
2025-08-08,30.283,38.715,34.2,28.4,72.083,643.0,1.199,2
2025-08-09,28.603,34.369,31.0,26.5,83.333,544.0,1.989,2
2025-08-10,29.162,35.505,32.6,25.7,80.333,678.0,2.501,2
2025-08-11,29.419,36.841,31.7,27.0,83.542,559.0,0.856,2
2025-08-12,28.539,34.318,31.7,27.7,79.167,490.0,1.619,2
2025-08-13,30.067,39.149,34.9,27.1,73.125,687.0,0.94,2
2025-08-14,27.757,33.352,29.5,26.8,87.917,449.0,1.565,2
2025-08-15,28.766,35.49,32.2,26.0,82.625,614.0,1.755,2
2025-08-16,29.83,37.672,32.5,26.5,83.125,727.0,1.252,2
2025-08-17,29.81,36.364,32.0,27.0,84.375,554.0,1.53,2
2025-08-18,29.267,35.518,31.8,26.8,83.417,603.0,2.079,2
2025-08-19,29.139,35.838,32.1,26.5,82.375,571.0,1.888,2
2025-08-20,29.076,35.635,32.3,26.6,82.458,655.0,1.864,2
2025-08-21,29.132,36.074,31.5,26.2,84.083,639.0,1.646,2
2025-08-22,28.993,36.416,31.3,26.0,82.75,670.0,1.279,2
2025-08-23,28.252,34.361,30.4,25.9,84.875,563.0,1.945,2
2025-08-24,27.646,31.89,29.8,25.7,85.958,468.0,3.146,2
2025-08-25,26.489,29.417,27.9,25.2,90.083,292.0,2.861,2
2025-08-26,26.797,30.671,28.6,25.1,89.625,279.0,2.33,2
2025-08-27,28.858,35.512,31.7,25.3,83.458,614.0,1.957,2
2025-08-28,28.663,34.622,30.8,25.8,86.083,539.0,1.646,2
2025-08-29,26.911,31.243,28.1,25.4,90.542,248.0,1.722,2
2025-08-30,27.467,32.688,29.0,25.6,89.583,299.0,1.675,2
2025-08-31,26.653,31.069,27.9,25.1,91.875,266.0,1.991,2
2025-09-01,25.978,29.071,26.8,24.7,93.0,193.0,2.415,2
2025-09-02,26.575,30.772,27.6,24.9,92.042,343.0,2.188,2
2025-09-03,26.641,30.891,27.8,24.9,91.75,391.0,1.863,2
2025-09-04,28.765,34.022,30.9,25.1,88.458,587.0,2.18,2
2025-09-05,27.844,32.501,29.4,25.5,88.917,431.0,2.455,2
2025-09-06,28.051,32.332,29.9,25.3,89.042,523.0,2.652,2
2025-09-07,28.153,33.046,30.4,25.2,86.125,556.0,2.416,2
2025-09-08,28.39,34.688,31.5,25.0,80.708,635.0,1.651,2
2025-09-09,28.664,36.78,33.1,25.7,74.0,680.0,1.151,2
2025-09-10,29.551,36.034,34.0,26.3,72.292,727.0,2.48,2
2025-09-11,28.852,36.409,34.6,26.1,61.458,731.0,2.488,2
2025-09-12,29.04,37.473,34.3,25.4,65.708,738.0,1.67,2
2025-09-13,28.849,37.583,34.0,25.2,71.167,698.0,1.144,2
2025-09-14,29.259,36.552,31.9,25.8,84.458,584.0,0.949,2
2025-09-15,28.598,35.839,31.7,25.8,81.375,497.0,0.794,2
2025-09-16,28.569,35.564,31.7,25.7,83.5,574.0,1.468,2
2025-09-17,27.319,32.443,30.5,25.2,81.0,534.0,2.296,2
2025-09-18,28.269,34.069,31.3,25.0,79.625,590.0,2.112,2
2025-09-19,28.532,36.343,33.1,25.6,74.625,725.0,1.444,2
2025-09-20,29.292,36.938,33.6,25.9,72.875,732.0,1.188,2
2025-09-21,29.616,38.478,35.3,26.5,64.167,847.0,1.423,2
2025-09-22,29.947,39.107,36.2,27.1,57.667,842.0,1.818,2
2025-09-23,28.562,37.994,35.5,25.4,57.375,874.0,1.929,2
2025-09-24,28.944,37.811,35.0,24.4,61.625,866.0,1.863,2
2025-09-25,29.002,37.677,34.9,24.2,63.792,864.0,1.7,2
2025-09-26,29.511,38.229,34.9,24.6,63.542,855.0,1.511,2
2025-09-27,30.161,40.343,35.9,25.8,63.958,831.0,0.632,2
2025-09-28,30.104,38.064,34.0,27.1,72.833,700.0,1.233,2
2025-09-29,29.481,37.591,32.9,26.5,78.0,722.0,1.151,2
2025-09-30,28.266,34.387,30.3,25.7,82.875,636.0,1.4,2
2025-10-01,27.493,33.446,30.2,25.1,83.292,499.0,0.982,2
2025-10-02,28.668,36.152,31.6,24.0,83.25,712.0,1.234,2
2025-10-03,28.128,35.513,31.1,24.8,81.542,638.0,0.876,2
2025-10-04,28.333,38.059,35.3,26.0,60.875,730.0,1.482,2
2025-10-05,27.68,37.28,35.1,24.8,54.583,664.0,1.694,2
2025-10-06,24.589,29.435,28.0,20.9,82.708,424.0,2.082,2
2025-10-07,25.82,32.611,28.1,21.5,84.792,659.0,1.078,2
2025-10-08,24.499,31.393,27.4,19.6,81.667,717.0,1.208,2
2025-10-09,24.097,29.985,27.5,18.1,77.167,716.0,1.594,2
2025-10-10,24.073,30.638,28.1,18.3,72.417,754.0,1.482,2
2025-10-11,24.356,31.01,28.9,18.7,70.0,755.0,1.567,2
2025-10-12,24.496,31.845,30.2,18.7,64.833,755.0,1.68,2
2025-10-13,24.702,33.457,31.1,18.3,59.583,754.0,1.265,2
2025-10-14,23.67,33.817,31.9,18.3,51.333,751.0,0.979,2
2025-10-15,23.982,34.371,32.5,19.7,48.542,745.0,0.834,2
2025-10-16,24.522,34.353,32.1,19.1,47.667,740.0,1.068,2
2025-10-17,25.222,34.863,32.5,19.9,50.792,725.0,1.026,2
2025-10-18,25.657,35.464,33.1,20.5,55.25,716.0,0.82,2
2025-10-19,25.568,35.51,33.4,21.7,52.208,717.0,0.964,2
2025-10-20,25.505,35.366,33.6,21.8,48.208,711.0,0.93,2
2025-10-21,24.879,33.044,31.2,22.6,54.208,606.0,0.915,2
2025-10-22,25.219,34.316,32.1,21.4,51.917,674.0,1.116,2
2025-10-23,23.765,33.584,32.0,19.7,43.583,706.0,1.239,2
2025-10-24,23.778,33.679,32.1,19.3,44.625,703.0,1.252,2
2025-10-25,23.287,33.72,32.4,18.7,44.875,704.0,0.859,2
2025-10-26,23.767,33.896,32.1,20.6,44.042,699.0,0.959,2
2025-10-27,22.713,30.503,29.4,20.0,52.917,529.0,1.032,2
2025-10-28,23.654,30.624,29.1,20.7,58.292,555.0,1.028,2
2025-10-29,24.46,32.564,30.6,20.8,56.208,660.0,0.68,2
2025-10-30,23.601,29.806,28.4,20.5,65.917,418.0,1.035,2
2025-10-31,25.575,33.414,31.1,21.2,64.875,649.0,1.329,2
2025-11-01,23.888,32.304,31.2,19.9,50.792,667.0,1.63,2
2025-11-02,22.775,30.345,30.5,19.1,47.583,672.0,2.057,2
2025-11-03,22.849,31.467,31.7,18.2,43.208,676.0,1.803,2
2025-11-04,22.805,31.557,30.9,17.9,49.583,661.0,1.712,2
2025-11-05,23.633,30.974,28.5,17.8,64.125,640.0,1.221,2
2025-11-06,18.737,25.949,26.1,14.7,50.0,684.0,2.086,2
2025-11-07,19.491,26.876,26.9,13.6,45.083,673.0,2.059,2
2025-11-08,19.177,27.76,27.6,13.4,42.75,668.0,1.722,2
2025-11-09,20.037,27.2,27.5,13.6,46.625,659.0,1.785,2
2025-11-10,19.261,27.867,27.2,13.0,46.792,656.0,1.095,2
2025-11-11,19.325,26.779,27.2,13.2,45.542,654.0,1.641,2
2025-11-12,19.704,25.908,27.1,13.9,46.167,645.0,2.114,2
2025-11-13,19.299,26.439,26.8,13.0,49.167,645.0,1.772,2
2025-11-14,18.813,26.067,26.5,12.7,48.292,635.0,1.769,2
2025-11-15,18.898,26.154,26.6,12.3,47.167,639.0,1.706,2
2025-11-16,19.054,25.872,26.8,12.2,44.75,631.0,1.741,2
2025-11-17,18.937,26.772,25.9,11.8,49.625,625.0,1.018,2
2025-11-18,20.05,26.419,25.6,12.4,58.542,612.0,1.168,2
2025-11-19,19.395,27.863,26.6,12.1,55.333,608.0,0.753,2
2025-11-20,20.067,28.123,26.6,12.9,57.542,601.0,0.605,2
2025-11-21,20.021,27.765,26.0,14.4,61.958,592.0,0.399,2
2025-11-22,19.434,26.243,25.5,13.4,59.333,597.0,1.287,2
2025-11-23,18.578,25.6,25.0,12.6,55.167,600.0,1.087,2
2025-11-24,18.454,25.713,24.9,12.0,57.458,594.0,1.12,2
2025-11-25,17.547,23.743,23.8,11.3,56.958,601.0,1.472,2
2025-11-26,17.287,24.58,23.4,10.4,58.875,598.0,1.028,2
2025-11-27,18.022,25.603,24.0,10.9,62.0,590.0,0.728,2
2025-11-28,18.167,25.201,25.2,11.7,58.833,578.0,1.407,2
2025-11-29,18.877,25.372,25.9,12.7,52.292,571.0,1.551,2
2025-11-30,17.387,23.123,23.9,11.7,47.167,582.0,1.666,2
2025-12-01,17.284,24.502,24.1,10.5,46.583,584.0,0.883,2
2025-12-02,19.648,26.851,25.0,12.6,54.375,554.0,0.908,2
2025-12-03,16.331,22.891,22.8,10.3,52.458,592.0,1.435,2
2025-12-04,15.671,20.857,21.8,10.1,53.292,587.0,1.794,2
2025-12-05,16.041,22.084,21.7,8.3,55.208,579.0,1.377,2
2025-12-06,17.177,22.024,23.5,10.6,49.125,578.0,2.37,2
2025-12-07,17.946,23.195,23.7,11.4,51.958,565.0,2.061,2
2025-12-08,18.171,23.791,24.7,12.2,50.917,567.0,2.123,2
2025-12-09,17.636,22.624,24.2,11.5,51.542,577.0,2.352,2
2025-12-10,18.425,23.712,24.1,11.7,57.042,569.0,1.991,2
2025-12-11,18.13,23.906,23.9,10.3,59.333,564.0,1.407,2
2025-12-12,18.243,25.512,24.5,10.6,62.667,562.0,0.988,2
2025-12-13,19.334,26.555,24.9,10.5,69.083,557.0,0.513,2
2025-12-14,19.104,26.139,24.6,10.0,72.0,554.0,0.602,2
2025-12-15,18.668,24.098,24.5,11.4,66.375,568.0,1.658,2
2025-12-16,18.722,22.739,23.9,12.0,63.25,567.0,2.496,2
2025-12-17,19.418,24.22,24.7,12.7,61.167,564.0,2.247,2
2025-12-18,19.247,24.475,24.0,11.3,69.208,533.0,1.484,2
2025-12-19,18.401,23.572,23.8,11.2,66.958,549.0,1.748,2
2025-12-20,17.846,24.55,23.3,10.0,64.458,556.0,1.062,2
2025-12-21,18.12,24.501,23.2,12.1,70.125,468.0,0.977,2
2025-12-22,19.6,26.412,24.9,12.2,75.583,540.0,0.626,2
2025-12-23,19.784,24.123,24.6,13.1,72.583,551.0,2.288,2
2025-12-24,15.469,18.834,20.6,10.6,62.625,576.0,2.418,2
2025-12-25,15.696,21.772,21.0,8.6,58.792,574.0,1.417,2
2025-12-26,15.557,21.554,21.3,9.5,61.792,555.0,1.108,2
2025-12-27,16.491,21.093,21.0,9.2,70.875,536.0,1.402,2
2025-12-28,16.886,22.249,21.4,8.1,72.875,571.0,1.236,2
2025-12-29,16.728,21.664,21.6,8.7,70.583,567.0,1.628,2
2025-12-30,16.602,22.309,22.2,9.1,68.667,563.0,1.44,2
2025-12-31,17.426,24.408,22.7,7.9,72.333,539.0,0.946,2
2026-01-01,17.002,22.704,19.8,11.1,82.875,514.0,1.171,2
2026-01-02,15.554,18.407,18.0,10.3,85.667,395.0,1.326,2
2026-01-03,14.706,18.79,17.9,7.5,81.208,565.0,1.358,2
2026-01-04,15.432,20.214,18.7,7.5,78.583,572.0,1.28,2
2026-01-05,15.438,19.089,19.0,7.9,76.375,572.0,1.743,2
2026-01-06,15.881,20.409,19.7,9.1,78.792,572.0,1.59,2
2026-01-07,14.484,18.597,18.8,6.8,74.875,591.0,1.613,2
2026-01-08,14.121,19.326,18.2,6.4,74.708,593.0,1.366,2
2026-01-09,14.184,20.303,18.0,6.6,81.542,568.0,0.942,2
2026-01-10,14.385,19.449,17.9,6.2,78.417,585.0,1.391,2
2026-01-11,12.821,16.277,16.5,5.3,74.708,610.0,1.813,2
2026-01-12,13.531,19.694,17.3,5.3,72.75,608.0,1.155,2
2026-01-13,15.126,19.791,18.4,5.4,79.708,601.0,1.165,2
2026-01-14,14.035,18.274,17.0,5.4,81.333,614.0,1.52,2
2026-01-15,15.5,19.024,18.9,5.8,77.208,608.0,1.618,2
2026-01-16,16.679,22.178,21.8,7.2,68.5,608.0,1.342,2
2026-01-17,17.477,24.442,22.6,8.3,74.875,560.0,0.565,2
2026-01-18,18.509,24.113,21.8,9.6,81.792,599.0,0.843,2
2026-01-19,17.802,25.421,23.6,9.3,71.0,606.0,0.728,2
2026-01-20,17.836,24.61,23.7,9.4,70.25,614.0,1.278,2
2026-01-21,16.318,22.903,22.9,8.5,62.708,635.0,1.381,2
2026-01-22,18.669,26.865,25.5,8.5,60.25,626.0,1.545,2
2026-01-23,16.993,17.413,18.8,11.1,82.667,493.0,2.694,2
2026-01-24,12.054,17.426,15.9,5.3,66.292,631.0,1.984,2
2026-01-25,13.303,16.915,16.4,5.4,72.5,656.0,1.875,2
2026-01-26,14.755,21.497,18.2,4.7,77.167,653.0,1.006,2
2026-01-27,16.516,18.882,18.2,9.0,83.542,544.0,1.742,2
2026-01-28,15.297,18.455,17.7,11.5,83.333,465.0,1.6,2
2026-01-29,16.08,20.083,18.4,8.2,82.5,655.0,1.606,2
2026-01-30,16.448,21.333,19.5,8.9,79.583,591.0,1.245,2
2026-01-31,16.65,23.39,20.6,7.1,80.708,651.0,0.665,2
2026-02-01,19.484,25.187,22.3,11.4,83.292,613.0,0.885,2
2026-02-02,18.849,22.995,20.7,11.8,88.042,646.0,1.319,2
2026-02-03,16.967,23.126,20.1,9.5,81.958,673.0,1.057,2
2026-02-04,17.427,21.699,21.1,9.8,76.875,684.0,1.829,2
2026-02-05,16.995,21.416,21.0,9.5,71.292,700.0,2.159,2
2026-02-06,18.023,21.448,22.1,10.2,68.625,695.0,2.214,2
2026-02-07,19.194,22.595,23.3,12.0,69.958,691.0,2.345,2
2026-02-08,17.548,22.109,22.4,10.9,64.167,710.0,1.85,2
2026-02-09,18.184,26.1,24.1,10.0,62.417,694.0,1.01,2
2026-02-10,20.661,27.352,26.1,11.0,64.958,691.0,1.141,2
2026-02-11,20.69,27.097,26.3,13.6,64.833,701.0,1.645,2
2026-02-12,18.428,23.726,24.2,12.3,53.417,729.0,2.136,2
2026-02-13,18.676,25.439,25.6,11.9,49.083,697.0,1.695,2
2026-02-14,20.18,28.047,27.7,12.3,49.542,724.0,1.57,2
2026-02-15,20.751,27.934,28.0,13.4,50.667,735.0,1.557,2
2026-02-16,20.955,30.892,29.7,13.4,49.167,736.0,1.201,2
2026-02-17,21.327,31.156,30.1,15.5,50.583,736.0,1.538,2
2026-02-18,21.105,28.621,27.5,16.6,60.542,672.0,1.4,2
2026-02-19,21.137,29.341,27.6,14.8,62.833,726.0,1.031,2
2026-02-20,21.196,29.025,27.8,14.3,61.292,741.0,1.335,2
2026-02-21,21.211,28.351,27.8,14.5,54.833,752.0,1.804,2
2026-02-22,20.868,29.704,28.7,14.3,51.417,760.0,1.342,2
2026-02-23,21.256,31.36,29.6,15.3,47.875,763.0,1.018,2
2026-02-24,20.857,30.461,29.3,15.1,46.75,775.0,1.192,2
2026-02-25,20.571,29.784,29.4,14.6,43.417,783.0,1.617,2
2026-02-26,21.263,30.029,30.1,15.3,38.042,785.0,1.954,2
2026-02-27,22.047,33.041,31.9,15.4,38.0,784.0,1.305,2
2026-02-28,22.523,33.106,31.8,19.0,40.125,786.0,1.36,2
2026-03-01,22.115,30.165,30.2,16.9,44.0,796.0,2.286,2
2026-03-02,22.708,30.166,30.5,17.3,45.167,799.0,2.51,2
2026-03-03,22.974,31.054,31.5,17.3,39.667,807.0,2.967,2
2026-03-04,24.669,33.677,32.7,18.3,43.083,798.0,2.554,2
2026-03-05,25.673,34.202,33.7,20.5,42.083,803.0,3.122,2
2026-03-06,24.32,36.14,34.5,19.0,38.708,818.0,1.347,2
2026-03-07,25.817,37.959,35.6,20.7,47.875,814.0,0.789,2
2026-03-08,24.53,37.026,35.4,19.5,42.792,821.0,1.451,2
2026-03-09,26.482,36.462,34.9,20.8,43.625,802.0,1.831,2
2026-03-10,26.247,38.336,36.1,21.6,43.833,821.0,1.099,2
2026-03-11,24.466,37.94,36.5,20.0,35.125,837.0,1.811,2
2026-03-12,24.722,35.981,34.7,20.8,35.042,741.0,1.423,2
2026-03-13,23.714,34.399,32.9,20.5,42.167,773.0,1.694,2
2026-03-14,22.238,33.184,32.8,20.4,33.125,755.0,1.74,2
2026-03-15,23.182,30.484,29.0,19.5,51.833,809.0,2.112,2
2026-03-16,23.539,31.208,31.6,16.8,56.125,841.0,2.609,2
2026-03-17,23.032,33.496,31.5,15.9,44.375,838.0,1.608,2
2026-03-18,23.378,34.456,32.9,19.0,41.167,773.0,1.284,2
2026-03-19,22.541,29.998,28.3,18.7,49.625,748.0,1.386,2
2026-03-20,19.941,25.646,22.1,16.1,85.667,639.0,1.122,2
2026-03-21,21.377,28.382,24.8,15.3,78.333,848.0,1.389,2
2026-03-22,22.055,28.197,26.4,14.9,70.5,849.0,1.448,2
2026-03-23,22.401,29.306,26.2,17.5,70.917,635.0,1.031,2
2026-03-24,23.583,30.407,28.2,15.8,68.792,859.0,1.479,2
2026-03-25,24.464,32.698,30.3,16.9,57.917,863.0,1.484,2
2026-03-26,24.844,34.187,32.4,21.6,48.417,836.0,1.145,2
2026-03-27,25.13,32.546,31.3,20.8,57.0,827.0,1.868,2
2026-03-28,24.695,33.98,31.3,19.5,56.792,860.0,0.96,2
2026-03-29,26.159,36.234,33.3,22.6,48.875,827.0,0.611,2
2026-03-30,24.622,32.126,29.8,22.1,55.167,727.0,1.323,2
2026-03-31,25.46,34.406,32.3,20.0,53.083,846.0,1.225,2
2026-04-01,25.52,36.506,34.1,21.8,49.833,810.0,0.923,2
2026-04-02,26.613,37.156,34.6,21.1,56.708,843.0,0.825,2
2026-04-03,26.146,35.914,33.3,21.5,57.042,873.0,1.615,2
2026-04-04,24.423,31.303,29.6,20.0,68.875,676.0,1.622,2
2026-04-05,23.292,30.047,29.6,19.3,60.292,781.0,1.958,2
2026-04-06,24.428,32.773,31.1,17.2,53.917,869.0,1.388,2
2026-04-07,23.521,29.044,29.5,19.7,51.333,390.0,1.936,2
2026-04-08,24.499,29.612,27.3,17.7,73.708,804.0,1.957,2
2026-04-09,22.553,30.162,28.0,16.3,60.792,826.0,1.543,2
2026-04-10,19.251,28.766,30.1,17.1,28.417,911.0,2.788,2
2026-04-11,25.289,34.301,33.5,19.0,29.833,884.0,2.615,2
2026-04-12,23.414,33.831,32.8,20.1,38.292,903.0,2.142,2
2026-04-13,24.142,36.617,35.0,20.3,27.833,923.0,2.264,2
2026-04-14,25.074,38.854,37.2,21.6,22.375,907.0,1.835,2
2026-04-15,26.721,42.883,40.5,24.1,19.458,914.0,0.985,2
2026-04-16,25.825,42.118,39.8,24.0,20.333,914.0,1.305,2
2026-04-17,27.244,42.981,40.7,27.0,23.542,748.0,1.585,2
2026-04-18,27.6,42.929,40.2,24.2,27.833,898.0,1.255,2
2026-04-19,27.235,42.746,40.7,26.9,22.5,817.0,1.314,2
2026-04-20,26.547,40.968,38.8,24.7,21.75,901.0,2.215,2
2026-04-21,26.503,40.397,38.7,24.6,20.708,908.0,2.719,2
2026-04-22,27.04,42.48,40.4,25.7,19.792,910.0,2.573,2
2026-04-23,27.279,43.638,41.3,27.3,15.917,910.0,2.455,2
2026-04-24,28.437,44.677,41.7,26.7,21.083,890.0,1.919,2
2026-04-25,28.811,45.1,42.2,27.9,24.583,889.0,2.199,2
2026-04-26,28.764,43.606,41.0,28.4,23.125,883.0,2.822,2
2026-04-27,29.021,45.076,42.0,27.5,23.083,883.0,2.322,2
2026-04-28,28.541,43.37,40.6,28.9,25.333,852.0,2.217,2
2026-04-29,27.721,40.595,38.3,26.9,34.625,818.0,1.842,2
2026-04-30,28.098,39.813,36.2,25.8,47.583,872.0,1.888,2
2026-05-01,28.234,39.358,37.7,23.2,47.417,871.0,1.716,2
2026-05-02,28.477,43.041,40.4,26.8,35.542,876.0,1.54,2
2026-05-03,29.608,41.147,38.4,26.4,47.5,872.0,2.985,2
2026-05-04,28.182,36.315,34.5,23.6,64.5,866.0,3.619,2
2026-05-05,26.892,35.045,32.3,20.9,67.042,805.0,1.746,2
2026-05-06,26.285,38.3,36.4,21.5,43.0,881.0,1.548,2
2026-05-07,26.698,38.881,36.5,23.6,40.625,875.0,2.569,2
2026-05-08,27.186,38.637,36.2,22.6,46.625,870.0,2.431,2
2026-05-09,27.598,39.192,36.4,22.6,45.417,859.0,1.585,2
2026-05-10,28.625,41.126,38.1,25.9,43.167,857.0,2.041,2
2026-05-11,29.457,41.668,38.6,26.9,42.0,845.0,2.005,2
2026-05-12,29.581,39.928,38.1,27.6,48.792,845.0,2.524,2
2026-05-13,28.487,38.179,37.4,25.6,55.333,841.0,1.707,2
2026-05-14,29.792,42.977,39.4,25.7,44.583,860.0,1.045,2
2026-05-15,28.788,44.746,41.7,29.2,27.0,883.0,1.877,2
2026-05-16,28.703,42.957,40.3,28.5,26.875,877.0,1.997,2
2026-05-17,29.825,43.502,40.7,28.9,28.292,877.0,2.57,2
2026-05-18,30.781,45.407,42.5,29.8,25.708,885.0,2.711,2
2026-05-19,28.768,46.099,43.3,31.9,17.417,904.0,2.659,2
2026-05-20,29.316,46.167,43.0,30.3,18.958,909.0,2.205,2
2026-05-21,30.331,46.823,43.6,31.1,22.333,890.0,2.602,2
2026-05-22,29.129,45.901,42.9,31.0,19.042,894.0,2.56,2
2026-05-23,28.749,43.759,41.1,31.3,23.083,855.0,2.665,2
2026-05-24,29.04,45.426,42.7,29.5,23.667,898.0,2.267,2
2026-05-25,30.918,45.647,42.3,32.6,23.708,882.0,3.089,2
2026-05-26,28.706,45.268,42.7,30.6,23.25,900.0,2.365,2
2026-05-27,28.858,45.71,42.8,30.5,17.833,902.0,2.016,2
2026-05-28,30.41,46.996,43.6,28.0,34.5,873.0,1.991,2
2026-05-29,29.742,38.444,36.0,24.5,66.125,849.0,2.852,2
2026-05-30,27.712,35.152,33.6,24.4,63.542,791.0,1.915,2
2026-05-31,28.097,36.608,32.9,23.2,67.708,832.0,1.37,2
2026-06-01,27.636,36.444,33.2,23.4,60.333,817.0,1.463,2
2026-06-02,28.885,39.528,36.5,25.8,52.958,791.0,1.461,2
2026-06-03,29.884,42.908,39.6,29.0,41.167,868.0,1.123,2
2026-06-04,29.847,43.059,39.9,30.0,37.583,838.0,1.57,2
2026-06-05,30.042,42.022,38.5,29.5,47.5,866.0,1.302,2
2026-06-06,30.209,41.292,37.7,28.3,46.708,874.0,1.268,2
2026-06-07,29.932,44.654,41.1,29.0,38.708,865.0,1.671,2
2026-06-08,30.917,45.666,42.6,31.1,30.5,828.0,1.858,2
2026-06-09,30.314,45.856,42.6,31.0,26.75,891.0,2.009,2
2026-06-10,32.463,45.318,42.1,32.9,32.375,857.0,2.405,2
2026-06-11,31.419,41.669,38.7,26.4,50.583,823.0,2.022,2
2026-06-12,28.567,35.774,31.3,24.9,77.75,742.0,2.432,2
2026-06-13,30.333,39.789,35.1,26.5,71.792,858.0,1.361,2
2026-06-14,29.89,40.488,36.9,25.7,62.25,870.0,1.052,2
2026-06-15,30.44,41.649,37.8,27.0,53.208,861.0,0.952,2
2026-06-16,30.413,41.677,38.5,24.7,50.833,861.0,1.536,2
2026-06-17,30.969,43.563,40.2,30.2,38.667,817.0,1.873,2
2026-06-18,30.592,42.563,39.3,29.1,42.208,861.0,1.881,2
2026-06-19,31.032,42.761,39.7,30.2,41.042,851.0,2.571,2
2026-06-20,30.825,42.408,39.4,29.9,42.375,864.0,2.523,2
2026-06-21,31.089,42.315,39.3,30.7,41.417,835.0,2.594,2
2026-06-22,30.137,41.181,38.1,29.3,48.542,803.0,2.334,2
2026-06-23,30.155,41.93,38.7,28.3,46.083,874.0,2.039,2
2026-06-24,30.915,42.319,38.6,28.6,45.292,855.0,1.732,2
2026-06-25,31.093,44.132,40.3,31.2,42.833,843.0,1.548,2
2026-06-26,31.416,44.934,40.8,31.7,41.167,826.0,1.295,2
2026-06-27,31.868,44.163,40.2,30.5,45.25,829.0,1.527,2
2026-06-28,32.325,45.04,41.2,32.0,44.125,847.0,1.593,2
2026-06-29,32.693,45.593,41.4,32.5,42.458,853.0,1.815,2
2026-06-30,32.972,45.449,41.5,32.5,44.25,855.0,2.034,2
2026-07-01,31.29,42.829,39.2,30.8,50.583,729.0,1.71,2
2026-07-02,29.729,36.757,32.6,26.5,79.958,681.0,2.064,2
2026-07-03,30.571,38.782,33.6,25.5,80.75,729.0,1.523,2
2026-07-04,31.192,39.682,34.7,28.9,73.167,664.0,1.083,2
2026-07-05,31.21,40.237,35.0,26.8,75.917,690.0,1.868,2
2026-07-06,30.964,39.571,33.4,26.8,85.667,775.0,1.703,2
2026-07-07,30.831,39.444,33.3,27.7,84.708,671.0,1.468,2
2026-07-08,29.145,35.629,31.1,26.6,86.0,634.0,1.947,2
2026-07-09,28.224,34.285,30.1,25.7,90.125,324.0,1.605,2
2026-07-10,28.524,34.999,30.4,25.3,89.25,564.0,1.261,2
2026-07-11,31.192,40.586,35.2,25.8,75.458,879.0,1.236,2
2026-07-12,31.611,40.702,35.6,27.2,70.25,880.0,1.53,2
2026-07-13,31.293,40.189,35.7,28.0,66.583,883.0,2.263,2
2026-07-14,31.415,40.408,36.3,27.2,65.833,837.0,2.208,2
2026-07-15,31.424,40.876,36.7,27.6,63.417,854.0,1.882,2
2026-07-16,31.078,40.265,37.2,29.1,57.625,861.0,2.195,2
2026-07-17,31.267,41.668,38.4,30.1,50.625,814.0,2.213,2
2026-07-18,30.007,38.145,36.1,30.9,54.833,448.0,2.141,2
2026-07-19,30.282,40.008,37.1,30.3,56.083,536.0,1.765,2
2026-07-20,29.285,37.505,33.0,27.0,69.75,632.0,1.64,2
2026-07-21,29.01,35.897,30.6,25.7,90.375,558.0,1.565,2
2026-07-22,28.874,34.732,31.0,25.1,83.833,626.0,2.645,2
2026-07-23,29.465,35.628,32.1,26.0,80.292,757.0,2.79,2
2026-07-24,29.347,35.233,31.0,25.0,86.875,717.0,2.907,2
2026-07-25,29.364,35.251,31.2,26.1,85.708,658.0,2.768,2
2026-07-26,30.101,37.971,32.7,26.8,83.167,719.0,1.369,2
2026-07-27,30.432,38.796,32.5,26.2,86.833,680.0,0.982,2
2026-07-28,30.296,38.708,32.4,25.8,88.208,717.0,1.168,2
2026-07-29,30.27,38.583,32.6,25.6,86.042,636.0,0.918,2
2026-07-30,30.567,38.773,31.8,26.1,88.833,697.0,1.548,2
2026-07-31,29.99,36.126,32.1,27.4,80.417,792.0,2.744,2
2026-08-01,29.455,35.687,31.3,26.6,84.083,650.0,2.912,2
2026-08-02,29.521,36.12,31.4,26.8,85.583,614.0,2.28,2
2026-08-03,28.865,35.528,30.9,26.2,89.333,470.0,1.774,2
2026-08-04,27.664,33.627,28.9,25.4,93.875,357.0,1.317,2
2026-08-05,29.153,36.654,31.4,25.9,87.708,675.0,0.898,2
2026-08-06,27.132,32.327,28.0,25.7,93.5,271.0,0.844,2
2026-08-07,28.09,34.047,29.7,25.7,91.0,433.0,1.703,2
2026-08-08,29.107,35.242,31.0,25.0,89.25,703.0,2.252,2
2026-08-09,30.251,38.813,33.5,25.7,80.625,807.0,1.702,2
2026-08-10,30.481,38.953,32.4,26.5,88.458,725.0,1.426,2
2026-08-11,29.609,36.69,31.2,25.7,89.75,703.0,1.605,2
2026-08-12,30.691,39.575,33.6,26.1,79.875,812.0,1.195,2
2026-08-13,31.051,39.863,33.9,26.8,81.667,721.0,0.785,2
2026-08-14,29.696,37.246,31.5,25.8,87.542,498.0,1.192,2
2026-08-15,29.062,36.485,31.2,26.0,87.208,589.0,0.871,2
2026-08-16,30.034,37.708,32.2,25.7,88.667,674.0,0.92,2
2026-08-17,30.446,38.295,32.9,25.3,83.5,807.0,1.742,2
2026-08-18,29.85,38.071,32.8,25.5,82.583,797.0,1.326,2
2026-08-19,30.65,39.458,33.2,26.2,83.542,810.0,0.891,2
2026-08-20,30.261,38.673,32.3,26.5,85.583,742.0,0.59,2
2026-08-21,30.209,38.767,32.4,25.4,85.208,782.0,0.864,2
2026-08-22,30.265,38.858,32.6,25.1,85.542,798.0,1.211,2
2026-08-23,29.61,37.463,32.0,25.3,85.375,730.0,1.099,2
2026-08-24,30.536,39.152,32.6,24.5,85.583,792.0,1.008,2
2026-08-25,30.704,39.318,32.8,25.4,87.083,748.0,0.551,2
2026-08-26,29.871,38.486,33.4,27.3,82.542,672.0,0.93,2
2026-08-27,30.327,39.451,34.9,27.5,72.625,772.0,1.247,2
2026-08-28,30.321,38.862,34.1,27.3,73.292,797.0,1.345,2
2026-08-29,30.377,39.1,35.1,26.8,67.542,841.0,1.916,2
2026-08-30,30.436,39.47,35.3,27.5,63.958,788.0,1.806,2
2026-08-31,30.458,39.722,35.9,27.4,59.167,827.0,1.821,2
2026-09-01,29.775,39.172,35.5,27.7,63.083,780.0,1.648,2
2026-09-02,28.208,35.005,29.8,26.3,86.125,521.0,1.059,2
2026-09-03,29.087,36.707,32.3,24.8,83.25,685.0,0.783,2
2026-09-04,27.438,33.355,29.9,26.3,87.208,347.0,1.303,2
2026-09-05,27.257,32.734,28.4,25.6,92.417,343.0,1.727,2
2026-09-06,27.58,33.382,29.4,24.1,87.792,590.0,1.268,2
2026-09-07,29.178,37.681,32.6,24.5,80.333,794.0,0.798,2
2026-09-08,29.769,37.266,33.1,26.2,75.667,778.0,1.559,2
2026-09-09,29.688,37.54,33.4,26.5,70.792,813.0,1.894,2
2026-09-10,29.514,37.557,33.7,25.7,68.375,832.0,1.823,2
2026-09-11,29.97,38.378,33.1,26.0,82.833,744.0,1.281,2
2026-09-12,29.697,37.197,32.4,26.3,84.042,764.0,1.978,2
2026-09-13,29.88,37.375,32.8,26.0,83.292,746.0,2.24,2
2026-09-14,29.371,35.823,32.0,24.8,84.583,750.0,2.457,2
2026-09-15,28.271,35.396,30.8,24.8,84.917,593.0,1.311,2
2026-09-16,29.345,37.439,32.0,24.9,80.333,662.0,0.804,2
2026-09-17,28.795,36.459,32.3,23.9,75.042,798.0,1.159,2
2026-09-18,28.229,36.984,33.1,25.3,70.417,764.0,0.798,2
2026-09-19,28.403,37.88,34.4,25.7,64.833,783.0,0.732,2
2026-09-20,28.4,37.947,34.2,25.3,63.292,799.0,0.747,2
2026-09-21,28.23,37.454,34.0,25.5,62.75,798.0,1.184,2
2026-09-22,28.82,38.004,34.8,25.6,61.958,792.0,1.414,2
2026-09-23,28.77,38.945,35.6,25.4,61.292,806.0,0.929,2
2026-09-24,28.627,38.773,35.7,25.8,62.0,775.0,1.679,2
2026-09-25,28.367,37.919,34.2,25.1,62.0,755.0,1.318,2
2026-09-26,27.13,34.15,31.0,24.7,73.25,587.0,2.0,2
2026-09-27,27.745,36.87,33.5,22.9,71.042,734.0,1.916,2
2026-09-28,27.077,34.69,30.6,22.0,77.667,773.0,0.735,2
2026-09-29,27.745,35.108,31.5,23.1,74.958,723.0,1.213,2
2026-09-30,26.454,33.753,31.7,22.6,69.292,785.0,1.858,2
2026-10-01,27.569,35.681,33.8,22.7,64.458,774.0,1.849,2
2026-10-02,27.074,36.049,34.4,22.9,55.792,782.0,1.995,2
2026-10-03,27.139,37.075,35.1,23.2,52.167,772.0,1.756,2
2026-10-04,27.42,37.002,35.1,24.3,49.458,770.0,1.669,2
2026-10-05,28.234,37.069,35.1,24.9,51.875,757.0,1.825,2
2026-10-06,27.554,37.075,34.5,24.8,59.75,747.0,1.406,2
2024-03-01,20.481,26.611,26.4,15.2,57.25,717.0,1.93,3
2024-03-02,20.095,21.296,22.6,16.7,74.875,534.0,3.113,3
2024-03-03,19.012,25.788,23.5,13.6,66.333,826.0,1.55,3
2024-03-04,17.017,24.073,22.2,11.4,58.75,831.0,1.46,3
2024-03-05,15.903,22.531,22.0,10.6,45.125,888.0,1.823,3
2024-03-06,16.043,21.712,21.5,12.7,49.25,738.0,1.444,3
2024-03-07,18.346,26.702,25.6,12.9,44.375,874.0,1.362,3
2024-03-08,18.721,25.326,25.4,12.2,49.333,891.0,1.933,3
2024-03-09,19.045,26.298,26.0,12.8,47.75,900.0,1.99,3
2024-03-10,18.772,25.485,24.7,12.2,51.208,732.0,1.264,3
2024-03-11,21.083,29.718,27.8,15.7,50.583,825.0,0.885,3
2024-03-12,21.783,30.929,29.2,16.3,56.167,869.0,1.21,3
2024-03-13,22.063,31.446,29.4,14.8,50.083,889.0,1.16,3
2024-03-14,22.2,31.544,29.7,15.6,50.792,896.0,1.384,3
2024-03-15,20.537,28.413,27.7,13.0,52.292,919.0,1.886,3
2024-03-16,21.042,30.459,28.9,12.3,44.5,927.0,1.354,3
2024-03-17,20.804,31.689,29.7,14.0,39.917,925.0,1.268,3
2024-03-18,21.844,31.885,30.2,15.7,39.583,920.0,1.309,3
2024-03-19,21.415,32.003,30.4,15.5,35.667,900.0,1.268,3
2024-03-20,23.153,34.856,32.8,14.2,39.458,932.0,0.993,3
2024-03-21,23.983,35.198,33.0,15.9,41.75,908.0,1.147,3
2024-03-22,24.415,36.1,34.2,15.8,48.583,915.0,1.349,3
2024-03-23,25.315,35.293,33.7,18.0,48.75,924.0,1.493,3
2024-03-24,23.708,33.165,31.2,16.6,53.167,741.0,1.357,3
2024-03-25,25.734,34.223,32.5,17.5,58.25,913.0,1.657,3
2024-03-26,24.662,33.464,32.2,17.5,50.0,796.0,1.48,3
2024-03-27,26.728,38.491,36.5,19.7,42.583,914.0,1.708,3
2024-03-28,26.854,38.911,36.8,21.1,42.333,866.0,1.982,3
2024-03-29,27.993,41.475,38.6,22.8,40.292,918.0,0.753,3
2024-03-30,26.941,36.519,34.2,21.7,52.292,865.0,1.331,3
2024-03-31,25.556,35.291,32.3,22.2,54.917,914.0,2.024,3
2024-04-01,23.695,32.653,31.4,18.1,56.792,946.0,2.093,3
2024-04-02,23.808,34.105,33.0,17.8,43.667,947.0,1.737,3
2024-04-03,24.658,38.23,36.0,21.9,29.542,948.0,1.087,3
2024-04-04,24.516,38.247,36.2,21.8,28.917,962.0,1.476,3
2024-04-05,24.902,37.74,35.8,20.1,27.375,905.0,1.507,3
2024-04-06,24.442,38.079,35.7,19.9,31.833,968.0,1.571,3
2024-04-07,23.191,36.514,34.8,19.5,28.333,985.0,1.627,3
2024-04-08,24.495,38.904,36.6,19.6,26.208,976.0,1.328,3
2024-04-09,24.85,39.776,37.8,20.8,23.75,940.0,1.204,3
2024-04-10,25.466,40.506,37.8,21.3,28.0,964.0,1.287,3
2024-04-11,25.716,39.592,37.3,20.6,33.375,889.0,1.205,3
2024-04-12,26.394,41.803,39.3,20.6,31.292,909.0,1.096,3
2024-04-13,26.615,39.286,37.6,21.9,38.75,768.0,1.5,3
2024-04-14,26.311,34.291,31.0,22.3,63.458,841.0,1.455,3
2024-04-15,26.646,35.23,32.0,22.0,63.375,716.0,1.31,3
2024-04-16,26.81,36.335,34.6,21.2,53.417,937.0,2.217,3
2024-04-17,25.091,34.623,33.9,19.4,49.0,990.0,2.684,3
2024-04-18,24.921,33.66,33.7,22.9,42.375,687.0,1.948,3
2024-04-19,27.431,40.515,37.5,23.7,37.458,969.0,1.551,3
2024-04-20,25.846,37.444,35.6,21.7,36.25,924.0,2.194,3
2024-04-21,26.604,38.689,36.4,23.3,34.625,980.0,2.042,3
2024-04-22,26.126,39.256,36.8,23.9,27.5,983.0,1.881,3
2024-04-23,25.767,40.013,37.9,23.3,25.292,993.0,1.62,3
2024-04-24,26.109,40.337,38.0,23.5,26.542,984.0,1.42,3
2024-04-25,27.024,41.43,39.0,23.9,27.667,997.0,1.653,3
2024-04-26,27.257,43.419,40.6,24.7,23.833,988.0,1.146,3
2024-04-27,27.698,42.303,39.4,25.5,25.542,932.0,1.886,3
2024-04-28,26.684,41.106,38.7,23.5,26.625,915.0,1.475,3
2024-04-29,25.927,40.938,38.6,24.1,26.667,886.0,1.662,3
2024-04-30,23.91,38.302,36.9,23.2,20.292,1042.0,2.412,3
2024-05-01,23.445,37.218,35.4,19.7,20.958,1029.0,2.069,3
2024-05-02,24.475,38.139,36.3,18.7,27.042,1024.0,2.021,3
2024-05-03,25.881,40.79,38.7,19.3,25.0,1014.0,2.003,3
2024-05-04,27.586,43.479,40.5,25.8,20.875,996.0,1.575,3
2024-05-05,28.129,44.332,41.1,25.1,23.0,995.0,1.619,3
2024-05-06,28.596,43.517,40.9,26.0,26.167,995.0,1.885,3
2024-05-07,29.157,46.194,43.0,27.9,23.708,998.0,1.141,3
2024-05-08,31.314,45.042,41.4,25.6,38.167,978.0,1.958,3
2024-05-09,31.058,41.79,38.0,26.4,54.083,956.0,2.611,3
2024-05-10,31.362,43.384,39.7,25.4,62.0,936.0,2.491,3
2024-05-11,30.872,41.947,37.8,24.9,60.583,964.0,1.952,3
2024-05-12,29.156,37.87,34.1,25.7,70.583,937.0,2.081,3
2024-05-13,30.68,43.103,38.6,25.2,54.458,969.0,1.392,3
2024-05-14,28.182,45.003,41.7,28.8,25.833,999.0,1.09,3
2024-05-15,28.895,45.557,42.2,27.6,19.958,1004.0,1.312,3
2024-05-16,29.179,47.479,44.4,30.7,17.0,993.0,1.396,3
2024-05-17,30.256,49.649,46.2,28.9,16.958,1007.0,2.045,3
2024-05-18,30.612,49.707,46.2,27.8,18.875,981.0,2.498,3
2024-05-19,31.113,50.058,46.2,28.7,19.125,997.0,2.126,3
2024-05-20,30.915,49.106,45.9,29.1,21.5,988.0,1.915,3
2024-05-21,30.631,49.273,45.8,27.4,22.75,996.0,1.444,3
2024-05-22,33.315,47.438,43.5,27.6,42.25,969.0,2.007,3
2024-05-23,32.973,47.674,43.5,30.4,38.375,976.0,2.026,3
2024-05-24,33.061,48.014,43.7,31.9,35.208,964.0,1.92,3
2024-05-25,32.984,49.65,45.6,31.6,31.083,965.0,1.989,3
2024-05-26,31.28,50.415,46.9,30.3,27.208,995.0,1.545,3
2024-05-27,33.444,50.176,46.4,30.3,28.458,979.0,1.68,3
2024-05-28,31.535,50.436,47.0,29.4,17.625,1007.0,1.424,3
2024-05-29,29.46,50.704,47.0,30.3,16.125,1025.0,1.561,3
2024-05-30,29.928,49.353,46.1,30.1,21.875,1015.0,1.539,3
2024-05-31,31.529,48.249,44.6,30.4,24.708,886.0,1.75,3
2024-06-01,30.543,47.446,44.0,30.3,27.917,935.0,1.539,3
2024-06-02,31.226,48.201,44.3,30.2,28.583,931.0,1.73,3
2024-06-03,31.317,49.475,45.7,30.0,23.042,980.0,2.682,3
2024-06-04,30.902,48.229,44.9,32.0,23.875,893.0,2.766,3
2024-06-05,31.184,48.449,44.9,30.8,26.875,978.0,2.524,3
2024-06-06,31.747,48.053,44.1,30.5,30.375,956.0,2.044,3
2024-06-07,32.559,47.042,43.1,29.5,37.375,965.0,3.039,3
2024-06-08,31.42,46.722,43.3,30.6,33.25,970.0,2.567,3
2024-06-09,31.732,47.204,43.2,29.6,33.708,960.0,2.205,3
2024-06-10,30.024,45.311,43.1,28.8,25.708,736.0,1.893,3
2024-06-11,29.565,43.806,42.5,31.7,25.292,574.0,1.871,3
2024-06-12,31.042,49.625,46.1,30.5,23.042,975.0,2.134,3
2024-06-13,32.403,49.201,45.7,32.4,25.875,953.0,3.046,3
2024-06-14,32.622,48.405,44.3,32.9,29.5,940.0,2.66,3
2024-06-15,32.812,48.58,44.7,33.5,27.708,934.0,3.219,3
2024-06-16,32.849,48.978,45.0,34.6,26.792,889.0,3.246,3
2024-06-17,33.113,49.329,45.6,34.6,25.833,893.0,2.992,3
2024-06-18,33.356,49.736,45.6,35.2,27.375,889.0,3.271,3
2024-06-19,33.441,49.092,44.9,34.5,30.125,941.0,2.859,3
2024-06-20,33.498,48.644,44.3,33.4,32.583,914.0,2.11,3
2024-06-21,33.034,48.335,44.4,32.9,33.833,920.0,2.033,3
2024-06-22,32.595,45.849,41.4,32.2,44.042,834.0,1.135,3
2024-06-23,30.876,39.55,35.4,28.7,67.708,787.0,2.27,3
2024-06-24,30.157,36.952,32.5,28.0,85.333,650.0,1.873,3
2024-06-25,30.224,37.469,33.3,27.5,81.792,645.0,1.654,3
2024-06-26,30.17,37.703,33.1,27.8,79.042,666.0,1.402,3
2024-06-27,28.592,34.427,31.0,27.1,84.333,356.0,1.981,3
2024-06-28,29.039,35.876,31.5,26.8,83.75,538.0,1.514,3
2024-06-29,28.391,34.538,30.5,26.9,84.375,394.0,0.904,3
2024-06-30,29.725,37.787,32.7,26.8,82.75,554.0,0.898,3
2024-07-01,29.974,38.207,33.2,27.1,80.417,711.0,0.797,3
2024-07-02,30.266,38.033,33.1,27.1,81.292,667.0,0.967,3
2024-07-03,29.52,36.571,32.0,27.0,80.625,492.0,1.84,3
2024-07-04,29.453,35.563,32.9,26.2,78.083,631.0,2.674,3
2024-07-05,28.623,33.94,30.9,27.1,81.667,566.0,2.821,3
2024-07-06,27.728,32.975,29.8,26.5,87.292,300.0,2.005,3
2024-07-07,28.126,33.641,31.0,26.1,84.708,395.0,2.539,3
2024-07-08,27.391,32.11,28.7,26.3,89.375,258.0,1.822,3
2024-07-09,29.191,35.766,31.6,26.4,82.667,590.0,1.677,3
2024-07-10,29.552,37.115,32.1,27.1,82.667,615.0,0.798,3
2024-07-11,30.666,39.058,34.9,27.5,76.208,785.0,1.403,3
2024-07-12,30.314,38.562,33.3,27.2,80.417,705.0,1.108,3
2024-07-13,29.83,37.878,33.3,26.6,78.917,679.0,1.304,3
2024-07-14,30.609,38.49,34.6,27.7,75.542,793.0,1.894,3
2024-07-15,28.325,32.983,30.4,27.1,84.083,482.0,2.535,3
2024-07-16,30.989,38.767,34.9,27.2,74.875,768.0,2.285,3
2024-07-17,31.25,39.648,35.6,28.5,71.542,779.0,2.165,3
2024-07-18,30.484,38.133,33.4,27.8,79.0,697.0,1.595,3
2024-07-19,29.791,37.167,33.3,27.4,81.208,638.0,1.48,3
2024-07-20,30.228,37.669,33.3,27.6,82.333,577.0,1.519,3
2024-07-21,30.793,39.151,34.6,27.1,79.583,679.0,1.469,3
2024-07-22,31.148,39.239,34.5,28.1,75.917,613.0,1.632,3
2024-07-23,30.485,38.064,34.2,28.3,73.0,596.0,1.598,3
2024-07-24,30.476,37.828,34.3,28.2,74.458,663.0,1.888,3
2024-07-25,30.805,38.68,34.9,28.0,71.958,654.0,1.869,3
2024-07-26,31.16,39.724,36.2,28.5,70.792,746.0,1.933,3
2024-07-27,30.959,38.435,34.0,28.2,75.833,662.0,1.724,3
2024-07-28,31.485,39.841,36.3,29.2,70.042,719.0,1.881,3
2024-07-29,31.093,39.644,35.8,29.5,67.375,715.0,2.092,3
2024-07-30,31.197,40.097,34.8,28.4,74.833,712.0,1.298,3
2024-07-31,29.73,37.461,32.8,27.5,81.292,600.0,1.033,3
2024-08-01,29.485,36.55,32.5,27.1,81.625,445.0,1.277,3
2024-08-02,29.78,36.901,32.6,26.7,82.792,568.0,1.758,3
2024-08-03,29.766,37.345,35.1,26.6,71.667,660.0,2.145,3
2024-08-04,28.662,34.348,33.8,27.6,68.458,511.0,2.691,3
2024-08-05,29.339,35.131,33.1,27.1,74.375,606.0,3.172,3
2024-08-06,29.592,37.088,33.6,26.5,74.667,637.0,1.612,3
2024-08-07,29.08,36.196,32.6,26.7,77.667,572.0,1.663,3
2024-08-08,27.979,33.663,30.8,25.7,82.75,508.0,2.15,3
2024-08-09,29.529,36.272,32.5,26.2,80.75,592.0,2.189,3
2024-08-10,28.862,35.636,31.4,26.1,83.917,564.0,1.626,3
2024-08-11,27.252,32.723,28.8,25.8,87.25,354.0,1.457,3
2024-08-12,28.021,33.458,29.9,25.8,87.125,405.0,2.003,3
2024-08-13,28.377,33.841,30.5,25.9,84.75,509.0,2.018,3
2024-08-14,28.743,34.757,30.4,26.3,87.167,528.0,1.605,3
2024-08-15,28.92,35.966,30.9,26.3,85.958,543.0,1.114,3
2024-08-16,28.914,35.385,31.0,26.1,87.5,495.0,1.524,3
2024-08-17,29.543,36.57,32.4,25.9,82.625,708.0,1.451,3
2024-08-18,30.132,38.856,34.0,26.6,80.625,704.0,0.59,3
2024-08-19,29.555,36.951,32.3,26.1,83.042,560.0,0.692,3
2024-08-20,27.906,34.601,29.7,26.1,87.083,491.0,0.955,3
2024-08-21,27.439,33.01,29.3,25.7,87.667,436.0,1.402,3
2024-08-22,28.001,34.031,30.6,25.6,86.042,496.0,1.309,3
2024-08-23,29.166,36.11,32.2,25.8,80.458,645.0,1.526,3
2024-08-24,29.534,36.065,32.8,26.0,79.5,676.0,2.019,3
2024-08-25,29.205,35.459,33.9,26.5,71.625,723.0,2.869,3
2024-08-26,28.813,34.109,32.5,26.3,74.417,674.0,3.407,3
2024-08-27,27.827,32.939,30.4,25.3,83.958,447.0,2.606,3
2024-08-28,28.73,35.134,32.0,25.4,81.292,651.0,1.999,3
2024-08-29,28.935,35.737,32.5,26.3,80.667,615.0,1.913,3
2024-08-30,28.549,35.026,31.0,25.7,82.417,559.0,1.426,3
2024-08-31,29.406,37.987,33.8,26.0,74.833,683.0,0.961,3
2024-09-01,30.417,39.464,34.0,27.2,76.25,748.0,0.862,3
2024-09-02,28.504,34.89,30.8,26.3,84.875,530.0,1.529,3
2024-09-03,29.162,35.637,31.8,26.1,83.583,569.0,1.782,3
2024-09-04,28.594,35.679,31.0,26.0,84.708,605.0,1.074,3
2024-09-05,28.344,35.434,30.7,25.7,85.042,606.0,1.259,3
2024-09-06,27.129,31.926,28.9,25.6,87.458,356.0,1.925,3
2024-09-07,28.122,33.599,30.2,25.4,85.667,567.0,1.577,3
2024-09-08,27.837,33.713,29.7,25.3,86.333,380.0,0.966,3
2024-09-09,29.257,36.889,31.8,25.9,84.292,569.0,0.672,3
2024-09-10,28.242,34.893,30.0,26.4,86.625,491.0,0.975,3
2024-09-11,29.102,36.293,31.0,26.2,85.917,549.0,0.884,3
2024-09-12,26.362,30.305,27.4,23.3,88.75,85.0,4.255,3
2024-09-13,25.747,31.116,27.8,22.6,86.25,366.0,2.24,3
2024-09-14,27.807,34.58,31.5,23.2,78.125,612.0,1.273,3
2024-09-15,28.707,35.474,32.6,24.4,72.333,700.0,1.771,3
2024-09-16,29.477,37.806,34.7,24.4,69.667,862.0,1.621,3
2024-09-17,28.85,37.68,33.8,25.6,72.583,729.0,0.943,3
2024-09-18,26.359,31.304,29.3,22.0,86.042,436.0,2.308,3
2024-09-19,27.607,32.861,29.6,23.4,85.417,555.0,1.777,3
2024-09-20,28.482,36.36,32.7,24.5,78.625,657.0,0.925,3
2024-09-21,29.483,37.873,34.1,25.9,74.167,645.0,0.738,3
2024-09-22,30.016,38.72,34.6,27.2,70.417,699.0,0.878,3
2024-09-23,30.705,40.232,36.4,27.3,65.667,792.0,1.1,3
2024-09-24,30.387,40.005,36.1,28.3,67.917,719.0,1.023,3
2024-09-25,28.301,33.856,30.5,26.5,83.208,532.0,2.316,3
2024-09-26,28.621,34.355,31.4,25.6,81.292,613.0,2.254,3
2024-09-27,27.427,32.007,29.9,25.0,81.833,623.0,3.02,3
2024-09-28,26.114,31.517,29.3,23.4,79.667,410.0,2.03,3
2024-09-29,28.147,35.907,32.9,23.8,71.833,697.0,0.896,3
2024-09-30,28.858,37.214,34.7,26.3,64.125,737.0,1.055,3
2024-10-01,29.072,37.365,34.5,25.4,65.208,817.0,1.264,3
2024-10-02,30.164,40.126,36.6,26.0,60.417,836.0,1.028,3
2024-10-03,30.313,40.182,36.4,25.6,62.583,830.0,0.974,3
2024-10-04,29.263,38.744,35.2,24.1,65.25,829.0,1.245,3
2024-10-05,29.962,39.503,35.3,24.7,69.917,766.0,1.109,3
2024-10-06,29.919,39.523,35.4,25.1,68.375,791.0,0.884,3
2024-10-07,28.565,37.865,34.1,25.8,68.0,746.0,0.966,3
2024-10-08,28.213,37.608,34.3,24.5,65.042,782.0,1.04,3
2024-10-09,28.025,37.541,34.3,24.3,60.875,749.0,0.932,3
2024-10-10,26.839,35.642,33.7,22.9,60.625,810.0,1.341,3
2024-10-11,25.809,34.83,33.2,18.9,52.583,819.0,1.349,3
2024-10-12,25.164,35.332,33.1,21.9,50.083,823.0,0.944,3
2024-10-13,25.918,36.069,33.3,21.4,54.417,802.0,0.825,3
2024-10-14,24.791,34.97,33.2,21.4,51.25,816.0,1.255,3
2024-10-15,25.543,34.649,33.4,20.1,48.708,811.0,1.529,3
2024-10-16,26.068,36.225,34.1,19.6,50.958,799.0,1.188,3
2024-10-17,26.827,37.248,34.6,20.2,56.958,792.0,1.018,3
2024-10-18,27.065,37.431,34.8,20.5,54.708,781.0,1.015,3
2024-10-19,27.649,38.076,35.3,21.3,56.958,779.0,1.083,3
2024-10-20,27.216,37.288,34.6,21.0,59.958,775.0,1.301,3
2024-10-21,26.675,35.095,32.4,21.8,69.167,676.0,1.345,3
2024-10-22,27.254,36.463,33.6,20.8,65.417,753.0,1.133,3
2024-10-23,25.235,34.097,32.8,20.3,58.25,775.0,1.335,3
2024-10-24,26.277,35.352,33.6,18.5,58.792,769.0,1.49,3
2024-10-25,26.441,34.704,33.3,18.9,60.25,764.0,1.831,3
2024-10-26,25.343,33.136,32.1,17.7,58.625,763.0,1.591,3
2024-10-27,26.02,35.253,32.6,20.2,61.708,755.0,0.837,3
2024-10-28,26.463,35.784,33.0,20.9,61.042,750.0,1.174,3
2024-10-29,26.984,36.781,34.0,20.4,62.417,742.0,0.955,3
2024-10-30,26.677,35.419,33.7,21.1,59.375,735.0,1.122,3
2024-10-31,25.979,34.528,33.4,19.8,54.625,739.0,1.701,3
2024-11-01,24.033,32.938,32.2,17.3,47.958,751.0,1.568,3
2024-11-02,22.852,33.276,31.8,16.9,45.625,749.0,1.122,3
2024-11-03,23.057,33.089,31.5,17.2,47.75,746.0,0.907,3
2024-11-04,23.733,33.16,31.0,18.0,50.417,733.0,0.738,3
2024-11-05,24.132,32.628,30.2,15.9,65.25,728.0,0.746,3
2024-11-06,24.393,32.49,29.7,16.9,67.292,700.0,0.495,3
2024-11-07,24.784,32.671,29.8,18.3,69.042,672.0,0.588,3
2024-11-08,25.041,33.227,30.4,18.2,71.167,692.0,0.395,3
2024-11-09,24.882,33.28,30.7,18.6,69.167,701.0,0.744,3
2024-11-10,24.934,33.473,30.9,18.4,68.0,698.0,0.843,3
2024-11-11,24.926,32.936,30.6,17.8,69.167,695.0,0.916,3
2024-11-12,25.156,33.427,30.8,18.4,68.0,675.0,1.168,3
2024-11-13,24.143,31.884,29.6,17.3,65.125,694.0,0.87,3
2024-11-14,23.038,31.074,29.1,16.6,63.625,694.0,1.034,3
2024-11-15,23.511,30.536,29.6,17.2,66.875,681.0,1.279,3
2024-11-16,23.007,29.047,28.3,16.9,69.75,683.0,1.471,3
2024-11-17,22.577,28.604,26.7,16.5,74.375,671.0,1.29,3
2024-11-18,20.127,25.751,24.6,13.8,66.75,680.0,1.392,3
2024-11-19,20.155,25.807,24.6,14.5,65.583,665.0,1.249,3
2024-11-20,19.664,25.386,24.3,13.3,62.25,684.0,1.262,3
2024-11-21,19.496,26.07,24.5,12.4,65.292,685.0,1.067,3
2024-11-22,19.56,27.018,24.6,13.2,65.333,674.0,0.849,3
2024-11-23,20.361,28.096,25.8,13.2,68.042,665.0,0.533,3
2024-11-24,21.2,28.433,27.0,14.0,65.167,668.0,0.975,3
2024-11-25,19.761,24.963,24.7,12.6,70.958,675.0,1.515,3
2024-11-26,19.604,25.439,24.4,11.5,68.583,670.0,1.24,3
2024-11-27,18.696,24.9,24.8,12.2,57.25,676.0,1.249,3
2024-11-28,18.821,26.148,24.7,11.4,54.083,670.0,0.805,3
2024-11-29,18.382,26.489,24.8,12.2,51.333,670.0,0.727,3
2024-11-30,18.266,25.553,24.3,12.0,58.625,662.0,1.009,3
2024-12-01,19.036,25.725,24.6,10.9,70.375,650.0,1.102,3
2024-12-02,19.347,25.889,25.2,11.8,65.542,652.0,1.115,3
2024-12-03,20.386,26.084,25.7,11.1,61.542,648.0,1.575,3
2024-12-04,18.842,24.733,25.6,11.9,50.0,651.0,1.995,3
2024-12-05,16.842,22.616,23.7,9.6,47.25,671.0,1.716,3
2024-12-06,16.005,21.651,22.7,8.5,49.292,668.0,1.556,3
2024-12-07,15.334,23.148,22.0,9.2,46.875,668.0,0.945,3
2024-12-08,16.579,21.046,22.1,8.6,57.792,597.0,1.767,3
2024-12-09,14.523,19.142,17.6,9.8,77.333,608.0,1.298,3
2024-12-10,15.481,20.009,20.2,7.0,74.208,649.0,1.535,3
2024-12-11,15.459,20.193,20.5,7.3,67.667,647.0,1.67,3
2024-12-12,15.196,19.504,20.2,6.2,59.833,648.0,1.573,3
2024-12-13,15.348,19.146,20.5,7.3,58.917,657.0,2.251,3
2024-12-14,15.15,20.461,20.7,6.6,62.292,656.0,1.776,3
2024-12-15,15.344,22.181,20.7,5.2,61.875,654.0,1.102,3
2024-12-16,16.438,23.907,21.9,8.3,58.083,650.0,0.555,3
2024-12-17,17.332,24.14,22.3,10.1,61.333,573.0,0.678,3
2024-12-18,17.381,24.087,22.1,7.4,68.917,645.0,0.9,3
2024-12-19,16.904,22.395,21.7,5.4,71.917,646.0,1.17,3
2024-12-20,18.078,24.747,22.8,8.7,72.5,630.0,1.081,3
2024-12-21,16.602,22.511,21.7,8.3,66.917,644.0,1.298,3
2024-12-22,17.17,24.417,22.1,6.7,67.833,645.0,0.808,3
2024-12-23,12.379,15.471,14.2,10.1,81.417,179.0,1.58,3
2024-12-24,15.317,20.15,18.6,9.0,74.25,423.0,0.896,3
2024-12-25,17.113,22.148,20.9,10.0,74.75,629.0,1.058,3
2024-12-26,17.073,23.697,21.5,8.4,70.625,642.0,0.931,3
2024-12-27,15.38,18.976,17.4,13.0,80.5,251.0,1.161,3
2024-12-28,16.631,20.488,19.2,11.9,86.958,349.0,0.945,3
2024-12-29,16.294,20.253,19.4,10.6,82.667,590.0,1.424,3
2024-12-30,17.076,20.76,20.2,9.4,80.583,643.0,1.634,3
2024-12-31,16.174,21.244,19.3,8.3,81.542,643.0,1.194,3
2025-01-01,16.069,19.736,19.3,8.6,80.333,640.0,1.683,3
2025-01-02,17.126,21.443,20.3,10.7,81.875,607.0,1.654,3
2025-01-03,18.176,22.554,21.4,11.0,82.292,573.0,1.282,3
2025-01-04,18.981,25.134,22.7,10.6,79.083,653.0,1.08,3
2025-01-05,17.449,21.324,19.4,11.6,89.417,606.0,1.53,3
2025-01-06,16.552,19.958,18.9,11.3,88.583,527.0,1.278,3
2025-01-07,15.783,17.75,18.2,10.8,81.5,651.0,2.373,3
2025-01-08,14.667,18.647,18.3,8.3,69.958,664.0,1.891,3
2025-01-09,14.763,21.11,18.6,8.0,72.458,671.0,0.786,3
2025-01-10,15.203,21.531,18.3,8.5,79.583,668.0,0.763,3
2025-01-11,13.309,15.857,15.2,9.8,86.667,349.0,1.385,3
2025-01-12,15.905,21.678,19.5,10.5,82.542,489.0,0.895,3
2025-01-13,15.917,19.967,18.6,8.9,86.333,619.0,1.39,3
2025-01-14,15.732,22.014,18.7,9.5,85.958,609.0,0.902,3
2025-01-15,15.914,21.836,18.5,8.7,84.792,644.0,0.796,3
2025-01-16,16.329,22.436,19.5,13.0,80.0,567.0,1.02,3
2025-01-17,16.527,21.223,19.7,9.3,80.0,686.0,1.55,3
2025-01-18,15.97,20.791,19.3,8.7,82.667,604.0,1.13,3
2025-01-19,19.676,26.262,23.1,8.9,81.292,663.0,0.82,3
2025-01-20,18.495,22.687,21.5,11.9,75.833,620.0,1.455,3
2025-01-21,17.749,22.395,21.6,10.9,75.083,679.0,1.396,3
2025-01-22,18.663,24.27,22.3,10.9,73.5,675.0,1.118,3
2025-01-23,17.767,21.89,20.8,13.7,76.042,384.0,1.26,3
2025-01-24,16.591,21.179,22.1,9.6,57.833,714.0,2.19,3
2025-01-25,15.475,20.05,20.8,8.0,58.708,728.0,2.207,3
2025-01-26,15.142,21.095,20.0,6.5,61.667,733.0,1.53,3
2025-01-27,15.498,21.587,20.7,7.5,61.583,734.0,1.289,3
2025-01-28,16.571,24.488,22.1,8.7,60.708,727.0,0.778,3
2025-01-29,17.925,24.386,22.9,10.9,66.833,721.0,1.444,3
2025-01-30,19.648,25.5,23.3,10.1,76.167,710.0,1.266,3
2025-01-31,20.25,26.996,24.3,12.1,72.167,714.0,0.977,3
2025-02-01,20.381,26.722,23.7,13.2,79.958,706.0,1.138,3
2025-02-02,17.426,22.259,22.8,12.1,64.083,746.0,1.884,3
2025-02-03,17.083,22.982,22.0,8.3,64.333,743.0,1.472,3
2025-02-04,18.363,23.542,21.7,14.4,77.958,455.0,0.869,3
2025-02-05,18.516,22.683,21.8,12.6,77.083,731.0,1.785,3
2025-02-06,15.84,18.728,20.8,10.1,62.708,767.0,2.582,3
2025-02-07,16.29,20.115,21.8,8.9,59.333,765.0,2.529,3
2025-02-08,17.33,22.903,23.2,9.2,57.25,738.0,1.955,3
2025-02-09,18.885,25.485,24.2,9.5,62.042,761.0,1.199,3
2025-02-10,19.379,26.561,25.2,10.8,60.917,758.0,1.203,3
2025-02-11,20.042,28.346,27.0,12.5,55.292,762.0,1.112,3
2025-02-12,18.581,23.104,24.0,12.5,58.583,782.0,2.091,3
2025-02-13,17.246,21.918,23.6,10.2,53.75,791.0,2.327,3
2025-02-14,18.001,24.155,24.9,8.8,53.625,777.0,1.936,3
2025-02-15,18.838,26.649,25.6,11.2,55.0,753.0,1.115,3
2025-02-16,19.935,28.482,26.5,13.3,53.458,770.0,0.974,3
2025-02-17,19.696,27.548,26.1,11.4,56.375,738.0,1.162,3
2025-02-18,18.51,24.23,24.2,13.9,59.875,460.0,1.075,3
2025-02-19,20.835,29.169,26.8,13.0,58.917,785.0,1.001,3
2025-02-20,21.422,25.231,25.8,15.0,69.208,701.0,2.495,3
2025-02-21,20.61,27.856,25.2,13.1,66.25,777.0,1.53,3
2025-02-22,19.288,24.458,24.2,12.7,68.333,801.0,1.678,3
2025-02-23,19.389,25.517,24.8,11.1,63.625,818.0,1.468,3
2025-02-24,19.867,27.892,26.1,12.6,55.167,827.0,1.144,3
2025-02-25,20.71,28.698,26.7,13.6,59.417,781.0,0.952,3
2025-02-26,22.428,30.576,28.2,15.4,60.917,760.0,0.949,3
2025-02-27,20.862,25.223,23.7,17.3,74.5,319.0,1.689,3
2025-02-28,20.273,23.255,23.8,16.6,73.958,450.0,2.12,3
2025-03-01,21.389,27.722,24.4,16.1,77.292,661.0,1.615,3
2025-03-02,20.668,26.877,26.1,13.7,66.625,843.0,1.83,3
2025-03-03,20.135,27.402,26.6,13.3,52.542,843.0,1.578,3
2025-03-04,18.457,23.293,24.1,14.4,47.0,877.0,2.597,3
2025-03-05,16.943,20.443,23.6,10.9,52.833,881.0,3.532,3
2025-03-06,19.176,25.46,26.1,10.8,50.875,876.0,2.498,3
2025-03-07,20.788,29.059,28.3,12.3,53.875,871.0,1.47,3
2025-03-08,21.465,29.377,28.8,13.8,53.458,879.0,1.747,3
2025-03-09,21.541,31.911,29.7,16.2,43.667,878.0,0.621,3
2025-03-10,23.182,32.605,29.7,15.2,54.917,857.0,1.029,3
2025-03-11,25.394,36.114,33.5,18.1,54.667,846.0,0.95,3
2025-03-12,24.747,33.447,31.7,16.6,63.458,841.0,1.525,3
2025-03-13,22.971,31.04,29.7,17.8,62.625,723.0,1.264,3
2025-03-14,23.796,33.696,31.4,17.8,55.875,796.0,1.244,3
2025-03-15,23.635,32.004,29.3,17.9,58.125,800.0,1.276,3
2025-03-16,22.386,29.417,26.5,18.0,71.667,749.0,1.072,3
2025-03-17,21.989,29.964,28.3,16.4,61.75,891.0,1.571,3
2025-03-18,22.381,30.851,29.6,15.9,55.958,906.0,1.731,3
2025-03-19,22.562,32.449,30.9,17.0,48.208,896.0,1.326,3
2025-03-20,23.54,32.631,30.9,17.3,52.375,900.0,1.293,3
2025-03-21,23.594,31.071,29.7,17.2,58.25,904.0,1.662,3
2025-03-22,23.478,31.532,30.4,16.5,52.542,901.0,1.531,3
2025-03-23,23.917,34.543,32.1,17.9,47.958,929.0,1.012,3
2025-03-24,23.985,34.783,32.1,17.2,42.5,922.0,0.752,3
2025-03-25,25.209,35.628,32.7,19.4,43.083,912.0,0.793,3
2025-03-26,26.147,38.553,35.7,18.5,42.958,919.0,1.033,3
2025-03-27,26.691,39.096,36.8,19.2,40.958,910.0,1.719,3
2025-03-28,19.61,30.703,30.5,16.2,33.25,983.0,2.619,3
2025-03-29,20.238,30.607,31.1,13.0,31.583,900.0,2.659,3
2025-03-30,21.126,31.859,31.0,13.9,36.75,968.0,2.065,3
2025-03-31,22.646,33.81,32.5,14.9,40.542,965.0,1.711,3
2025-04-01,22.052,34.652,33.3,17.0,33.542,977.0,1.704,3
2025-04-02,23.791,36.415,34.5,20.1,31.458,971.0,0.999,3
2025-04-03,24.821,37.844,35.8,20.4,27.458,961.0,1.08,3
2025-04-04,25.049,37.748,35.5,22.4,31.0,958.0,1.236,3
2025-04-05,25.322,36.019,34.3,18.8,43.875,959.0,1.858,3
2025-04-06,25.726,38.316,35.8,20.8,38.792,966.0,1.006,3
2025-04-07,27.277,40.327,37.2,23.8,37.25,952.0,1.138,3
2025-04-08,27.758,40.42,37.4,23.4,41.5,941.0,1.256,3
2025-04-09,29.18,40.556,36.9,22.6,52.75,933.0,1.321,3
2025-04-10,29.434,40.874,36.9,22.9,61.625,932.0,1.332,3
2025-04-11,28.563,37.924,34.7,21.2,73.833,928.0,1.761,3
2025-04-12,27.949,38.399,34.6,20.3,62.333,933.0,1.394,3
2025-04-13,26.645,36.343,33.5,22.7,53.417,859.0,1.88,3
2025-04-14,27.927,39.251,36.2,25.5,42.458,934.0,1.23,3
2025-04-15,28.112,39.595,36.9,26.1,41.0,883.0,1.855,3
2025-04-16,29.402,42.592,39.1,25.8,42.208,921.0,1.463,3
2025-04-17,30.018,44.006,41.1,25.9,42.292,948.0,1.333,3
2025-04-18,30.687,44.014,40.5,25.3,46.5,951.0,1.132,3
2025-04-19,29.715,42.52,39.4,26.4,52.833,957.0,2.655,3
2025-04-20,29.633,39.025,36.5,25.7,57.542,931.0,2.448,3
2025-04-21,30.217,41.752,38.3,25.4,48.125,877.0,1.2,3
2025-04-22,26.99,41.419,38.9,23.5,26.292,999.0,2.019,3
2025-04-23,26.443,40.165,37.8,22.8,26.0,1013.0,1.627,3
2025-04-24,25.896,42.023,39.9,24.4,22.0,1013.0,1.317,3
2025-04-25,27.105,41.918,39.1,24.9,27.542,1006.0,1.18,3
2025-04-26,27.133,42.395,39.7,24.9,24.125,1001.0,0.672,3
2025-04-27,27.675,42.208,39.4,24.6,28.5,987.0,0.8,3
2025-04-28,28.839,41.87,38.4,22.3,38.167,980.0,1.043,3
2025-04-29,30.133,41.336,37.6,22.3,48.208,972.0,1.495,3
2025-04-30,29.949,40.237,37.3,24.7,53.417,961.0,2.555,3
2025-05-01,28.138,35.849,33.6,25.1,61.875,837.0,3.018,3
2025-05-02,28.42,37.927,34.6,25.2,54.042,945.0,2.115,3
2025-05-03,28.638,38.874,35.9,24.9,59.75,957.0,1.891,3
2025-05-04,27.908,35.972,33.8,22.9,66.917,756.0,1.81,3
2025-05-05,26.972,34.483,30.6,23.6,71.458,887.0,1.691,3
2025-05-06,27.065,33.084,30.1,24.1,79.083,631.0,1.792,3
2025-05-07,27.231,33.991,31.7,24.6,69.833,801.0,1.667,3
2025-05-08,28.366,37.166,34.6,25.5,61.083,857.0,1.379,3
2025-05-09,27.994,36.541,33.5,26.1,65.167,693.0,0.792,3
2025-05-10,29.297,39.637,35.8,26.2,57.458,853.0,0.972,3
2025-05-11,29.584,41.426,38.4,26.0,52.875,890.0,1.417,3
2025-05-12,30.292,43.467,40.2,25.8,44.583,975.0,1.74,3
2025-05-13,30.191,45.865,42.6,29.1,30.667,984.0,2.305,3
2025-05-14,30.191,47.197,44.0,28.7,24.542,985.0,2.353,3
2025-05-15,29.913,46.932,43.5,28.1,25.083,992.0,1.247,3
2025-05-16,30.387,45.076,41.9,30.6,31.75,897.0,1.23,3
2025-05-17,30.809,44.45,40.8,28.9,41.625,969.0,1.365,3
2025-05-18,31.88,43.875,39.5,27.1,54.833,967.0,1.629,3
2025-05-19,31.814,42.902,38.6,28.3,62.083,947.0,2.236,3
2025-05-20,32.91,45.686,41.4,29.2,58.792,961.0,1.73,3
2025-05-21,32.395,42.953,38.1,29.6,61.708,930.0,1.882,3
2025-05-22,32.499,43.372,38.4,28.5,61.917,933.0,1.95,3
2025-05-23,31.819,42.14,37.6,28.2,59.875,935.0,2.054,3
2025-05-24,31.083,39.993,36.5,26.4,59.625,918.0,2.727,3
2025-05-25,30.274,40.119,36.2,27.3,60.875,881.0,1.93,3
2025-05-26,30.389,40.437,36.3,27.5,63.167,854.0,1.2,3
2025-05-27,30.672,39.805,35.9,28.4,62.75,850.0,1.937,3
2025-05-28,30.889,40.427,35.0,28.0,68.458,858.0,1.438,3
2025-05-29,30.701,40.494,35.3,28.2,70.667,897.0,1.287,3
2025-05-30,29.83,37.878,31.6,27.0,80.292,683.0,1.162,3
2025-05-31,31.31,41.582,36.2,27.3,69.458,929.0,1.072,3
2025-06-01,30.641,41.805,37.7,26.1,60.375,957.0,1.639,3
2025-06-02,29.692,39.485,35.3,26.4,61.083,902.0,1.559,3
2025-06-03,28.171,36.945,32.3,25.5,72.958,834.0,1.425,3
2025-06-04,27.233,36.179,32.3,24.3,68.333,941.0,0.919,3
2025-06-05,29.124,39.027,35.2,26.0,66.625,867.0,1.084,3
2025-06-06,29.738,40.313,36.7,27.0,58.458,912.0,1.225,3
2025-06-07,30.433,41.953,38.6,27.9,52.458,953.0,1.437,3
2025-06-08,32.016,44.003,40.3,30.0,48.25,937.0,1.937,3
2025-06-09,31.098,43.64,40.8,27.8,44.125,976.0,2.998,3
2025-06-10,30.556,43.372,40.3,26.3,40.958,975.0,2.114,3
2025-06-11,32.863,44.887,40.0,27.7,54.333,944.0,1.302,3
2025-06-12,33.018,44.531,39.9,29.1,60.375,938.0,2.23,3
2025-06-13,32.669,43.444,38.9,30.3,58.958,891.0,2.05,3
2025-06-14,32.518,43.645,39.1,29.5,60.667,819.0,1.76,3
2025-06-15,32.218,42.272,37.3,29.1,66.458,864.0,2.092,3
2025-06-16,28.549,34.148,30.9,27.2,82.042,443.0,2.351,3
2025-06-17,28.95,35.519,31.5,26.7,82.875,403.0,1.747,3
2025-06-18,28.284,34.16,30.4,26.6,84.042,383.0,1.277,3
2025-06-19,29.751,36.767,32.8,26.7,81.625,638.0,1.678,3
2025-06-20,29.604,37.261,33.7,27.1,77.875,651.0,1.839,3
2025-06-21,30.296,37.914,35.2,27.6,74.625,664.0,1.894,3
2025-06-22,30.101,37.668,34.7,27.9,71.292,678.0,2.078,3
2025-06-23,30.196,38.392,34.5,27.3,69.667,671.0,1.793,3
2025-06-24,30.551,39.294,35.1,27.4,71.542,762.0,1.44,3
2025-06-25,30.186,37.948,34.8,27.7,72.667,666.0,1.628,3
2025-06-26,30.297,38.578,35.1,28.2,67.417,641.0,1.887,3
2025-06-27,30.21,38.661,35.5,27.6,68.958,667.0,1.552,3
2025-06-28,29.152,35.879,32.4,26.6,79.458,590.0,1.558,3
2025-06-29,28.445,33.512,30.3,26.7,83.375,326.0,1.42,3
2025-06-30,27.553,33.016,29.4,26.0,84.833,346.0,1.179,3
2025-07-01,30.159,37.831,34.4,26.3,74.167,694.0,1.524,3
2025-07-02,30.544,38.798,35.6,28.0,70.625,731.0,1.934,3
2025-07-03,29.69,36.082,32.6,27.1,78.333,665.0,2.178,3
2025-07-04,29.898,37.551,32.9,26.5,79.125,696.0,1.582,3
2025-07-05,30.26,38.511,33.6,27.2,77.875,628.0,0.772,3
2025-07-06,30.459,38.529,33.4,27.1,76.708,677.0,1.365,3
2025-07-07,30.229,38.293,33.7,27.0,76.167,653.0,1.477,3
2025-07-08,30.034,37.889,32.8,27.9,80.167,707.0,1.09,3
2025-07-09,28.713,34.456,31.1,27.0,85.083,425.0,1.626,3
2025-07-10,27.069,31.755,29.0,26.4,88.875,201.0,1.719,3
2025-07-11,28.69,35.454,30.7,26.3,83.5,517.0,1.085,3
2025-07-12,29.544,36.792,33.6,25.8,74.75,522.0,1.67,3
2025-07-13,29.217,34.965,32.1,26.7,80.083,526.0,2.264,3
2025-07-14,28.269,32.313,30.2,26.1,84.417,391.0,3.686,3
2025-07-15,26.821,30.232,27.9,25.6,88.333,281.0,3.116,3
2025-07-16,28.357,34.258,30.4,25.4,87.25,426.0,1.482,3
2025-07-17,28.78,34.769,31.3,26.2,81.5,643.0,1.709,3
2025-07-18,27.517,31.544,29.7,25.8,85.917,306.0,2.583,3
2025-07-19,28.14,33.888,31.6,25.6,79.583,523.0,2.09,3
2025-07-20,29.552,37.548,34.6,26.7,68.833,814.0,1.551,3
2025-07-21,29.429,36.319,33.2,25.7,79.208,588.0,2.122,3
2025-07-22,28.853,36.143,31.4,25.7,85.125,508.0,1.203,3
2025-07-23,28.429,34.713,30.3,26.4,88.5,376.0,1.123,3
2025-07-24,29.267,36.145,31.8,25.9,85.583,553.0,0.994,3
2025-07-25,29.378,37.017,31.7,26.6,84.875,603.0,1.042,3
2025-07-26,29.619,37.018,33.0,26.4,81.417,584.0,1.435,3
2025-07-27,30.43,37.942,34.7,28.3,69.75,785.0,2.335,3
2025-07-28,29.73,36.636,32.9,28.2,76.625,626.0,2.051,3
2025-07-29,28.058,34.311,29.5,26.4,88.708,360.0,1.514,3
2025-07-30,28.077,33.014,29.9,26.1,88.125,364.0,1.98,3
2025-07-31,27.274,30.667,29.2,25.3,84.042,390.0,3.255,3
2025-08-01,25.472,29.044,27.0,24.9,84.417,340.0,2.941,3
2025-08-02,29.277,36.21,32.5,25.9,81.5,665.0,1.705,3
2025-08-03,26.769,31.081,28.2,25.7,88.208,229.0,1.681,3
2025-08-04,28.454,34.288,30.3,25.4,89.208,362.0,1.566,3
2025-08-05,27.491,33.514,29.8,25.7,86.792,366.0,1.645,3
2025-08-06,26.629,31.334,28.6,25.1,87.75,345.0,1.777,3
2025-08-07,29.714,38.039,34.3,24.5,75.833,724.0,2.116,3
2025-08-08,29.987,38.65,35.6,27.7,68.083,696.0,1.625,3
2025-08-09,28.885,35.75,31.0,26.6,82.958,529.0,1.403,3
2025-08-10,29.015,34.446,31.8,26.5,81.542,597.0,2.556,3
2025-08-11,29.177,36.447,32.9,26.7,79.042,531.0,1.418,3
2025-08-12,29.291,36.375,32.3,26.9,80.833,671.0,1.26,3
2025-08-13,28.864,35.752,31.5,27.9,79.417,573.0,1.086,3
2025-08-14,27.616,31.744,29.0,26.7,88.667,358.0,2.475,3
2025-08-15,29.317,35.953,31.4,25.9,83.458,639.0,1.935,3
2025-08-16,29.703,36.99,33.4,26.7,80.75,698.0,1.555,3
2025-08-17,30.152,37.055,32.8,26.7,82.083,690.0,1.782,3
2025-08-18,29.368,35.517,31.9,26.8,84.333,596.0,2.035,3
2025-08-19,29.241,36.089,32.5,26.6,81.458,614.0,2.042,3
2025-08-20,29.113,35.905,31.8,26.3,83.0,676.0,1.761,3
2025-08-21,29.448,36.819,32.0,26.1,83.458,647.0,1.568,3
2025-08-22,28.869,36.646,32.2,26.1,82.833,678.0,0.675,3
2025-08-23,28.269,33.97,30.5,25.6,85.917,524.0,1.624,3
2025-08-24,27.919,32.14,30.6,25.5,84.792,451.0,2.96,3
2025-08-25,26.788,29.941,28.4,25.0,89.167,372.0,2.642,3
2025-08-26,27.273,32.02,28.6,25.3,88.292,360.0,1.964,3
2025-08-27,28.874,35.359,31.7,25.3,82.375,672.0,1.423,3
2025-08-28,29.002,35.431,31.5,25.6,84.167,565.0,1.726,3
2025-08-29,27.608,32.273,28.8,25.4,89.917,385.0,1.767,3
2025-08-30,27.519,32.733,29.2,25.4,89.083,473.0,1.647,3
2025-08-31,26.472,30.679,27.5,25.1,91.292,290.0,1.775,3
2025-09-01,25.309,28.874,25.9,24.7,94.25,99.0,2.061,3
2025-09-02,26.097,29.277,27.0,24.7,92.625,284.0,2.157,3
2025-09-03,27.838,33.636,29.3,24.8,90.542,491.0,1.533,3
2025-09-04,28.517,34.079,30.5,25.5,88.542,530.0,1.787,3
2025-09-05,27.348,30.775,28.8,25.6,90.542,386.0,2.378,3
2025-09-06,28.091,32.51,29.7,25.2,89.292,543.0,2.64,3
2025-09-07,28.194,33.199,30.6,25.1,86.417,588.0,2.367,3
2025-09-08,27.932,34.371,31.8,24.7,77.75,642.0,1.897,3
2025-09-09,28.443,36.081,32.7,25.4,72.083,687.0,1.046,3
2025-09-10,28.886,35.832,33.5,25.9,72.417,695.0,2.161,3
2025-09-11,28.947,36.639,34.3,25.7,64.917,747.0,2.284,3
2025-09-12,29.078,37.817,34.9,26.2,64.667,727.0,1.747,3
2025-09-13,28.702,36.568,32.7,26.7,77.875,642.0,1.105,3
2025-09-14,28.394,35.089,30.6,26.2,86.042,474.0,1.122,3
2025-09-15,29.202,36.92,32.7,25.5,82.167,657.0,1.04,3
2025-09-16,28.033,34.384,30.9,25.7,83.708,511.0,1.35,3
2025-09-17,27.626,32.894,29.7,25.0,84.292,564.0,1.972,3
2025-09-18,27.726,33.251,30.7,25.2,81.917,557.0,2.059,3
2025-09-19,27.841,33.618,30.6,24.9,80.917,512.0,1.61,3
2025-09-20,29.048,37.757,34.5,25.7,70.292,706.0,1.121,3
2025-09-21,29.511,37.908,34.8,26.6,65.458,781.0,1.442,3
2025-09-22,29.255,38.969,36.0,26.5,57.792,858.0,1.462,3
2025-09-23,28.213,38.483,36.2,26.3,51.875,874.0,1.735,3
2025-09-24,28.905,37.919,35.2,24.7,60.542,866.0,1.807,3
2025-09-25,29.147,37.636,34.7,23.9,62.208,863.0,1.601,3
2025-09-26,29.745,37.981,34.9,24.2,66.333,857.0,1.607,3
2025-09-27,30.297,39.504,35.1,26.2,68.125,778.0,0.877,3
2025-09-28,30.21,38.393,33.8,27.4,70.958,739.0,1.097,3
2025-09-29,29.829,38.98,34.7,26.6,72.958,751.0,1.242,3
2025-09-30,28.429,34.729,30.8,25.7,83.792,638.0,1.367,3
2025-10-01,27.613,34.163,30.4,25.2,84.0,591.0,0.972,3
2025-10-02,26.897,32.169,29.2,24.5,85.75,454.0,1.457,3
2025-10-03,28.615,36.518,32.0,24.0,79.583,685.0,1.038,3
2025-10-04,28.787,36.741,32.2,24.6,76.875,676.0,1.02,3
2025-10-05,27.823,36.598,34.9,24.7,57.75,728.0,1.778,3
2025-10-06,25.038,30.215,27.7,21.8,79.667,480.0,1.777,3
2025-10-07,25.076,31.292,27.7,21.1,85.167,577.0,1.137,3
2025-10-08,25.204,31.677,28.5,20.2,79.958,741.0,1.377,3
2025-10-09,24.129,30.036,27.9,18.7,76.375,769.0,1.676,3
2025-10-10,24.113,30.98,28.1,18.3,74.167,757.0,1.44,3
2025-10-11,24.389,30.728,28.9,19.0,70.542,752.0,1.64,3
2025-10-12,24.887,32.299,30.0,18.4,67.583,750.0,1.497,3
2025-10-13,24.671,33.246,30.9,18.4,62.25,751.0,1.242,3
2025-10-14,24.27,33.709,31.7,18.1,55.667,752.0,1.073,3
2025-10-15,23.686,34.336,32.6,19.3,49.042,748.0,0.847,3
2025-10-16,24.435,34.514,32.4,19.5,48.292,742.0,1.144,3
2025-10-17,25.555,34.467,32.4,19.8,52.042,724.0,1.18,3
2025-10-18,25.628,35.018,32.9,20.3,54.5,719.0,1.025,3
2025-10-19,25.314,35.365,33.3,21.6,50.167,719.0,0.798,3
2025-10-20,25.448,35.639,33.6,21.5,49.708,713.0,0.557,3
2025-10-21,25.154,35.254,33.3,21.9,46.542,651.0,0.897,3
2025-10-22,24.903,34.67,33.0,21.3,48.042,696.0,1.203,3
2025-10-23,23.905,33.874,32.3,20.0,44.625,704.0,1.272,3
2025-10-24,24.163,34.28,32.5,19.5,47.042,704.0,1.052,3
2025-10-25,24.07,33.943,32.3,19.3,47.5,694.0,1.109,3
2025-10-26,23.86,33.588,32.0,19.4,44.375,695.0,0.99,3
2025-10-27,23.282,32.563,31.1,20.5,49.167,671.0,1.092,3
2025-10-28,23.908,30.691,29.1,20.0,60.5,555.0,1.261,3
2025-10-29,24.743,32.749,31.0,20.8,56.958,653.0,0.872,3
2025-10-30,26.039,34.324,31.9,20.8,61.708,603.0,0.975,3
2025-10-31,25.281,33.272,30.6,23.0,63.042,606.0,0.943,3
2025-11-01,24.499,31.875,31.3,20.3,52.167,663.0,1.763,3
2025-11-02,23.167,30.809,30.6,18.5,48.708,667.0,1.94,3
2025-11-03,22.889,31.296,31.3,18.2,43.375,672.0,1.637,3
2025-11-04,23.048,32.654,31.6,18.2,45.583,661.0,1.383,3
2025-11-05,22.739,30.083,29.5,18.7,52.208,662.0,1.696,3
2025-11-06,20.509,26.92,26.7,15.2,54.625,668.0,2.167,3
2025-11-07,19.409,26.671,26.8,13.6,46.458,672.0,1.982,3
2025-11-08,19.44,27.019,27.4,13.2,45.083,673.0,1.783,3
2025-11-09,19.97,27.875,27.9,13.9,46.583,658.0,1.629,3
2025-11-10,19.565,27.996,27.3,13.1,47.792,653.0,1.153,3
2025-11-11,19.402,27.081,27.4,13.3,45.125,654.0,1.662,3
2025-11-12,19.644,26.07,27.1,13.5,45.875,645.0,2.011,3
2025-11-13,19.258,26.38,27.0,13.2,47.875,642.0,1.784,3
2025-11-14,18.965,25.878,26.5,12.5,48.125,638.0,1.783,3
2025-11-15,18.743,25.935,26.6,12.2,46.208,639.0,1.72,3
2025-11-16,18.97,25.912,26.7,11.8,44.875,633.0,1.681,3
2025-11-17,18.939,26.822,25.9,11.7,51.083,626.0,1.101,3
2025-11-18,19.401,26.347,26.3,12.0,55.542,617.0,1.302,3
2025-11-19,19.305,27.789,26.5,12.0,54.333,612.0,0.78,3
2025-11-20,19.659,27.98,26.6,12.6,55.917,603.0,0.448,3
2025-11-21,19.94,27.585,25.9,13.9,61.208,596.0,0.45,3
2025-11-22,19.258,26.464,25.5,12.9,57.042,597.0,1.109,3
2025-11-23,18.38,25.764,24.8,12.1,57.125,602.0,1.104,3
2025-11-24,18.273,25.962,24.9,12.0,56.583,596.0,1.006,3
2025-11-25,17.621,24.304,24.2,11.4,55.542,602.0,1.313,3
2025-11-26,17.385,24.759,23.8,10.6,57.583,604.0,1.105,3
2025-11-27,17.579,25.284,24.0,10.4,58.958,594.0,0.786,3
2025-11-28,17.496,23.054,23.2,11.9,57.583,479.0,1.575,3
2025-11-29,18.963,26.047,26.4,12.7,51.292,575.0,1.783,3
2025-11-30,18.518,23.549,24.8,11.9,48.0,574.0,1.651,3
2025-12-01,17.522,24.934,24.4,10.6,46.792,579.0,0.875,3
2025-12-02,18.159,26.026,24.7,12.7,50.5,561.0,0.843,3
2025-12-03,16.027,22.818,22.7,10.3,51.25,593.0,1.345,3
2025-12-04,15.759,21.427,22.2,9.7,52.583,591.0,1.791,3
2025-12-05,16.353,22.789,22.5,8.8,53.917,577.0,1.51,3
2025-12-06,16.568,21.591,22.6,10.6,49.458,567.0,2.229,3
2025-12-07,17.86,23.353,23.9,11.6,50.958,563.0,2.06,3
2025-12-08,18.394,23.472,24.5,11.3,53.208,569.0,2.027,3
2025-12-09,17.773,22.718,24.2,11.6,51.0,579.0,2.4,3
2025-12-10,18.306,23.57,24.1,12.0,54.708,571.0,2.113,3
2025-12-11,17.803,24.097,24.1,10.0,57.75,567.0,1.312,3
2025-12-12,18.135,25.155,24.2,10.5,62.708,562.0,1.111,3
2025-12-13,19.135,26.43,24.9,11.4,67.25,559.0,0.546,3
2025-12-14,19.413,26.405,25.0,12.1,69.917,532.0,0.496,3
2025-12-15,18.551,24.096,24.5,11.2,66.292,570.0,1.615,3
2025-12-16,18.869,22.903,24.2,12.0,61.917,568.0,2.604,3
2025-12-17,19.326,24.443,25.3,13.4,56.042,563.0,2.502,3
2025-12-18,19.21,24.562,24.2,11.4,65.333,556.0,1.565,3
2025-12-19,18.56,23.817,24.0,11.0,65.375,563.0,1.86,3
2025-12-20,17.912,24.393,23.4,10.6,62.875,557.0,1.253,3
2025-12-21,18.943,24.03,23.3,12.2,69.125,389.0,0.702,3
2025-12-22,19.87,26.759,25.2,12.2,73.0,544.0,0.679,3
2025-12-23,19.892,23.877,24.6,13.5,71.625,552.0,2.398,3
2025-12-24,15.279,18.595,20.7,10.8,59.708,577.0,2.451,3
2025-12-25,15.536,21.385,21.2,8.7,57.333,576.0,1.544,3
2025-12-26,15.729,22.344,21.6,8.7,62.417,555.0,1.01,3
2025-12-27,16.636,22.031,21.6,8.8,69.0,564.0,1.346,3
2025-12-28,16.797,22.728,21.9,8.3,71.458,573.0,1.33,3
2025-12-29,16.702,21.1,21.6,9.0,67.667,560.0,1.785,3
2025-12-30,17.16,22.744,22.2,9.2,69.125,566.0,1.524,3
2025-12-31,17.873,25.413,24.0,8.7,67.667,566.0,0.88,3
2026-01-01,18.299,23.426,20.9,12.5,81.583,515.0,1.278,3
2026-01-02,16.055,20.005,18.7,11.1,84.833,390.0,1.368,3
2026-01-03,15.038,19.04,17.9,7.9,79.75,530.0,1.353,3
2026-01-04,15.615,21.176,18.8,7.5,78.5,573.0,1.104,3
2026-01-05,15.609,19.867,19.6,8.0,74.917,576.0,1.625,3
2026-01-06,16.14,21.054,20.2,9.1,74.958,571.0,1.424,3
2026-01-07,14.793,19.717,19.7,7.6,72.542,587.0,1.584,3
2026-01-08,13.944,19.673,18.8,6.4,69.875,597.0,1.285,3
2026-01-09,14.372,20.966,19.3,6.8,71.292,571.0,1.051,3
2026-01-10,14.707,20.801,19.1,7.0,72.583,579.0,1.395,3
2026-01-11,13.417,16.864,16.7,5.2,75.083,610.0,1.741,3
2026-01-12,13.946,18.992,17.2,5.6,75.5,602.0,1.256,3
2026-01-13,14.779,19.763,18.2,5.2,80.875,617.0,1.084,3
2026-01-14,14.568,18.509,17.4,4.5,82.0,613.0,1.559,3
2026-01-15,15.053,18.691,18.7,5.8,75.708,610.0,1.667,3
2026-01-16,16.632,21.832,21.5,7.8,70.333,608.0,1.446,3
2026-01-17,16.644,24.044,22.4,7.6,72.958,596.0,0.618,3
2026-01-18,18.508,24.575,23.0,9.2,77.958,605.0,1.101,3
2026-01-19,18.275,25.522,23.5,9.8,73.833,603.0,0.836,3
2026-01-20,17.266,22.977,22.6,9.0,74.208,617.0,1.347,3
2026-01-21,16.301,22.684,22.8,8.0,67.625,635.0,1.527,3
2026-01-22,18.505,26.205,25.0,8.0,64.25,629.0,1.552,3
2026-01-23,15.707,18.065,17.2,10.3,79.417,433.0,2.622,3
2026-01-24,11.689,16.532,15.7,5.1,61.167,659.0,2.062,3
2026-01-25,13.2,16.908,15.9,4.5,73.25,651.0,1.808,3
2026-01-26,14.718,21.257,17.9,4.9,77.333,645.0,0.787,3
2026-01-27,17.467,20.68,19.9,9.0,83.833,600.0,1.49,3
2026-01-28,15.069,17.664,17.4,11.0,83.625,453.0,1.592,3
2026-01-29,15.9,19.971,18.4,7.9,82.25,654.0,1.56,3
2026-01-30,16.1,20.891,19.1,9.7,79.125,573.0,1.242,3
2026-01-31,17.097,22.779,20.5,6.1,81.042,653.0,0.934,3
2026-02-01,19.258,24.807,22.1,11.9,81.25,571.0,1.21,3
2026-02-02,19.246,24.42,21.7,11.5,85.125,629.0,1.165,3
2026-02-03,17.327,23.257,20.3,8.9,84.417,667.0,1.068,3
2026-02-04,17.527,21.656,20.8,9.9,79.167,682.0,1.503,3
2026-02-05,17.246,21.752,21.4,9.7,69.917,698.0,2.164,3
2026-02-06,18.112,21.199,22.2,10.6,69.542,694.0,2.169,3
2026-02-07,18.82,22.805,23.0,11.5,71.0,680.0,2.12,3
2026-02-08,17.332,21.567,22.1,10.5,62.0,696.0,1.979,3
2026-02-09,17.911,25.582,23.6,9.0,63.208,623.0,0.996,3
2026-02-10,20.302,27.06,25.7,11.2,67.542,684.0,1.293,3
2026-02-11,21.271,27.848,26.7,12.4,68.833,700.0,1.464,3
2026-02-12,18.336,23.297,23.8,12.1,55.5,728.0,2.173,3
2026-02-13,19.519,25.531,25.7,12.4,51.125,707.0,1.725,3
2026-02-14,20.102,28.39,27.8,12.2,51.042,728.0,1.287,3
2026-02-15,21.148,28.778,28.3,13.7,51.167,732.0,1.385,3
2026-02-16,20.543,30.591,29.4,13.3,51.542,741.0,1.14,3
2026-02-17,21.529,32.011,30.6,15.8,50.625,735.0,1.417,3
2026-02-18,21.197,30.107,29.3,16.6,53.292,634.0,1.322,3
2026-02-19,21.655,30.119,28.1,14.8,57.208,721.0,1.107,3
2026-02-20,21.814,29.56,28.2,15.3,60.208,741.0,1.255,3
2026-02-21,21.341,29.275,28.5,14.5,54.833,752.0,1.71,3
2026-02-22,20.97,29.697,28.6,14.2,50.875,759.0,1.338,3
2026-02-23,21.152,31.187,29.7,15.1,44.0,763.0,0.955,3
2026-02-24,20.905,30.633,29.6,15.9,45.417,775.0,1.14,3
2026-02-25,20.228,29.901,29.2,14.9,40.375,786.0,1.645,3
2026-02-26,20.507,30.163,30.3,14.8,35.083,791.0,1.94,3
2026-02-27,21.671,32.878,32.0,15.5,34.042,788.0,1.488,3
2026-02-28,22.783,32.481,31.9,18.3,36.708,785.0,1.555,3
2026-03-01,21.725,31.146,30.9,17.0,41.75,800.0,2.153,3
2026-03-02,22.561,30.149,30.6,16.8,43.625,801.0,2.534,3
2026-03-03,23.116,31.445,31.8,17.3,40.292,809.0,2.902,3
2026-03-04,24.973,33.879,33.3,18.7,41.875,796.0,2.743,3
2026-03-05,25.832,34.048,33.6,20.9,40.5,802.0,3.335,3
2026-03-06,24.323,36.116,34.5,18.9,37.125,820.0,1.435,3
2026-03-07,24.779,37.668,35.7,20.2,43.417,823.0,0.82,3
2026-03-08,24.564,37.002,35.4,19.4,39.583,827.0,1.425,3
2026-03-09,24.968,36.595,35.4,21.2,40.5,738.0,1.99,3
2026-03-10,26.009,37.999,36.0,20.7,45.292,820.0,1.116,3
2026-03-11,24.477,38.272,36.7,20.8,35.875,837.0,1.471,3
2026-03-12,23.524,37.039,35.4,19.3,32.625,818.0,1.473,3
2026-03-13,24.477,35.168,33.7,20.8,36.542,704.0,1.501,3
2026-03-14,22.421,33.551,33.2,20.0,31.542,625.0,1.561,3
2026-03-15,22.745,29.822,28.1,21.1,48.25,809.0,2.076,3
2026-03-16,23.664,32.285,31.5,18.5,47.583,825.0,2.11,3
2026-03-17,22.933,31.069,29.8,17.5,48.125,719.0,1.518,3
2026-03-18,22.147,31.996,30.6,18.7,42.125,709.0,1.452,3
2026-03-19,19.692,23.921,25.2,20.4,54.333,494.0,1.65,3
2026-03-20,19.969,25.514,22.7,15.8,80.875,507.0,1.299,3
2026-03-21,20.69,26.96,23.6,14.2,81.75,761.0,1.37,3
2026-03-22,22.011,28.796,27.0,15.5,68.917,851.0,1.437,3
2026-03-23,23.459,31.724,28.6,17.0,70.333,844.0,1.136,3
2026-03-24,23.402,30.448,27.8,16.4,69.583,855.0,1.36,3
2026-03-25,24.255,32.367,30.9,16.5,58.083,868.0,1.609,3
2026-03-26,25.384,35.214,32.0,20.8,50.583,901.0,0.829,3
2026-03-27,25.062,33.223,30.9,21.2,54.917,906.0,1.798,3
2026-03-28,25.681,34.382,31.7,20.3,59.125,886.0,1.106,3
2026-03-29,26.573,36.255,33.0,21.9,55.708,898.0,0.823,3
2026-03-30,25.961,32.51,31.2,22.0,54.083,672.0,1.834,3
2026-03-31,25.818,35.499,32.7,19.6,56.5,934.0,1.098,3
2026-04-01,25.093,35.191,33.2,21.4,55.25,721.0,0.908,3
2026-04-02,26.628,38.115,35.1,21.9,48.333,896.0,0.812,3
2026-04-03,26.136,34.624,30.8,21.8,61.875,793.0,1.486,3
2026-04-04,24.384,31.811,30.0,19.4,66.125,705.0,1.81,3
2026-04-05,23.852,31.267,30.3,18.7,59.833,909.0,2.148,3
2026-04-06,24.111,32.76,30.8,18.1,52.583,954.0,1.559,3
2026-04-07,23.629,31.439,31.7,19.8,48.5,946.0,1.655,3
2026-04-08,24.099,32.676,29.2,17.0,66.083,811.0,1.937,3
2026-04-09,21.572,31.12,28.9,14.4,59.0,886.0,1.452,3
2026-04-10,25.603,34.98,34.3,18.7,48.625,942.0,2.587,3
2026-04-11,28.966,38.589,36.3,25.0,51.5,927.0,2.147,3
2026-04-12,27.087,35.552,34.0,24.4,39.958,908.0,2.095,3
2026-04-13,24.236,36.233,34.9,20.1,32.0,919.0,2.229,3
2026-04-14,25.027,38.711,37.2,21.6,24.333,909.0,1.956,3
2026-04-15,26.542,42.755,40.5,24.1,22.458,887.0,1.416,3
2026-04-16,26.069,42.04,39.9,24.7,20.917,903.0,1.268,3
2026-04-17,27.523,40.793,40.1,26.8,20.5,483.0,1.385,3
2026-04-18,29.074,43.935,40.8,25.4,35.583,842.0,1.168,3
2026-04-19,30.499,44.197,41.1,27.3,32.958,824.0,1.32,3
2026-04-20,29.888,41.394,39.3,25.5,39.917,837.0,2.681,3
2026-04-21,30.144,41.463,39.1,25.3,39.0,838.0,2.598,3
2026-04-22,29.306,42.774,40.3,25.5,37.083,835.0,2.507,3
2026-04-23,29.183,44.372,41.6,26.8,28.5,831.0,2.54,3
2026-04-24,31.352,45.796,42.0,27.4,33.958,815.0,1.966,3
2026-04-25,31.972,45.04,41.4,28.2,37.542,795.0,2.294,3
2026-04-26,31.322,44.698,41.1,28.6,38.583,969.0,2.898,3
2026-04-27,31.124,45.503,41.9,27.7,40.417,968.0,2.27,3
2026-04-28,31.323,42.34,39.6,28.5,42.917,934.0,1.945,3
2026-04-29,29.703,42.194,39.4,27.9,37.0,944.0,1.555,3
2026-04-30,30.692,42.611,38.6,26.1,51.083,967.0,2.254,3
2026-05-01,30.168,41.92,38.0,25.0,56.833,957.0,1.813,3
2026-05-02,32.069,45.1,40.5,26.6,48.333,965.0,1.285,3
2026-05-03,32.425,41.797,38.1,28.0,57.833,884.0,2.779,3
2026-05-04,27.914,36.991,35.5,22.9,60.917,956.0,3.7,3
2026-05-05,25.536,33.821,30.2,22.2,58.083,923.0,1.884,3
2026-05-06,28.095,38.757,35.6,21.4,50.75,930.0,1.212,3
2026-05-07,27.085,40.776,38.4,22.5,35.917,856.0,1.886,3
2026-05-08,27.568,38.673,36.1,23.1,42.25,865.0,2.558,3
2026-05-09,28.005,39.943,37.1,25.3,41.708,860.0,1.765,3
2026-05-10,28.633,40.939,38.1,25.4,40.583,861.0,1.867,3
2026-05-11,29.282,41.613,38.7,27.0,41.208,847.0,2.09,3
2026-05-12,30.07,43.038,39.9,27.7,44.25,848.0,2.464,3
2026-05-13,30.079,43.495,40.6,26.3,45.708,854.0,2.049,3
2026-05-14,29.777,41.347,39.2,26.7,40.25,814.0,1.385,3
2026-05-15,28.857,43.655,40.7,26.7,28.208,881.0,2.113,3
2026-05-16,28.655,43.732,40.8,28.2,25.458,878.0,2.142,3
2026-05-17,29.429,43.492,40.8,28.6,26.958,879.0,2.643,3
2026-05-18,30.852,45.533,42.5,29.8,26.083,882.0,2.725,3
2026-05-19,28.926,45.716,42.9,32.0,17.667,903.0,2.774,3
2026-05-20,29.517,46.016,42.8,29.8,20.25,906.0,2.292,3
2026-05-21,30.244,47.085,43.8,30.1,22.417,898.0,2.446,3
2026-05-22,29.063,46.048,43.1,30.4,21.0,899.0,2.482,3
2026-05-23,28.987,44.106,41.4,30.4,22.875,852.0,2.651,3
2026-05-24,29.72,46.038,43.0,29.6,23.583,893.0,2.373,3
2026-05-25,31.336,46.445,43.1,32.4,25.917,878.0,2.569,3
2026-05-26,29.245,45.513,42.5,31.0,24.333,893.0,1.903,3
2026-05-27,29.046,46.108,43.0,30.4,18.125,901.0,2.069,3
2026-05-28,30.729,47.6,44.2,31.2,28.708,877.0,1.953,3
2026-05-29,30.334,40.204,37.3,25.0,60.625,861.0,2.822,3
2026-05-30,28.346,35.162,32.5,23.4,72.75,790.0,2.395,3
2026-05-31,28.655,37.473,33.0,24.9,62.083,791.0,0.874,3
2026-06-01,27.804,37.645,36.2,24.4,56.083,864.0,1.448,3
2026-06-02,28.792,38.958,35.8,25.7,46.625,862.0,1.092,3
2026-06-03,30.011,43.67,40.3,29.3,41.583,865.0,1.042,3
2026-06-04,30.837,45.092,41.2,30.1,37.5,865.0,1.644,3
2026-06-05,29.063,42.511,39.9,28.4,39.0,853.0,1.54,3
2026-06-06,29.02,39.056,36.1,28.1,53.167,689.0,1.53,3
2026-06-07,30.377,44.764,41.3,28.4,40.375,869.0,1.439,3
2026-06-08,31.374,45.697,42.3,30.5,32.375,828.0,1.675,3
2026-06-09,30.187,46.877,43.4,31.6,25.0,896.0,1.949,3
2026-06-10,32.445,46.063,42.7,34.1,31.667,863.0,2.045,3
2026-06-11,32.751,44.42,40.8,26.7,47.167,850.0,2.451,3
2026-06-12,29.916,38.707,34.6,25.1,74.167,890.0,2.627,3
2026-06-13,30.219,39.38,34.5,24.1,74.667,845.0,1.82,3
2026-06-14,30.542,41.119,37.2,26.5,63.333,868.0,0.842,3
2026-06-15,30.363,42.567,39.3,26.3,53.5,872.0,1.855,3
2026-06-16,30.94,42.592,38.9,27.2,49.625,855.0,1.552,3
2026-06-17,30.797,43.811,40.3,27.8,41.708,808.0,2.086,3
2026-06-18,31.035,43.648,40.5,30.1,39.667,840.0,2.391,3
2026-06-19,31.037,42.019,39.0,28.2,46.375,858.0,2.206,3
2026-06-20,31.527,42.778,39.6,30.3,43.042,840.0,2.662,3
2026-06-21,30.693,42.323,39.3,30.3,40.458,861.0,2.44,3
2026-06-22,30.069,40.835,38.1,28.3,45.417,872.0,2.811,3
2026-06-23,30.306,42.129,39.0,27.1,47.583,880.0,2.284,3
2026-06-24,30.555,41.597,38.6,29.8,43.792,853.0,1.863,3
2026-06-25,30.995,41.97,38.9,31.0,44.333,848.0,1.737,3
2026-06-26,32.234,45.725,41.3,31.5,43.083,823.0,1.299,3
2026-06-27,32.549,45.665,41.4,32.6,39.583,835.0,1.6,3
2026-06-28,32.183,45.385,41.3,32.7,44.458,833.0,1.334,3
2026-06-29,32.558,44.953,41.3,31.1,45.875,824.0,1.801,3
2026-06-30,32.706,45.66,41.7,33.3,42.542,847.0,1.765,3
2026-07-01,32.328,44.103,39.5,30.7,54.625,853.0,1.439,3
2026-07-02,29.32,35.88,30.9,26.8,84.833,488.0,2.119,3
2026-07-03,30.135,37.664,33.8,26.3,79.5,642.0,1.47,3
2026-07-04,30.727,39.559,34.6,28.4,76.708,700.0,1.306,3
2026-07-05,31.718,41.575,36.8,26.5,73.792,824.0,1.792,3
2026-07-06,31.051,39.754,34.3,26.6,78.542,738.0,1.342,3
2026-07-07,31.017,40.163,35.0,28.2,79.792,783.0,1.293,3
2026-07-08,28.192,34.396,30.4,26.7,86.5,469.0,1.667,3
2026-07-09,28.484,34.729,30.1,25.9,91.875,555.0,1.467,3
2026-07-10,30.135,37.923,32.2,26.5,89.208,673.0,0.981,3
2026-07-11,31.425,41.022,35.6,24.6,74.917,866.0,1.422,3
2026-07-12,31.334,40.739,35.6,27.9,68.125,843.0,1.62,3
2026-07-13,31.075,39.769,35.5,28.2,65.792,824.0,2.369,3
2026-07-14,31.412,40.055,36.1,27.5,66.25,873.0,1.994,3
2026-07-15,31.058,40.676,35.6,28.4,64.333,869.0,1.814,3
2026-07-16,31.15,40.624,36.9,28.6,59.167,842.0,2.074,3
2026-07-17,31.163,41.164,37.9,30.1,51.375,847.0,2.656,3
2026-07-18,29.577,37.19,35.0,28.5,60.208,502.0,2.162,3
2026-07-19,29.488,37.284,35.7,30.2,60.25,544.0,1.648,3
2026-07-20,27.961,33.825,32.2,27.0,82.917,164.0,1.212,3
2026-07-21,28.215,34.501,30.1,26.4,89.333,534.0,1.427,3
2026-07-22,28.857,34.975,30.8,25.6,87.5,712.0,2.106,3
2026-07-23,29.927,37.125,32.5,25.6,83.292,777.0,2.456,3
2026-07-24,28.414,35.238,31.1,26.1,83.583,579.0,2.745,3
2026-07-25,29.739,35.763,32.0,25.6,83.458,733.0,3.056,3
2026-07-26,30.661,38.821,33.1,26.9,81.5,821.0,1.689,3
2026-07-27,30.94,39.703,33.4,26.7,83.083,761.0,1.123,3
2026-07-28,30.121,38.179,32.1,26.0,87.542,651.0,1.013,3
2026-07-29,29.267,36.886,31.8,25.9,87.0,625.0,1.239,3
2026-07-30,30.593,38.782,33.1,27.0,85.167,717.0,1.91,3
2026-07-31,29.794,36.522,32.2,27.1,81.917,718.0,2.63,3
2026-08-01,29.612,35.357,32.7,26.0,84.542,675.0,2.83,3
2026-08-02,29.72,36.177,31.9,26.5,83.167,716.0,2.377,3
2026-08-03,30.052,37.224,32.3,26.5,85.042,760.0,1.825,3
2026-08-04,29.33,36.547,31.0,25.7,89.958,743.0,1.57,3
2026-08-05,28.51,35.37,30.6,25.0,89.5,478.0,0.685,3
2026-08-06,28.702,36.078,30.8,25.1,89.458,653.0,1.187,3
2026-08-07,28.486,35.331,30.7,25.4,90.083,547.0,1.404,3
2026-08-08,30.072,36.772,31.9,25.5,86.0,822.0,2.159,3
2026-08-09,30.357,38.409,33.4,26.1,82.25,820.0,1.47,3
2026-08-10,30.238,38.524,32.0,25.7,89.292,762.0,0.9,3
2026-08-11,28.767,34.361,29.9,25.9,90.708,512.0,1.636,3
2026-08-12,30.8,39.81,34.1,25.9,80.792,806.0,1.147,3
2026-08-13,31.235,40.315,33.3,27.6,83.375,784.0,1.057,3
2026-08-14,30.065,37.938,31.7,26.4,86.542,705.0,0.975,3
2026-08-15,29.859,37.736,31.7,26.3,89.0,657.0,0.93,3
2026-08-16,30.099,38.408,32.2,25.8,88.333,734.0,0.859,3
2026-08-17,30.191,38.333,32.8,25.4,86.667,720.0,1.775,3
2026-08-18,29.914,38.335,32.7,25.0,81.625,782.0,1.276,3
2026-08-19,30.335,39.096,32.9,25.4,85.583,829.0,0.82,3
2026-08-20,30.09,38.344,32.1,25.4,84.667,748.0,0.612,3
2026-08-21,29.89,38.283,32.4,25.6,87.25,791.0,0.795,3
2026-08-22,30.098,38.694,32.5,24.9,85.75,829.0,0.922,3
2026-08-23,28.903,36.49,32.0,25.0,81.792,655.0,0.716,3
2026-08-24,29.887,37.986,31.8,26.2,87.0,666.0,0.84,3
2026-08-25,30.403,38.788,32.4,26.4,82.708,752.0,0.793,3
2026-08-26,30.644,39.34,33.5,27.3,81.958,749.0,0.775,3
2026-08-27,30.616,38.775,33.2,27.8,76.375,779.0,1.256,3
2026-08-28,30.323,39.42,35.3,27.5,67.792,746.0,1.448,3
2026-08-29,30.184,38.733,34.6,26.5,69.042,833.0,1.707,3
2026-08-30,30.917,40.247,35.8,27.6,62.583,799.0,1.964,3
2026-08-31,30.393,39.912,35.8,27.3,60.875,819.0,1.819,3
2026-09-01,30.173,39.506,35.6,27.6,65.917,839.0,1.787,3
2026-09-02,29.228,36.867,31.4,26.9,82.083,652.0,1.187,3
2026-09-03,29.316,36.754,31.5,26.1,83.333,725.0,1.336,3
2026-09-04,29.881,37.458,32.7,26.6,84.875,742.0,1.142,3
2026-09-05,28.174,34.129,29.9,25.9,90.583,659.0,1.639,3
2026-09-06,26.869,32.011,29.4,23.9,88.583,460.0,1.603,3
2026-09-07,28.7,37.071,32.4,24.7,78.75,792.0,0.789,3
2026-09-08,30.021,37.312,33.6,26.5,74.292,820.0,1.985,3
2026-09-09,29.609,37.398,33.6,26.0,70.542,817.0,2.085,3
2026-09-10,29.581,37.808,33.6,26.2,69.75,822.0,1.581,3
2026-09-11,30.041,38.375,33.3,25.4,81.417,785.0,1.505,3
2026-09-12,29.346,37.102,32.6,26.0,85.667,735.0,1.774,3
2026-09-13,30.077,37.268,32.8,26.1,83.042,769.0,2.28,3
2026-09-14,29.165,35.742,31.7,24.9,84.167,737.0,2.485,3
2026-09-15,28.163,34.89,30.2,25.0,85.333,631.0,1.29,3
2026-09-16,28.997,37.25,32.4,24.1,84.167,749.0,1.148,3
2026-09-17,28.341,36.512,32.3,23.6,75.875,765.0,1.074,3
2026-09-18,28.427,36.722,32.8,25.0,72.125,793.0,1.189,3
2026-09-19,28.828,38.031,33.9,25.0,68.292,779.0,0.829,3
2026-09-20,28.944,38.169,34.3,25.2,66.167,778.0,0.878,3
2026-09-21,28.415,37.986,34.9,25.5,59.208,797.0,1.198,3
2026-09-22,28.853,38.256,34.9,25.0,60.875,803.0,1.364,3
2026-09-23,28.872,39.255,35.9,24.9,59.458,805.0,0.954,3
2026-09-24,28.388,38.457,35.2,26.0,59.625,789.0,1.537,3
2026-09-25,28.703,38.054,34.8,25.3,63.458,752.0,1.506,3
2026-09-26,27.787,35.488,32.7,23.3,68.708,763.0,2.428,3
2026-09-27,26.599,33.381,30.3,22.8,72.667,755.0,2.175,3
2026-09-28,27.792,36.673,33.1,22.6,76.042,770.0,1.088,3
2026-09-29,27.756,35.299,32.5,23.4,72.0,773.0,1.547,3
2026-09-30,27.548,34.945,32.8,23.5,66.833,773.0,1.918,3
2026-10-01,27.573,36.268,34.3,23.1,64.458,771.0,1.791,3
2026-10-02,27.405,36.576,34.7,23.3,57.5,778.0,1.95,3
2026-10-03,26.865,36.915,35.2,23.1,51.333,773.0,1.801,3
2026-10-04,27.421,37.19,35.1,23.8,49.458,772.0,1.646,3
2026-10-05,27.901,37.25,34.9,24.5,52.0,757.0,1.675,3
2026-10-06,27.867,37.199,34.6,24.0,63.25,748.0,1.719,3
2024-03-01,18.414,22.084,22.2,16.0,65.292,342.0,1.532,4
2024-03-02,19.162,19.167,22.0,16.0,78.5,493.0,3.531,4
2024-03-03,19.524,25.81,24.7,13.3,58.708,777.0,1.521,4
2024-03-04,17.606,24.532,23.1,10.6,63.167,867.0,1.782,4
2024-03-05,16.151,22.242,21.5,9.3,53.542,885.0,2.021,4
2024-03-06,15.925,21.004,21.1,11.4,52.708,618.0,1.535,4
2024-03-07,18.406,25.951,24.5,13.5,49.0,850.0,1.349,4
2024-03-08,18.677,25.027,25.1,13.3,47.333,896.0,1.747,4
2024-03-09,19.157,25.826,25.5,13.8,47.792,898.0,2.015,4
2024-03-10,18.987,26.039,25.0,13.8,50.833,632.0,1.152,4
2024-03-11,18.639,24.341,25.1,16.6,53.958,341.0,0.849,4
2024-03-12,22.57,31.072,29.6,15.0,49.708,846.0,1.513,4
2024-03-13,22.321,31.237,29.1,15.8,51.292,888.0,1.15,4
2024-03-14,21.565,30.704,29.4,17.5,46.25,742.0,1.406,4
2024-03-15,19.45,28.696,27.7,13.4,44.625,932.0,1.75,4
2024-03-16,20.237,28.153,27.1,13.5,47.625,739.0,1.277,4
2024-03-17,20.438,30.512,29.1,13.4,40.167,888.0,1.472,4
2024-03-18,21.966,32.238,30.5,15.5,39.875,921.0,1.457,4
2024-03-19,21.113,32.712,30.8,16.1,33.667,903.0,1.202,4
2024-03-20,23.146,34.561,32.5,16.8,35.583,920.0,0.982,4
2024-03-21,23.361,35.338,33.2,18.3,36.583,896.0,0.796,4
2024-03-22,24.43,36.641,34.4,17.4,41.917,901.0,1.153,4
2024-03-23,25.081,36.619,34.6,18.9,39.625,925.0,1.591,4
2024-03-24,24.881,36.238,34.5,18.1,46.167,851.0,1.493,4
2024-03-25,26.372,35.905,34.2,15.6,54.458,906.0,1.757,4
2024-03-26,24.504,34.901,33.3,17.7,47.167,869.0,1.513,4
2024-03-27,25.961,37.69,35.7,19.3,42.25,905.0,1.598,4
2024-03-28,27.527,40.184,37.7,23.2,41.75,818.0,1.378,4
2024-03-29,26.687,38.997,36.6,20.5,45.5,846.0,1.484,4
2024-03-30,26.781,37.64,35.2,21.7,51.458,833.0,2.081,4
2024-03-31,26.31,37.199,34.5,21.5,51.75,931.0,1.705,4
2024-04-01,23.117,31.888,30.8,18.5,50.667,944.0,2.214,4
2024-04-02,23.316,33.708,32.7,16.4,45.542,954.0,1.88,4
2024-04-03,24.876,37.227,35.7,19.5,33.708,802.0,1.33,4
2024-04-04,24.876,39.283,37.1,21.6,27.458,896.0,1.386,4
2024-04-05,24.312,38.655,36.4,22.0,23.0,954.0,1.17,4
2024-04-06,24.212,37.851,35.6,19.7,27.625,977.0,1.515,4
2024-04-07,23.404,36.874,35.3,18.9,28.708,983.0,1.642,4
2024-04-08,24.262,38.975,36.6,20.3,25.875,976.0,1.288,4
2024-04-09,25.11,40.374,38.0,21.5,21.833,974.0,1.271,4
2024-04-10,24.966,39.972,38.3,20.5,22.875,933.0,1.355,4
2024-04-11,25.464,40.415,38.6,22.5,26.083,949.0,1.089,4
2024-04-12,26.636,40.572,38.2,21.2,30.542,900.0,0.962,4
2024-04-13,27.641,42.76,40.0,22.3,32.25,884.0,1.55,4
2024-04-14,26.204,35.42,33.6,21.9,56.125,682.0,1.975,4
2024-04-15,26.156,33.42,30.3,21.3,70.042,654.0,1.263,4
2024-04-16,26.779,34.951,33.2,21.5,59.792,938.0,2.59,4
2024-04-17,24.815,35.548,34.3,19.7,48.083,984.0,2.827,4
2024-04-18,24.217,33.459,33.5,21.6,43.083,432.0,1.682,4
2024-04-19,27.02,39.172,36.8,23.3,41.792,833.0,1.193,4
2024-04-20,25.779,37.27,35.9,21.6,38.875,918.0,2.5,4
2024-04-21,26.159,37.606,35.8,22.7,33.792,932.0,2.163,4
2024-04-22,26.694,39.263,37.0,24.1,29.375,975.0,2.028,4
2024-04-23,25.539,39.651,37.5,23.5,27.417,954.0,1.726,4
2024-04-24,26.101,41.195,38.4,23.6,23.958,990.0,1.362,4
2024-04-25,26.691,41.577,39.2,24.1,23.917,987.0,1.529,4
2024-04-26,27.439,43.584,40.8,24.6,24.292,975.0,1.228,4
2024-04-27,27.557,41.523,39.1,26.4,22.917,922.0,2.088,4
2024-04-28,26.605,40.605,38.5,22.9,24.625,825.0,1.464,4
2024-04-29,26.744,41.278,38.9,24.7,23.75,831.0,1.665,4
2024-04-30,24.261,38.179,36.4,23.5,20.833,1013.0,2.505,4
2024-05-01,23.267,36.77,35.2,18.5,21.042,1017.0,2.158,4
2024-05-02,24.01,37.645,36.1,18.8,24.958,1024.0,2.059,4
2024-05-03,25.72,41.087,39.1,20.2,23.75,1010.0,2.016,4
2024-05-04,26.838,43.095,40.8,25.9,21.5,887.0,1.131,4
2024-05-05,28.206,44.529,41.2,25.1,23.083,987.0,1.598,4
2024-05-06,28.539,44.363,41.5,25.8,25.417,974.0,1.926,4
2024-05-07,28.63,46.287,43.2,28.5,22.458,992.0,1.242,4
2024-05-08,30.805,45.123,41.6,25.4,36.833,969.0,1.888,4
2024-05-09,31.322,43.582,39.8,25.9,51.208,951.0,2.336,4
2024-05-10,31.882,44.523,40.5,27.0,53.583,950.0,2.246,4
2024-05-11,31.37,43.3,38.9,24.5,69.25,974.0,1.92,4
2024-05-12,29.715,40.113,35.9,23.2,66.542,930.0,1.618,4
2024-05-13,29.177,39.202,36.2,24.8,60.0,826.0,1.393,4
2024-05-14,28.301,44.005,41.1,25.0,34.042,1008.0,1.444,4
2024-05-15,27.667,45.393,42.5,29.6,18.667,1012.0,1.193,4
2024-05-16,29.438,47.974,44.7,31.1,17.958,971.0,1.315,4
2024-05-17,29.306,49.317,46.0,31.1,13.417,1005.0,2.012,4
2024-05-18,30.175,49.967,46.4,28.6,16.042,980.0,2.409,4
2024-05-19,30.825,49.79,46.0,28.1,19.917,980.0,2.675,4
2024-05-20,31.063,49.912,46.1,28.6,20.083,986.0,2.05,4
2024-05-21,30.752,49.805,46.3,29.2,20.375,987.0,1.45,4
2024-05-22,33.36,48.231,44.5,28.3,37.292,968.0,1.887,4
2024-05-23,33.516,47.943,43.9,30.1,40.917,964.0,2.261,4
2024-05-24,32.87,48.526,44.8,31.0,33.75,967.0,2.025,4
2024-05-25,33.309,50.487,46.6,31.3,29.083,963.0,1.858,4
2024-05-26,31.931,51.133,47.6,31.2,26.375,988.0,1.751,4
2024-05-27,32.427,50.502,47.2,30.1,27.292,986.0,1.772,4
2024-05-28,31.501,50.528,47.2,32.4,18.958,990.0,1.522,4
2024-05-29,30.198,50.601,47.2,29.4,16.208,1015.0,1.972,4
2024-05-30,30.458,50.164,46.8,30.7,22.375,1010.0,1.332,4
2024-05-31,31.649,48.756,45.3,29.7,23.708,966.0,1.427,4
2024-06-01,30.642,47.14,43.3,29.5,30.042,893.0,1.089,4
2024-06-02,29.846,45.075,42.2,30.8,32.125,754.0,1.261,4
2024-06-03,30.816,48.104,44.8,30.3,26.417,928.0,2.384,4
2024-06-04,31.505,48.699,45.0,30.9,24.75,902.0,2.668,4
2024-06-05,31.955,48.93,44.9,32.5,26.25,967.0,2.557,4
2024-06-06,32.07,48.602,44.6,30.3,31.042,955.0,2.212,4
2024-06-07,32.184,47.7,43.7,29.6,33.583,961.0,2.959,4
2024-06-08,30.603,47.533,44.1,29.4,29.5,970.0,2.846,4
2024-06-09,31.301,47.246,43.3,29.9,33.167,955.0,2.357,4
2024-06-10,30.39,45.64,42.8,31.3,28.917,687.0,2.032,4
2024-06-11,29.534,47.654,44.9,31.1,23.417,759.0,2.062,4
2024-06-12,31.646,48.352,44.9,32.4,24.208,910.0,2.372,4
2024-06-13,32.061,49.949,46.2,32.7,22.958,957.0,2.816,4
2024-06-14,32.482,48.716,44.7,33.4,27.375,872.0,2.689,4
2024-06-15,32.613,49.434,45.6,32.9,27.792,922.0,2.748,4
2024-06-16,32.941,49.759,45.7,34.0,27.167,937.0,3.109,4
2024-06-17,33.297,50.055,45.8,34.9,26.875,874.0,3.088,4
2024-06-18,33.552,49.656,45.5,35.0,27.5,879.0,3.235,4
2024-06-19,33.934,49.704,45.2,34.2,31.0,939.0,2.955,4
2024-06-20,33.207,48.397,43.9,33.7,31.792,911.0,2.137,4
2024-06-21,33.273,49.434,45.1,32.4,32.667,930.0,2.331,4
2024-06-22,32.88,48.025,44.0,33.1,31.667,873.0,2.318,4
2024-06-23,32.11,40.799,37.7,30.8,56.208,767.0,2.308,4
2024-06-24,31.081,39.96,35.8,27.6,69.833,751.0,2.188,4
2024-06-25,29.601,35.997,31.7,26.5,86.75,595.0,1.815,4
2024-06-26,29.712,37.165,32.6,27.0,81.667,572.0,1.531,4
2024-06-27,29.778,36.429,32.2,27.4,84.375,511.0,2.01,4
2024-06-28,28.642,33.735,30.6,26.9,85.083,415.0,1.763,4
2024-06-29,29.533,36.761,32.5,26.7,82.417,504.0,1.303,4
2024-06-30,29.249,37.055,32.2,26.7,81.75,543.0,0.882,4
2024-07-01,29.897,38.68,34.2,26.7,78.5,640.0,0.765,4
2024-07-02,30.346,38.342,33.5,26.7,78.0,643.0,0.965,4
2024-07-03,28.249,33.425,30.0,27.0,83.708,357.0,2.265,4
2024-07-04,28.374,33.355,31.4,27.1,78.708,357.0,2.944,4
2024-07-05,28.016,33.675,30.6,26.9,81.75,370.0,2.261,4
2024-07-06,28.703,34.211,30.6,26.6,85.333,280.0,1.627,4
2024-07-07,27.989,32.565,30.7,26.0,82.917,405.0,2.6,4
2024-07-08,27.7,33.195,29.8,26.4,87.25,225.0,2.132,4
2024-07-09,29.012,35.734,30.8,26.3,83.167,530.0,1.265,4
2024-07-10,30.533,39.199,33.9,26.9,80.375,701.0,0.829,4
2024-07-11,30.541,38.946,34.4,27.3,77.708,709.0,1.457,4
2024-07-12,30.364,38.452,33.1,27.5,79.583,640.0,1.222,4
2024-07-13,29.408,36.493,32.0,26.0,81.125,576.0,1.208,4
2024-07-14,30.198,37.578,34.0,27.2,76.708,721.0,1.629,4
2024-07-15,29.271,34.239,31.1,27.7,81.792,576.0,2.237,4
2024-07-16,30.927,38.767,35.6,27.1,70.458,820.0,2.425,4
2024-07-17,30.737,38.547,35.0,28.8,68.5,760.0,2.325,4
2024-07-18,31.37,40.305,35.1,28.7,74.167,740.0,1.783,4
2024-07-19,29.604,36.264,32.1,27.4,82.792,548.0,1.587,4
2024-07-20,30.216,37.637,33.3,27.1,81.0,563.0,1.543,4
2024-07-21,30.612,38.073,33.6,27.4,81.167,519.0,1.528,4
2024-07-22,30.237,37.571,32.8,27.3,80.417,499.0,1.427,4
2024-07-23,30.844,39.13,34.9,28.0,75.458,670.0,1.488,4
2024-07-24,30.199,37.284,33.5,27.6,78.083,568.0,1.438,4
2024-07-25,30.178,37.636,34.1,27.5,75.875,652.0,1.834,4
2024-07-26,30.829,38.742,34.8,27.7,77.0,658.0,1.607,4
2024-07-27,30.981,38.845,34.5,27.7,78.833,591.0,1.572,4
2024-07-28,31.051,38.964,33.8,28.4,78.458,589.0,1.411,4
2024-07-29,31.252,40.541,36.8,29.4,66.542,715.0,1.598,4
2024-07-30,31.006,39.951,34.5,27.8,72.917,614.0,0.733,4
2024-07-31,29.345,36.42,31.9,27.2,81.958,476.0,0.842,4
2024-08-01,27.878,33.364,29.7,27.1,85.167,174.0,0.815,4
2024-08-02,28.865,35.713,31.6,26.7,82.875,373.0,1.328,4
2024-08-03,30.017,37.063,33.8,26.5,74.125,648.0,2.12,4
2024-08-04,28.889,34.807,33.5,27.7,66.583,595.0,2.669,4
2024-08-05,29.313,35.919,33.4,26.9,72.875,571.0,3.03,4
2024-08-06,29.03,35.914,33.0,26.0,73.167,499.0,1.47,4
2024-08-07,29.532,37.893,34.3,27.5,70.292,612.0,1.29,4
2024-08-08,28.935,34.87,31.9,26.1,78.875,522.0,1.716,4
2024-08-09,29.315,35.929,32.6,26.1,79.583,630.0,2.109,4
2024-08-10,28.503,35.392,30.9,26.1,83.875,516.0,1.372,4
2024-08-11,27.873,33.806,29.8,25.8,85.0,384.0,0.923,4
2024-08-12,27.447,33.231,29.1,25.9,86.083,360.0,0.972,4
2024-08-13,29.07,35.912,31.7,25.9,85.042,550.0,1.411,4
2024-08-14,28.442,34.244,30.6,26.2,83.917,449.0,1.643,4
2024-08-15,29.158,36.206,31.7,26.3,83.625,561.0,1.053,4
2024-08-16,27.979,33.486,29.3,26.4,88.75,376.0,1.31,4
2024-08-17,28.731,34.856,30.7,25.8,84.875,518.0,1.64,4
2024-08-18,29.834,38.134,33.1,26.4,80.917,651.0,0.987,4
2024-08-19,29.372,37.03,32.4,26.6,81.875,540.0,0.592,4
2024-08-20,28.013,34.256,29.8,25.7,86.083,427.0,0.668,4
2024-08-21,27.884,33.837,29.8,25.7,87.833,364.0,1.296,4
2024-08-22,27.145,32.175,28.8,25.5,88.167,352.0,1.51,4
2024-08-23,27.765,33.382,30.1,25.4,85.542,305.0,1.537,4
2024-08-24,28.568,33.91,31.5,25.7,81.667,452.0,2.609,4
2024-08-25,28.799,34.545,32.5,25.9,74.875,590.0,3.045,4
2024-08-26,28.757,34.05,32.9,26.6,73.875,691.0,3.314,4
2024-08-27,27.97,33.276,30.8,25.5,81.625,534.0,2.36,4
2024-08-28,28.61,36.344,31.9,25.4,81.542,594.0,0.88,4
2024-08-29,28.774,36.53,31.6,26.6,80.042,603.0,1.499,4
2024-08-30,28.057,33.3,30.6,25.6,83.667,450.0,1.935,4
2024-08-31,29.241,37.292,32.7,26.1,78.208,662.0,0.768,4
2024-09-01,30.375,39.671,34.9,27.5,75.25,770.0,0.573,4
2024-09-02,28.01,33.6,29.8,26.2,84.708,420.0,1.437,4
2024-09-03,28.739,34.778,31.0,25.8,85.958,422.0,1.538,4
2024-09-04,28.129,34.443,31.1,25.6,83.0,449.0,1.275,4
2024-09-05,28.5,35.196,31.1,25.9,84.875,409.0,1.021,4
2024-09-06,27.737,32.876,29.2,25.5,86.75,420.0,1.966,4
2024-09-07,28.469,34.918,31.1,25.6,84.5,473.0,1.338,4
2024-09-08,27.994,34.712,30.9,25.6,81.625,460.0,1.128,4
2024-09-09,29.545,37.212,32.3,25.8,83.333,656.0,0.974,4
2024-09-10,29.082,36.647,31.4,26.3,83.917,607.0,0.627,4
2024-09-11,29.063,36.467,31.7,26.0,84.75,609.0,0.768,4
2024-09-12,28.037,34.175,30.6,26.1,85.792,514.0,1.031,4
2024-09-13,25.853,28.283,26.5,23.5,84.542,511.0,2.464,4
2024-09-14,28.454,34.932,32.8,23.3,74.958,658.0,1.35,4
2024-09-15,29.264,36.664,33.8,24.5,68.708,807.0,1.887,4
2024-09-16,29.563,37.482,34.5,25.6,65.708,849.0,1.815,4
2024-09-17,29.215,38.185,34.3,25.1,68.208,822.0,1.086,4
2024-09-18,26.423,31.309,28.5,23.4,84.542,240.0,1.69,4
2024-09-19,26.239,30.634,28.3,23.6,85.083,417.0,2.484,4
2024-09-20,28.637,36.311,32.5,24.1,77.875,637.0,0.755,4
2024-09-21,29.133,37.958,33.9,25.9,73.917,732.0,0.66,4
2024-09-22,30.046,38.994,34.9,26.7,72.292,749.0,0.93,4
2024-09-23,30.374,39.406,35.3,26.8,69.0,736.0,1.079,4
2024-09-24,30.331,39.694,35.7,28.6,67.083,722.0,1.017,4
2024-09-25,28.968,35.375,31.5,27.0,82.083,594.0,2.09,4
2024-09-26,28.39,34.304,32.0,25.7,80.042,614.0,2.352,4
2024-09-27,27.744,32.064,31.1,25.3,76.958,627.0,3.175,4
2024-09-28,25.523,28.548,27.9,23.9,83.792,285.0,2.67,4
2024-09-29,28.039,35.69,32.1,23.6,76.083,743.0,1.242,4
2024-09-30,29.156,37.49,34.4,24.5,68.583,703.0,1.254,4
2024-10-01,29.357,38.601,35.1,25.8,62.583,810.0,1.097,4
2024-10-02,29.83,39.668,36.8,26.4,58.833,835.0,1.145,4
2024-10-03,30.386,40.811,36.7,25.8,58.75,828.0,0.767,4
2024-10-04,29.339,39.323,35.5,25.3,60.583,827.0,1.024,4
2024-10-05,29.645,39.181,35.2,24.3,65.625,803.0,1.0,4
2024-10-06,29.313,38.9,35.5,24.5,66.583,803.0,1.008,4
2024-10-07,29.43,38.875,35.2,25.6,66.208,753.0,1.078,4
2024-10-08,28.148,37.466,34.0,24.7,68.792,748.0,1.18,4
2024-10-09,27.61,37.269,34.0,23.8,65.75,778.0,0.977,4
2024-10-10,27.541,36.944,33.9,23.3,60.458,785.0,1.153,4
2024-10-11,26.22,35.733,33.4,20.1,54.083,811.0,1.172,4
2024-10-12,25.623,35.013,32.7,19.7,50.25,816.0,1.085,4
2024-10-13,25.813,33.841,31.3,21.2,59.667,704.0,1.107,4
2024-10-14,24.898,35.026,32.7,22.8,54.708,759.0,1.232,4
2024-10-15,25.133,34.89,33.4,19.8,49.0,802.0,1.515,4
2024-10-16,26.161,36.518,34.2,19.5,48.917,794.0,1.059,4
2024-10-17,26.477,37.007,34.8,20.2,50.875,785.0,1.156,4
2024-10-18,26.986,37.036,34.3,19.6,58.917,780.0,1.016,4
2024-10-19,27.143,37.242,34.4,20.0,59.625,771.0,1.106,4
2024-10-20,27.735,37.213,34.2,19.4,62.875,767.0,1.106,4
2024-10-21,27.218,37.179,34.2,20.4,62.5,772.0,1.236,4
2024-10-22,26.632,35.898,33.2,21.3,65.75,724.0,0.988,4
2024-10-23,25.211,34.93,33.1,19.8,55.75,775.0,1.117,4
2024-10-24,26.266,35.371,33.4,18.0,57.792,764.0,1.252,4
2024-10-25,26.109,34.897,33.5,18.5,58.542,758.0,1.485,4
2024-10-26,25.59,33.877,32.7,18.5,57.667,758.0,1.437,4
2024-10-27,25.711,34.98,32.2,19.1,61.917,750.0,0.943,4
2024-10-28,25.991,35.627,32.9,20.4,61.375,743.0,0.91,4
2024-10-29,26.432,36.464,33.7,20.6,59.583,744.0,0.855,4
2024-10-30,26.836,36.436,34.2,21.2,58.083,729.0,1.044,4
2024-10-31,25.338,34.23,33.2,19.4,55.125,738.0,1.606,4
2024-11-01,23.995,33.295,32.4,17.8,47.708,746.0,1.497,4
2024-11-02,23.122,33.836,32.0,17.6,44.083,746.0,0.857,4
2024-11-03,22.976,33.545,31.7,17.2,46.167,740.0,0.726,4
2024-11-04,22.801,32.548,30.7,17.2,46.625,734.0,0.871,4
2024-11-05,24.249,32.808,30.8,17.6,54.292,717.0,1.0,4
2024-11-06,24.368,33.219,30.5,16.9,65.0,714.0,0.479,4
2024-11-07,24.521,32.697,29.8,19.0,66.917,692.0,0.59,4
2024-11-08,24.83,33.022,30.0,18.4,70.083,689.0,0.442,4
2024-11-09,25.195,33.642,30.7,18.1,70.208,691.0,0.593,4
2024-11-10,24.79,32.909,30.1,18.3,67.583,687.0,0.712,4
2024-11-11,24.634,32.769,30.3,18.3,67.5,692.0,0.878,4
2024-11-12,24.803,32.165,30.1,18.2,66.625,687.0,1.012,4
2024-11-13,23.26,31.805,29.9,16.0,64.083,699.0,1.1,4
2024-11-14,23.325,31.945,29.6,17.3,61.542,679.0,0.97,4
2024-11-15,23.184,29.988,28.8,16.1,64.167,685.0,1.227,4
2024-11-16,22.827,29.29,28.7,16.6,65.458,681.0,1.364,4
2024-11-17,22.271,28.376,27.4,17.1,68.333,628.0,1.34,4
2024-11-18,19.974,25.957,24.6,14.8,69.167,692.0,1.32,4
2024-11-19,19.896,25.357,24.3,14.1,65.583,671.0,1.318,4
2024-11-20,19.273,25.316,24.4,13.5,60.167,684.0,1.255,4
2024-11-21,19.628,26.02,24.4,13.3,62.917,678.0,0.973,4
2024-11-22,19.944,26.83,24.8,13.3,66.0,669.0,0.767,4
2024-11-23,20.344,27.912,25.3,13.7,72.25,661.0,0.573,4
2024-11-24,20.866,28.667,26.5,13.7,69.5,663.0,0.669,4
2024-11-25,20.955,26.664,25.6,13.6,68.625,658.0,1.402,4
2024-11-26,19.596,25.835,24.8,11.0,67.875,665.0,1.264,4
2024-11-27,18.795,25.549,24.5,11.7,63.25,669.0,1.057,4
2024-11-28,18.95,26.534,24.6,11.4,58.333,665.0,0.823,4
2024-11-29,18.613,26.382,24.5,11.2,61.875,661.0,0.842,4
2024-11-30,17.911,25.85,24.3,12.4,53.958,628.0,0.678,4
2024-12-01,18.14,25.602,24.5,12.2,58.583,652.0,1.107,4
2024-12-02,19.346,26.344,24.9,12.6,68.417,644.0,1.139,4
2024-12-03,19.703,25.48,25.6,11.0,64.292,648.0,1.479,4
2024-12-04,18.985,24.011,25.0,12.5,61.083,651.0,1.97,4
2024-12-05,16.728,22.572,23.4,9.7,48.792,658.0,1.7,4
2024-12-06,17.025,22.234,23.3,10.1,50.708,657.0,1.61,4
2024-12-07,15.746,24.326,22.1,9.1,49.708,658.0,0.811,4
2024-12-08,16.369,22.047,22.1,8.9,57.083,646.0,1.515,4
2024-12-09,15.64,22.012,19.4,9.1,75.0,602.0,0.97,4
2024-12-10,15.249,19.858,19.7,7.1,69.0,644.0,1.447,4
2024-12-11,13.998,18.64,19.9,7.1,64.167,655.0,1.652,4
2024-12-12,15.202,20.105,21.1,6.9,58.583,640.0,1.834,4
2024-12-13,14.725,19.133,20.5,7.5,56.667,659.0,2.077,4
2024-12-14,14.951,20.314,20.5,7.2,58.917,655.0,1.854,4
2024-12-15,15.527,21.947,20.8,7.3,62.292,646.0,1.254,4
2024-12-16,16.169,23.661,21.3,6.3,65.833,643.0,0.682,4
2024-12-17,17.116,24.484,22.3,9.1,64.292,614.0,0.667,4
2024-12-18,17.264,24.207,22.2,9.1,64.375,638.0,0.945,4
2024-12-19,17.493,23.304,22.1,7.4,70.125,636.0,1.137,4
2024-12-20,17.747,24.3,22.7,8.2,72.458,622.0,1.145,4
2024-12-21,17.131,22.62,22.7,8.4,67.667,636.0,1.425,4
2024-12-22,16.876,24.289,22.0,7.2,66.833,636.0,0.733,4
2024-12-23,12.317,12.558,14.0,10.0,76.542,181.0,1.973,4
2024-12-24,15.016,20.624,18.2,7.5,75.5,416.0,0.722,4
2024-12-25,16.765,22.185,20.3,8.8,76.333,612.0,1.062,4
2024-12-26,17.622,24.689,22.0,8.6,72.25,628.0,0.747,4
2024-12-27,16.378,21.8,20.0,10.6,76.875,334.0,0.591,4
2024-12-28,16.878,20.742,19.6,13.2,82.333,323.0,0.935,4
2024-12-29,16.385,21.035,19.6,10.4,80.833,614.0,1.212,4
2024-12-30,16.21,20.718,20.6,9.3,75.458,642.0,1.503,4
2024-12-31,16.357,20.934,20.0,7.2,77.042,642.0,1.26,4
2025-01-01,16.543,19.547,19.8,8.7,77.458,639.0,2.054,4
2025-01-02,17.419,20.732,21.1,10.4,75.292,624.0,2.325,4
2025-01-03,17.853,22.345,21.2,11.3,79.625,586.0,1.644,4
2025-01-04,19.089,25.009,22.7,11.3,78.167,641.0,1.175,4
2025-01-05,19.919,24.216,22.0,10.0,89.208,579.0,1.497,4
2025-01-06,16.247,21.088,18.6,11.5,86.75,557.0,1.15,4
2025-01-07,14.422,15.598,17.4,9.7,76.833,636.0,2.441,4
2025-01-08,13.793,16.697,17.4,7.7,70.5,663.0,2.005,4
2025-01-09,14.871,21.412,18.3,8.2,74.208,667.0,0.751,4
2025-01-10,15.148,22.148,18.8,8.4,76.333,662.0,0.7,4
2025-01-11,14.099,18.523,16.0,9.4,85.292,394.0,1.198,4
2025-01-12,15.867,21.375,18.6,10.7,81.958,614.0,0.972,4
2025-01-13,16.348,20.547,19.0,9.3,84.5,604.0,1.345,4
2025-01-14,16.516,21.786,19.0,8.7,83.25,641.0,1.015,4
2025-01-15,16.549,22.641,19.5,8.8,81.917,651.0,0.813,4
2025-01-16,16.21,21.634,19.0,12.4,83.25,458.0,1.18,4
2025-01-17,16.076,19.873,19.4,10.1,80.292,688.0,1.589,4
2025-01-18,16.439,21.552,19.6,9.4,80.583,681.0,1.143,4
2025-01-19,17.041,22.598,21.2,8.9,79.042,670.0,0.907,4
2025-01-20,19.875,24.694,22.6,11.1,80.542,613.0,1.573,4
2025-01-21,17.99,23.101,21.8,11.6,78.375,681.0,1.59,4
2025-01-22,18.678,23.863,21.7,11.7,80.417,649.0,1.135,4
2025-01-23,17.231,21.676,19.7,13.8,83.042,376.0,1.171,4
2025-01-24,17.855,22.08,22.6,11.1,65.458,709.0,2.111,4
2025-01-25,15.125,20.319,20.9,8.8,56.958,735.0,2.151,4
2025-01-26,15.014,20.799,20.1,7.5,58.5,736.0,1.606,4
2025-01-27,15.2,21.403,20.1,7.6,63.875,733.0,1.179,4
2025-01-28,16.197,23.712,21.1,8.6,63.208,730.0,0.883,4
2025-01-29,18.472,22.967,22.8,10.5,66.667,715.0,1.732,4
2025-01-30,19.688,26.382,24.0,11.6,73.667,711.0,1.112,4
2025-01-31,20.597,26.148,24.0,12.1,76.708,716.0,1.266,4
2025-02-01,20.301,26.073,24.0,13.4,77.125,633.0,1.392,4
2025-02-02,17.837,23.204,22.2,11.1,72.333,743.0,1.576,4
2025-02-03,16.96,24.147,22.4,9.7,65.042,740.0,1.189,4
2025-02-04,16.54,18.514,18.0,13.5,87.625,190.0,0.888,4
2025-02-05,18.768,23.463,22.8,13.2,75.208,730.0,1.568,4
2025-02-06,16.64,18.879,21.1,10.2,66.792,765.0,2.405,4
2025-02-07,15.935,19.679,20.9,9.4,62.542,770.0,2.392,4
2025-02-08,18.247,24.342,23.5,9.7,60.875,721.0,1.897,4
2025-02-09,19.115,26.035,24.7,11.0,59.042,764.0,1.277,4
2025-02-10,19.91,28.3,26.2,11.8,61.917,766.0,0.824,4
2025-02-11,19.388,25.583,24.7,11.7,60.375,749.0,1.449,4
2025-02-12,19.179,26.62,26.2,14.8,50.083,784.0,1.445,4
2025-02-13,17.039,21.434,23.2,10.9,52.208,794.0,2.412,4
2025-02-14,18.571,24.636,24.9,9.9,51.167,775.0,1.978,4
2025-02-15,19.215,27.529,25.6,10.3,54.25,783.0,1.076,4
2025-02-16,19.724,26.906,25.5,12.1,56.208,597.0,0.807,4
2025-02-17,20.489,28.932,26.7,13.5,56.292,783.0,0.917,4
2025-02-18,20.063,28.376,27.0,13.8,53.833,759.0,1.119,4
2025-02-19,19.01,26.777,24.6,12.5,61.458,761.0,0.931,4
2025-02-20,19.966,24.757,24.2,14.5,68.208,591.0,2.425,4
2025-02-21,20.689,28.464,25.3,13.6,68.375,803.0,0.921,4
2025-02-22,19.48,25.247,24.6,12.3,65.292,804.0,1.716,4
2025-02-23,19.496,25.418,24.4,11.9,67.0,820.0,1.478,4
2025-02-24,19.314,26.699,25.1,11.9,58.042,754.0,1.004,4
2025-02-25,20.389,28.796,27.9,13.8,49.917,816.0,1.148,4
2025-02-26,23.72,31.325,29.0,16.9,59.5,774.0,1.031,4
2025-02-27,20.01,23.341,23.0,17.6,72.875,348.0,1.99,4
2025-02-28,21.156,25.771,24.9,16.2,71.917,396.0,2.191,4
2025-03-01,23.028,31.143,27.8,15.4,72.375,814.0,1.788,4
2025-03-02,20.687,27.371,26.5,14.6,65.375,781.0,1.538,4
2025-03-03,19.612,27.389,26.4,12.7,50.875,857.0,1.436,4
2025-03-04,18.628,24.562,24.5,14.8,41.25,870.0,2.342,4
2025-03-05,15.812,19.199,22.3,11.9,52.25,891.0,3.366,4
2025-03-06,18.785,26.514,27.0,10.9,43.5,875.0,2.418,4
2025-03-07,20.725,28.388,27.0,12.3,54.125,873.0,1.427,4
2025-03-08,21.551,29.892,29.3,13.8,50.333,882.0,1.596,4
2025-03-09,22.507,32.36,29.8,15.7,49.417,868.0,0.76,4
2025-03-10,23.2,33.034,30.8,17.2,46.375,850.0,1.173,4
2025-03-11,24.306,33.409,30.8,16.9,58.625,749.0,0.733,4
2025-03-12,24.258,33.335,31.5,17.6,57.625,813.0,1.458,4
2025-03-13,23.866,32.131,30.5,19.1,60.75,653.0,1.202,4
2025-03-14,23.018,30.234,30.0,18.1,57.5,610.0,1.371,4
2025-03-15,23.621,31.789,29.6,19.1,56.167,769.0,1.139,4
2025-03-16,22.136,27.782,26.9,17.6,66.583,528.0,1.685,4
2025-03-17,22.372,29.541,27.8,16.1,60.667,887.0,1.54,4
2025-03-18,22.028,30.027,28.7,16.2,53.167,874.0,1.687,4
2025-03-19,22.981,33.009,31.2,18.5,49.583,862.0,1.206,4
2025-03-20,23.054,33.592,32.1,18.0,44.125,909.0,1.182,4
2025-03-21,23.453,31.919,30.6,17.2,52.083,908.0,1.617,4
2025-03-22,23.541,31.836,30.0,17.0,56.083,903.0,1.42,4
2025-03-23,23.422,33.259,30.8,17.2,47.75,924.0,1.097,4
2025-03-24,24.971,36.077,33.3,19.7,43.25,912.0,0.83,4
2025-03-25,25.305,36.455,33.6,20.4,42.667,919.0,0.724,4
2025-03-26,26.912,37.97,34.9,20.3,43.25,916.0,0.871,4
2025-03-27,25.362,36.711,34.8,21.3,41.208,926.0,1.635,4
2025-03-28,21.75,31.576,31.0,16.7,37.125,973.0,2.638,4
2025-03-29,20.498,31.081,31.1,12.1,31.042,938.0,2.547,4
2025-03-30,21.251,32.542,31.7,14.0,35.375,967.0,2.205,4
2025-03-31,23.017,35.272,33.8,15.0,37.958,961.0,1.626,4
2025-04-01,23.709,34.769,33.1,16.0,38.667,959.0,1.589,4
2025-04-02,23.492,36.355,34.3,19.6,29.75,967.0,0.95,4
2025-04-03,24.521,37.959,35.6,22.3,26.583,958.0,1.108,4
2025-04-04,25.622,38.945,37.0,20.3,35.0,950.0,1.705,4
2025-04-05,25.551,37.473,35.5,20.2,39.083,948.0,1.72,4
2025-04-06,26.533,38.443,35.7,20.7,40.958,950.0,0.986,4
2025-04-07,27.176,40.235,37.1,23.5,35.917,942.0,1.225,4
2025-04-08,27.714,40.362,37.3,23.1,40.875,938.0,1.313,4
2025-04-09,28.864,42.004,38.5,24.9,44.167,934.0,1.18,4
2025-04-10,29.659,41.709,37.8,23.4,56.708,932.0,1.551,4
2025-04-11,28.332,36.749,33.6,20.9,65.5,902.0,1.926,4
2025-04-12,28.213,38.363,34.5,18.7,59.917,925.0,1.131,4
2025-04-13,28.09,39.102,35.6,22.2,55.375,932.0,1.066,4
2025-04-14,27.862,39.607,36.4,25.2,42.833,933.0,0.697,4
2025-04-15,28.455,40.245,37.1,26.7,41.25,931.0,1.648,4
2025-04-16,29.845,43.737,40.4,26.4,38.25,940.0,1.53,4
2025-04-17,30.393,44.702,41.8,27.0,40.0,936.0,1.451,4
2025-04-18,30.62,45.493,41.9,26.8,43.083,953.0,1.238,4
2025-04-19,30.871,41.794,38.3,27.0,53.625,933.0,2.69,4
2025-04-20,28.88,40.369,37.1,25.3,57.75,952.0,2.107,4
2025-04-21,29.21,42.152,39.1,24.9,47.75,887.0,0.75,4
2025-04-22,28.23,42.277,39.3,24.7,31.208,969.0,1.81,4
2025-04-23,26.029,40.367,38.1,22.0,27.5,1001.0,1.751,4
2025-04-24,26.668,40.979,38.4,23.1,30.083,997.0,1.297,4
2025-04-25,26.405,42.726,40.3,25.3,23.625,1008.0,1.072,4
2025-04-26,27.175,42.957,40.2,23.8,26.25,974.0,0.762,4
2025-04-27,28.036,42.766,39.8,24.4,29.25,975.0,0.881,4
2025-04-28,27.526,42.657,39.6,24.0,31.125,988.0,0.801,4
2025-04-29,29.585,41.803,38.2,22.4,44.917,976.0,1.451,4
2025-04-30,30.557,40.889,37.4,22.9,58.958,954.0,2.425,4
2025-05-01,28.776,36.775,34.9,25.1,57.708,902.0,3.15,4
2025-05-02,27.088,34.806,33.3,24.3,61.458,577.0,2.212,4
2025-05-03,28.04,38.638,35.6,24.8,58.375,856.0,1.73,4
2025-05-04,28.197,37.446,34.5,24.6,61.625,833.0,2.04,4
2025-05-05,27.156,34.183,32.1,23.5,69.25,752.0,2.204,4
2025-05-06,27.077,32.904,30.0,24.1,75.458,852.0,1.912,4
2025-05-07,26.912,33.528,30.6,24.5,79.375,651.0,1.583,4
2025-05-08,27.87,35.035,33.5,23.9,66.583,793.0,1.491,4
2025-05-09,28.979,39.587,35.8,26.9,56.5,892.0,0.967,4
2025-05-10,28.632,38.372,34.4,26.3,61.0,839.0,0.938,4
2025-05-11,29.934,41.08,37.8,25.9,51.958,909.0,1.338,4
2025-05-12,30.24,44.288,40.6,27.7,41.958,945.0,1.547,4
2025-05-13,29.566,45.392,42.4,28.3,32.5,956.0,1.914,4
2025-05-14,30.251,47.075,43.8,29.5,24.625,983.0,2.024,4
2025-05-15,29.623,47.3,44.1,28.9,21.125,939.0,1.789,4
2025-05-16,30.09,46.451,42.7,29.4,24.167,917.0,1.648,4
2025-05-17,30.379,46.216,42.8,29.0,33.625,904.0,1.569,4
2025-05-18,31.526,45.361,41.3,27.7,49.125,976.0,1.651,4
2025-05-19,31.927,43.138,38.6,28.7,58.75,946.0,2.316,4
2025-05-20,32.525,44.2,39.2,28.4,62.542,950.0,1.798,4
2025-05-21,33.171,45.773,41.7,29.2,57.375,930.0,1.626,4
2025-05-22,32.075,42.287,37.7,29.0,62.083,902.0,2.158,4
2025-05-23,31.441,41.771,37.9,28.3,59.458,878.0,2.162,4
2025-05-24,30.545,40.358,36.6,28.0,61.167,899.0,2.364,4
2025-05-25,30.609,40.713,37.1,27.5,58.125,909.0,2.114,4
2025-05-26,31.187,43.221,39.0,27.7,56.958,928.0,1.135,4
2025-05-27,31.008,40.265,36.3,28.0,64.417,879.0,1.963,4
2025-05-28,30.923,40.045,35.7,28.1,65.5,875.0,1.698,4
2025-05-29,30.943,40.785,35.4,28.3,66.917,884.0,1.409,4
2025-05-30,30.682,39.761,34.5,27.7,75.542,821.0,1.622,4
2025-05-31,31.287,41.555,36.6,26.5,68.292,906.0,0.85,4
2025-06-01,30.975,41.101,36.2,27.1,60.667,925.0,0.831,4
2025-06-02,28.977,40.869,37.6,28.3,52.75,922.0,1.235,4
2025-06-03,27.888,36.103,32.3,24.7,69.958,700.0,1.147,4
2025-06-04,28.195,37.619,33.8,25.4,68.167,913.0,1.126,4
2025-06-05,28.769,39.086,34.9,25.2,59.625,942.0,0.907,4
2025-06-06,29.87,40.71,37.2,27.4,59.5,915.0,1.184,4
2025-06-07,31.205,42.554,38.9,27.8,53.333,898.0,1.673,4
2025-06-08,30.597,43.362,39.9,29.4,47.083,906.0,1.913,4
2025-06-09,31.594,44.526,41.2,28.9,41.583,961.0,3.029,4
2025-06-10,31.117,43.675,40.1,27.7,43.917,958.0,2.436,4
2025-06-11,32.168,43.897,39.5,26.5,60.25,934.0,1.67,4
2025-06-12,32.854,43.904,39.3,28.7,65.125,914.0,2.637,4
2025-06-13,32.618,43.514,38.4,28.5,63.958,896.0,2.022,4
2025-06-14,32.428,43.426,38.3,29.9,60.667,882.0,1.578,4
2025-06-15,31.689,40.632,36.5,28.4,67.667,835.0,2.149,4
2025-06-16,28.288,33.521,30.6,26.3,83.0,292.0,2.403,4
2025-06-17,28.605,34.55,31.2,26.5,81.875,416.0,1.507,4
2025-06-18,27.508,32.599,29.2,26.6,84.583,331.0,1.331,4
2025-06-19,29.094,35.49,31.6,26.3,81.875,528.0,1.587,4
2025-06-20,30.032,37.128,33.7,26.8,76.083,625.0,1.981,4
2025-06-21,30.403,38.737,34.1,28.2,74.75,739.0,1.545,4
2025-06-22,29.721,36.932,33.6,28.2,73.0,664.0,2.258,4
2025-06-23,29.828,37.787,34.5,27.5,68.75,660.0,1.965,4
2025-06-24,30.274,39.142,35.2,27.0,68.958,689.0,1.493,4
2025-06-25,30.149,37.705,33.8,28.3,74.375,581.0,1.52,4
2025-06-26,30.204,37.768,35.0,28.1,70.375,680.0,2.086,4
2025-06-27,30.464,38.983,35.4,27.9,70.792,686.0,1.348,4
2025-06-28,30.013,37.882,34.1,27.2,77.458,623.0,1.281,4
2025-06-29,28.049,33.888,30.5,26.0,82.75,397.0,1.015,4
2025-06-30,29.705,37.59,33.2,25.5,79.833,537.0,1.181,4
2025-07-01,28.768,34.705,31.9,26.2,79.5,536.0,1.638,4
2025-07-02,30.58,39.02,35.6,26.6,67.542,701.0,1.856,4
2025-07-03,30.666,38.654,35.3,28.9,66.833,692.0,2.069,4
2025-07-04,30.027,37.976,33.5,26.7,76.042,648.0,1.345,4
2025-07-05,29.998,38.455,33.1,27.2,79.125,658.0,0.665,4
2025-07-06,29.312,36.63,33.2,26.6,77.167,580.0,1.404,4
2025-07-07,29.989,37.77,33.0,27.0,78.333,605.0,1.422,4
2025-07-08,29.078,36.761,32.6,27.3,75.083,472.0,1.057,4
2025-07-09,29.418,36.213,31.9,27.3,83.458,462.0,1.41,4
2025-07-10,29.358,36.604,33.3,26.9,77.417,597.0,1.786,4
2025-07-11,29.551,37.162,32.9,26.8,78.25,714.0,1.184,4
2025-07-12,30.072,37.49,34.2,26.9,75.292,608.0,1.925,4
2025-07-13,29.358,35.22,33.6,27.2,73.583,589.0,3.123,4
2025-07-14,28.092,32.496,30.5,26.5,78.917,385.0,3.799,4
2025-07-15,27.716,30.956,29.9,25.8,84.625,515.0,3.468,4
2025-07-16,28.445,34.952,30.8,25.6,87.333,322.0,1.293,4
2025-07-17,28.169,33.641,30.3,26.5,84.583,485.0,1.864,4
2025-07-18,28.058,32.762,30.1,26.4,83.25,510.0,2.38,4
2025-07-19,28.932,35.22,32.4,25.9,79.292,563.0,2.398,4
2025-07-20,29.564,37.51,34.7,26.6,68.625,657.0,1.481,4
2025-07-21,29.234,36.392,33.1,26.4,76.458,557.0,1.953,4
2025-07-22,27.892,33.65,30.4,25.6,87.458,250.0,1.265,4
2025-07-23,28.113,34.18,30.1,25.8,87.0,248.0,0.965,4
2025-07-24,27.846,34.148,29.9,26.7,84.958,394.0,0.759,4
2025-07-25,29.881,37.033,32.5,26.4,83.333,608.0,1.219,4
2025-07-26,29.733,36.814,32.1,26.7,82.292,624.0,1.529,4
2025-07-27,30.235,37.176,34.2,27.8,74.0,744.0,2.162,4
2025-07-28,29.437,35.481,31.5,28.1,80.208,566.0,2.095,4
2025-07-29,29.554,37.03,32.1,27.1,83.0,489.0,1.397,4
2025-07-30,27.641,32.76,29.2,25.4,91.083,147.0,1.562,4
2025-07-31,28.806,34.428,31.5,25.2,81.625,535.0,2.585,4
2025-08-01,26.716,30.658,28.9,23.9,82.167,300.0,2.51,4
2025-08-02,27.78,33.213,29.6,25.4,84.208,305.0,1.645,4
2025-08-03,28.753,35.504,32.2,26.4,78.458,607.0,1.696,4
2025-08-04,27.147,31.912,27.9,25.4,92.75,75.0,1.603,4
2025-08-05,26.935,32.46,28.5,26.2,90.25,211.0,1.208,4
2025-08-06,28.635,35.655,32.5,25.9,77.625,526.0,1.685,4
2025-08-07,27.563,33.918,29.8,24.7,85.625,413.0,0.834,4
2025-08-08,29.28,36.518,34.7,24.5,78.333,412.0,1.923,4
2025-08-09,28.547,34.997,31.1,26.2,85.25,335.0,1.224,4
2025-08-10,28.91,34.979,31.6,26.3,81.083,540.0,2.329,4
2025-08-11,29.463,37.155,32.2,26.5,79.958,572.0,1.186,4
2025-08-12,30.103,38.235,33.0,26.9,81.292,556.0,0.875,4
2025-08-13,28.63,34.988,30.2,27.0,86.833,381.0,1.308,4
2025-08-14,27.46,31.461,29.0,26.3,88.458,339.0,2.467,4
2025-08-15,29.606,35.857,32.2,26.1,82.292,663.0,2.165,4
2025-08-16,30.075,37.47,32.9,26.7,82.958,660.0,1.501,4
2025-08-17,30.048,37.206,33.1,27.0,81.417,621.0,1.747,4
2025-08-18,29.714,36.06,32.3,27.4,80.708,634.0,2.016,4
2025-08-19,29.331,35.696,31.9,26.8,82.375,669.0,2.075,4
2025-08-20,29.459,36.522,32.6,26.6,80.083,708.0,1.873,4
2025-08-21,28.712,35.645,31.5,26.0,81.458,596.0,1.34,4
2025-08-22,29.33,37.368,32.2,26.2,82.417,636.0,0.792,4
2025-08-23,26.746,32.431,28.3,25.7,89.125,263.0,0.978,4
2025-08-24,27.893,32.742,29.9,25.3,85.583,455.0,2.518,4
2025-08-25,27.381,31.107,29.2,25.4,86.792,400.0,3.036,4
2025-08-26,26.682,30.353,28.2,25.5,86.917,341.0,2.598,4
2025-08-27,28.899,35.507,32.1,25.3,80.333,536.0,1.8,4
2025-08-28,28.432,34.674,31.1,25.5,82.125,560.0,1.531,4
2025-08-29,28.513,34.536,30.8,25.7,86.167,410.0,1.537,4
2025-08-30,26.722,30.762,28.0,25.3,89.708,247.0,1.859,4
2025-08-31,26.77,31.252,28.0,25.1,90.458,330.0,1.795,4
2025-09-01,25.107,28.057,25.6,24.7,93.833,138.0,1.941,4
2025-09-02,27.142,32.745,28.9,24.6,89.75,315.0,1.532,4
2025-09-03,26.521,30.372,27.6,24.8,90.333,374.0,1.644,4
2025-09-04,28.846,34.994,30.5,25.0,87.25,517.0,1.272,4
2025-09-05,27.903,33.065,29.7,25.3,88.0,418.0,1.826,4
2025-09-06,27.72,31.42,29.5,25.0,88.583,429.0,2.687,4
2025-09-07,27.767,32.279,29.9,24.8,87.417,446.0,2.358,4
2025-09-08,27.994,34.023,31.0,24.7,80.542,618.0,1.76,4
2025-09-09,28.422,35.884,32.5,25.0,76.042,722.0,1.348,4
2025-09-10,28.81,35.675,33.1,25.5,74.958,721.0,1.997,4
2025-09-11,28.51,35.053,32.8,25.5,69.875,662.0,2.219,4
2025-09-12,29.053,37.389,34.4,25.7,63.875,757.0,1.551,4
2025-09-13,28.758,35.434,31.2,26.5,83.0,466.0,1.293,4
2025-09-14,26.95,32.32,28.6,25.7,87.542,351.0,1.341,4
2025-09-15,28.735,36.489,32.6,25.3,81.708,638.0,0.897,4
2025-09-16,28.624,35.64,31.4,25.8,83.667,588.0,1.259,4
2025-09-17,28.295,34.885,31.5,25.3,79.333,637.0,1.648,4
2025-09-18,27.431,32.721,29.9,25.0,83.333,475.0,1.707,4
2025-09-19,28.134,33.523,30.9,25.1,81.833,571.0,1.885,4
2025-09-20,28.583,36.153,33.4,25.3,71.333,708.0,1.342,4
2025-09-21,29.216,37.827,34.7,26.4,64.542,808.0,1.522,4
2025-09-22,29.58,38.939,35.7,26.1,61.458,820.0,1.351,4
2025-09-23,28.972,38.597,36.2,26.1,54.0,863.0,1.621,4
2025-09-24,28.948,38.39,35.9,25.5,54.25,863.0,1.94,4
2025-09-25,29.091,37.689,34.6,25.0,62.542,858.0,1.696,4
2025-09-26,30.061,39.154,35.0,24.8,66.417,829.0,1.357,4
2025-09-27,30.597,39.069,35.5,27.3,66.25,780.0,1.224,4
2025-09-28,29.845,37.819,34.0,27.5,72.25,759.0,1.785,4
2025-09-29,29.652,37.945,33.8,26.4,74.542,714.0,1.392,4
2025-09-30,29.086,36.159,31.9,26.6,80.0,658.0,1.334,4
2025-10-01,27.623,34.26,30.1,25.2,84.833,495.0,0.678,4
2025-10-02,27.541,33.554,30.3,24.6,84.333,515.0,1.278,4
2025-10-03,26.917,32.616,29.4,24.0,85.208,465.0,1.359,4
2025-10-04,28.778,37.159,33.3,23.7,73.792,697.0,1.004,4
2025-10-05,28.149,36.116,34.4,24.3,63.833,749.0,1.646,4
2025-10-06,24.212,28.784,27.6,22.7,83.583,347.0,1.922,4
2025-10-07,25.504,32.154,28.4,20.6,83.75,548.0,0.963,4
2025-10-08,24.719,31.355,28.5,19.6,79.208,728.0,1.129,4
2025-10-09,24.513,31.426,28.8,19.2,75.5,755.0,1.461,4
2025-10-10,24.305,31.205,28.0,18.6,75.375,749.0,1.242,4
2025-10-11,24.586,31.072,29.0,19.2,70.917,730.0,1.551,4
2025-10-12,25.139,32.233,30.0,18.9,69.5,733.0,1.533,4
2025-10-13,25.044,33.469,31.0,18.8,62.833,736.0,1.212,4
2025-10-14,24.19,33.674,31.7,18.8,56.792,738.0,1.035,4
2025-10-15,24.605,34.887,32.9,19.5,49.5,728.0,1.01,4
2025-10-16,24.145,33.966,32.3,19.4,47.583,729.0,1.266,4
2025-10-17,24.912,34.635,32.5,19.8,49.542,722.0,1.225,4
2025-10-18,25.718,34.698,32.9,21.1,51.292,707.0,1.283,4
2025-10-19,25.325,35.571,33.5,21.4,52.125,708.0,0.737,4
2025-10-20,24.839,35.396,33.3,21.0,50.292,707.0,0.707,4
2025-10-21,25.107,35.594,33.6,21.7,47.125,681.0,0.73,4
2025-10-22,24.603,34.39,33.1,21.5,42.542,686.0,1.411,4
2025-10-23,24.601,34.27,32.5,20.5,43.458,686.0,1.242,4
2025-10-24,24.488,34.869,32.8,20.4,47.583,689.0,0.694,4
2025-10-25,24.318,34.365,32.6,19.9,47.792,683.0,0.957,4
2025-10-26,24.121,33.712,32.2,19.9,49.917,680.0,0.995,4
2025-10-27,22.601,29.735,28.9,20.5,56.542,434.0,1.08,4
2025-10-28,22.256,27.201,26.7,19.7,69.0,356.0,1.482,4
2025-10-29,24.69,32.749,31.0,19.7,60.0,653.0,1.022,4
2025-10-30,25.962,34.612,32.1,20.8,59.708,638.0,0.94,4
2025-10-31,27.005,34.988,32.2,21.6,57.25,570.0,1.192,4
2025-11-01,24.381,32.554,31.8,20.7,55.292,645.0,1.651,4
2025-11-02,22.744,31.375,30.7,18.5,45.375,659.0,1.797,4
2025-11-03,22.996,31.218,30.8,18.0,44.25,659.0,1.73,4
2025-11-04,22.487,30.663,30.3,19.0,46.042,646.0,1.543,4
2025-11-05,23.727,31.993,30.6,17.6,50.292,631.0,1.778,4
2025-11-06,18.413,25.828,26.4,14.9,46.125,675.0,2.273,4
2025-11-07,19.637,26.839,26.9,14.6,45.667,658.0,1.888,4
2025-11-08,19.108,26.87,26.7,13.2,45.5,660.0,1.694,4
2025-11-09,19.895,27.848,27.6,14.2,45.792,645.0,1.547,4
2025-11-10,19.327,28.026,27.2,13.5,47.667,642.0,1.115,4
2025-11-11,19.248,27.266,27.2,13.8,46.083,641.0,1.546,4
2025-11-12,19.548,26.417,27.0,14.0,45.458,633.0,1.915,4
2025-11-13,19.23,26.552,26.9,13.7,48.417,630.0,1.801,4
2025-11-14,18.827,25.849,26.6,12.9,46.833,627.0,1.776,4
2025-11-15,18.67,26.288,26.6,12.7,46.458,626.0,1.625,4
2025-11-16,18.897,25.751,26.6,12.3,45.167,622.0,1.732,4
2025-11-17,18.944,26.869,25.7,12.3,50.667,614.0,1.055,4
2025-11-18,19.487,26.627,26.2,12.9,55.375,605.0,1.168,4
2025-11-19,19.315,27.743,26.5,12.5,54.208,605.0,0.736,4
2025-11-20,19.687,28.135,26.6,13.1,55.0,591.0,0.459,4
2025-11-21,20.199,27.875,26.1,14.8,58.5,583.0,0.624,4
2025-11-22,19.344,27.11,25.6,13.1,58.458,584.0,0.808,4
2025-11-23,18.677,26.114,24.8,12.5,57.875,587.0,1.062,4
2025-11-24,18.41,26.068,24.8,12.6,57.25,584.0,1.025,4
2025-11-25,17.572,24.71,24.1,11.8,54.417,586.0,1.256,4
2025-11-26,17.169,25.032,23.9,11.1,56.333,591.0,0.955,4
2025-11-27,17.477,25.667,24.3,11.2,55.958,577.0,0.737,4
2025-11-28,17.998,24.794,25.5,11.7,53.042,568.0,1.772,4
2025-11-29,19.208,25.787,26.1,13.5,47.708,557.0,1.74,4
2025-11-30,17.576,23.124,24.4,12.8,48.083,567.0,1.779,4
2025-12-01,15.783,22.54,22.8,10.8,44.667,536.0,1.095,4
2025-12-02,19.111,26.594,25.2,12.7,49.583,523.0,0.786,4
2025-12-03,16.189,22.797,22.4,10.6,51.708,579.0,1.34,4
2025-12-04,15.651,21.215,21.9,9.6,52.292,576.0,1.763,4
2025-12-05,16.793,23.027,23.0,9.9,53.292,565.0,1.548,4
2025-12-06,17.244,22.153,23.4,10.6,50.542,564.0,2.091,4
2025-12-07,17.705,23.345,24.0,11.7,50.125,544.0,2.034,4
2025-12-08,17.757,23.613,24.5,12.3,48.958,553.0,2.088,4
2025-12-09,17.75,22.405,24.0,11.5,52.042,562.0,2.458,4
2025-12-10,17.83,23.572,24.1,11.8,54.125,558.0,1.91,4
2025-12-11,17.782,23.858,23.9,10.8,58.125,551.0,1.348,4
2025-12-12,17.951,24.826,24.1,10.8,62.125,550.0,1.21,4
2025-12-13,18.835,26.445,25.0,11.4,64.75,546.0,0.608,4
2025-12-14,19.126,26.145,24.8,13.4,67.958,501.0,0.559,4
2025-12-15,18.768,24.685,24.8,11.9,66.333,554.0,1.591,4
2025-12-16,18.885,23.101,24.2,11.9,60.833,550.0,2.53,4
2025-12-17,19.344,24.496,25.6,13.7,54.5,550.0,2.513,4
2025-12-18,19.086,24.684,24.3,12.3,64.083,547.0,1.581,4
2025-12-19,18.535,23.502,24.2,11.5,61.625,556.0,2.042,4
2025-12-20,17.642,24.736,23.2,10.8,61.667,533.0,0.986,4
2025-12-21,18.812,25.449,24.2,12.5,67.0,491.0,0.699,4
2025-12-22,20.265,27.299,26.1,12.4,72.917,530.0,0.564,4
2025-12-23,19.87,24.201,24.8,12.7,71.208,543.0,2.199,4
2025-12-24,15.737,18.801,20.9,11.7,61.208,562.0,2.548,4
2025-12-25,15.609,21.306,21.4,9.6,56.583,568.0,1.668,4
2025-12-26,15.435,22.13,21.5,8.5,63.0,531.0,1.151,4
2025-12-27,16.401,21.829,21.2,9.1,68.5,527.0,1.292,4
2025-12-28,16.569,23.029,22.0,8.6,70.292,564.0,1.263,4
2025-12-29,16.361,21.117,21.8,10.0,65.292,540.0,1.832,4
2025-12-30,17.189,22.992,22.6,10.1,66.042,558.0,1.729,4
2025-12-31,17.347,25.092,23.8,9.5,65.542,561.0,0.908,4
2026-01-01,15.566,19.772,17.7,12.5,83.583,263.0,1.073,4
2026-01-02,16.486,20.226,19.1,10.8,84.833,492.0,1.286,4
2026-01-03,16.255,20.474,19.9,9.6,78.292,559.0,1.516,4
2026-01-04,15.807,21.03,18.8,8.5,77.333,565.0,1.234,4
2026-01-05,15.818,20.082,19.4,8.3,76.5,563.0,1.457,4
2026-01-06,16.286,21.456,20.7,9.8,74.375,527.0,1.447,4
2026-01-07,14.833,20.03,20.3,8.6,71.125,581.0,1.595,4
2026-01-08,14.061,20.359,19.4,7.0,68.208,590.0,1.271,4
2026-01-09,14.929,22.639,21.0,7.7,67.0,560.0,1.071,4
2026-01-10,15.24,21.939,20.8,8.1,65.625,571.0,1.312,4
2026-01-11,13.177,16.354,16.6,5.9,74.083,603.0,1.917,4
2026-01-12,14.4,19.553,17.3,6.2,77.375,600.0,1.369,4
2026-01-13,14.682,19.106,17.6,6.0,83.083,574.0,1.136,4
2026-01-14,14.369,17.767,16.9,5.9,82.75,572.0,1.735,4
2026-01-15,15.43,19.472,18.9,6.3,76.833,607.0,1.684,4
2026-01-16,16.276,21.592,20.6,7.9,73.792,607.0,1.521,4
2026-01-17,17.314,24.364,22.2,8.0,73.375,527.0,0.492,4
2026-01-18,18.016,24.626,22.7,8.1,75.083,570.0,0.852,4
2026-01-19,18.927,25.94,24.6,11.6,69.875,591.0,1.057,4
2026-01-20,18.067,22.791,21.5,10.0,77.458,578.0,1.28,4
2026-01-21,16.451,21.56,21.6,8.4,73.375,603.0,1.638,4
2026-01-22,18.544,26.083,24.8,7.9,67.042,616.0,1.418,4
2026-01-23,16.564,19.4,18.8,12.0,78.208,410.0,2.527,4
2026-01-24,11.931,16.734,15.7,6.1,67.042,655.0,1.952,4
2026-01-25,13.292,17.32,16.1,4.8,73.958,648.0,1.794,4
2026-01-26,14.642,20.942,17.7,5.5,77.167,633.0,1.194,4
2026-01-27,17.999,20.322,20.6,9.8,78.0,597.0,2.345,4
2026-01-28,15.411,18.302,18.0,10.9,83.875,577.0,1.528,4
2026-01-29,15.736,19.8,18.2,7.9,82.125,650.0,1.743,4
2026-01-30,16.388,21.647,19.2,8.4,80.417,619.0,1.24,4
2026-01-31,16.685,22.393,19.1,6.6,84.583,596.0,0.822,4
2026-02-01,18.756,24.553,22.1,11.9,80.208,567.0,1.108,4
2026-02-02,20.008,25.513,22.2,12.0,84.292,607.0,1.152,4
2026-02-03,17.617,22.664,20.1,11.3,81.792,562.0,0.994,4
2026-02-04,17.33,22.286,21.1,9.8,79.333,673.0,1.49,4
2026-02-05,17.247,21.747,21.4,9.9,71.708,693.0,2.0,4
2026-02-06,18.098,22.18,22.4,10.4,67.208,693.0,2.12,4
2026-02-07,18.741,22.5,22.9,11.9,70.542,674.0,2.172,4
2026-02-08,17.624,22.593,22.7,10.4,62.667,714.0,1.912,4
2026-02-09,17.982,25.734,23.5,9.9,62.875,637.0,0.826,4
2026-02-10,20.631,27.802,25.3,11.0,69.25,688.0,1.123,4
2026-02-11,21.308,27.165,26.0,13.9,72.708,685.0,1.37,4
2026-02-12,18.735,23.653,24.4,12.8,56.333,724.0,2.278,4
2026-02-13,18.971,25.369,25.3,11.6,55.417,724.0,1.613,4
2026-02-14,20.408,28.248,27.5,13.4,54.458,721.0,1.245,4
2026-02-15,21.195,28.482,27.8,14.0,53.167,726.0,1.494,4
2026-02-16,21.211,30.943,29.9,14.6,51.0,733.0,1.181,4
2026-02-17,21.902,31.497,29.8,15.5,50.375,731.0,1.35,4
2026-02-18,21.863,30.28,28.6,16.9,55.75,677.0,1.524,4
2026-02-19,21.418,29.967,29.2,15.7,49.958,734.0,1.485,4
2026-02-20,21.506,29.914,29.1,15.0,50.458,738.0,1.779,4
2026-02-21,20.714,29.438,28.9,15.5,51.083,759.0,1.613,4
2026-02-22,21.268,30.922,29.3,14.9,49.208,758.0,1.193,4
2026-02-23,21.161,31.27,29.9,16.7,44.458,757.0,0.99,4
2026-02-24,21.435,30.952,29.8,17.2,43.833,767.0,1.14,4
2026-02-25,20.755,30.341,29.5,15.9,41.583,778.0,1.514,4
2026-02-26,20.638,29.942,30.3,15.6,32.042,788.0,2.008,4
2026-02-27,21.135,32.551,31.9,15.6,32.5,789.0,1.559,4
2026-02-28,22.298,32.315,32.2,18.1,34.125,784.0,1.723,4
2026-03-01,21.785,31.937,31.4,17.4,38.292,796.0,2.105,4
2026-03-02,22.719,30.761,30.8,17.6,40.875,799.0,2.643,4
2026-03-03,23.266,31.277,31.6,17.6,40.208,807.0,2.952,4
2026-03-04,24.482,33.855,32.9,18.8,41.25,797.0,2.403,4
2026-03-05,26.029,34.629,33.9,21.6,39.458,802.0,3.26,4
2026-03-06,24.237,36.227,34.4,19.6,37.292,818.0,1.298,4
2026-03-07,24.855,37.701,35.7,20.5,45.125,823.0,1.122,4
2026-03-08,24.511,37.435,35.6,20.4,37.875,829.0,1.38,4
2026-03-09,25.358,37.01,35.6,20.1,41.083,782.0,1.848,4
2026-03-10,25.577,37.909,36.2,21.1,40.333,825.0,1.177,4
2026-03-11,24.283,37.949,36.7,21.0,32.0,838.0,1.399,4
2026-03-12,24.823,35.765,34.6,20.6,32.833,772.0,1.953,4
2026-03-13,24.786,36.001,34.3,21.0,36.25,794.0,1.563,4
2026-03-14,21.271,31.113,30.6,20.7,32.5,564.0,1.516,4
2026-03-15,22.846,31.183,30.0,21.0,41.083,751.0,2.038,4
2026-03-16,23.422,32.444,30.2,17.6,47.708,873.0,2.027,4
2026-03-17,23.364,31.505,31.1,19.7,40.792,590.0,2.001,4
2026-03-18,22.248,30.369,30.0,19.0,46.167,582.0,1.508,4
2026-03-19,22.234,29.656,28.0,17.9,54.167,701.0,1.652,4
2026-03-20,20.15,24.309,22.6,16.7,79.833,563.0,1.219,4
2026-03-21,20.162,24.883,23.6,15.1,78.5,548.0,1.385,4
2026-03-22,22.459,28.646,26.7,15.1,71.25,871.0,1.356,4
2026-03-23,23.164,30.569,28.6,17.4,66.125,827.0,1.407,4
2026-03-24,23.732,30.549,28.7,15.9,71.583,877.0,1.496,4
2026-03-25,23.218,31.884,30.0,16.5,57.583,900.0,1.278,4
2026-03-26,24.892,36.122,33.4,19.0,51.292,875.0,1.009,4
2026-03-27,24.369,32.685,31.0,18.4,51.042,872.0,1.682,4
2026-03-28,24.962,35.999,33.8,20.0,45.208,857.0,1.028,4
2026-03-29,27.175,37.778,34.6,21.2,53.583,879.0,1.064,4
2026-03-30,25.789,35.913,33.0,24.1,47.75,853.0,1.043,4
2026-03-31,25.6,36.382,33.8,20.9,44.542,883.0,1.136,4
2026-04-01,24.977,37.633,35.4,22.0,34.875,846.0,0.89,4
2026-04-02,25.874,39.096,36.4,22.5,36.5,901.0,0.85,4
2026-04-03,26.463,39.695,37.0,22.3,37.708,868.0,1.0,4
2026-04-04,23.998,32.46,31.6,22.3,41.333,669.0,1.631,4
2026-04-05,23.081,30.482,29.1,21.3,50.083,808.0,1.822,4
2026-04-06,23.199,31.987,30.6,19.0,42.042,894.0,1.756,4
2026-04-07,22.495,30.367,29.5,19.4,49.625,599.0,1.485,4
2026-04-08,21.575,28.02,24.2,16.9,75.0,845.0,1.852,4
2026-04-09,22.604,30.566,27.8,15.3,68.458,906.0,1.292,4
2026-04-10,24.289,31.312,31.4,17.2,51.25,939.0,2.758,4
2026-04-11,24.81,33.137,32.6,19.8,44.167,923.0,2.51,4
2026-04-12,24.233,35.786,34.4,20.4,36.625,924.0,1.871,4
2026-04-13,24.151,37.089,35.4,20.5,27.833,954.0,1.743,4
2026-04-14,24.985,38.32,36.9,21.5,22.708,947.0,1.905,4
2026-04-15,26.469,42.333,39.9,24.1,19.708,899.0,0.782,4
2026-04-16,26.341,42.551,40.2,25.0,18.583,898.0,1.32,4
2026-04-17,27.584,43.982,41.6,26.2,20.583,899.0,1.291,4
2026-04-18,30.561,44.829,41.1,26.4,38.042,880.0,1.621,4
2026-04-19,30.365,44.921,41.6,27.1,35.292,847.0,1.381,4
2026-04-20,29.856,43.309,39.9,24.9,38.667,915.0,2.02,4
2026-04-21,28.785,41.592,39.3,24.4,36.875,897.0,2.654,4
2026-04-22,30.01,43.643,40.7,25.6,38.333,893.0,2.429,4
2026-04-23,29.955,44.648,41.4,27.1,32.333,896.0,2.569,4
2026-04-24,30.648,45.486,42.0,27.3,31.375,885.0,2.475,4
2026-04-25,32.224,46.29,42.7,28.7,35.125,869.0,3.13,4
2026-04-26,31.482,44.763,41.5,28.8,40.083,851.0,2.085,4
2026-04-27,30.978,45.191,41.9,28.1,36.708,866.0,2.322,4
2026-04-28,31.521,43.339,39.7,28.4,45.167,713.0,1.73,4
2026-04-29,30.988,41.592,38.8,27.5,44.708,653.0,1.497,4
2026-04-30,31.296,42.694,38.2,27.0,49.708,860.0,1.646,4
2026-05-01,31.776,43.276,39.4,24.7,52.917,863.0,1.45,4
2026-05-02,31.725,45.121,41.0,26.7,42.125,857.0,0.865,4
2026-05-03,33.284,44.427,40.5,28.4,53.333,853.0,2.589,4
2026-05-04,30.465,38.822,36.6,24.0,64.458,837.0,4.237,4
2026-05-05,23.53,31.014,30.0,22.7,54.792,780.0,2.742,4
2026-05-06,27.292,36.708,35.3,22.5,52.458,840.0,1.345,4
2026-05-07,26.806,39.149,36.7,22.5,50.667,821.0,1.898,4
2026-05-08,27.813,40.077,37.2,21.9,45.833,852.0,2.378,4
2026-05-09,28.031,40.44,37.5,24.3,42.292,849.0,1.741,4
2026-05-10,28.907,41.903,39.0,26.7,37.458,845.0,1.921,4
2026-05-11,29.779,42.469,38.9,27.0,40.125,837.0,2.12,4
2026-05-12,30.138,43.591,40.3,25.8,52.792,852.0,2.418,4
2026-05-13,30.029,43.368,40.1,24.5,53.292,847.0,1.763,4
2026-05-14,29.455,43.426,40.7,25.7,37.25,846.0,2.032,4
2026-05-15,29.459,44.009,41.3,28.4,25.625,847.0,2.148,4
2026-05-16,29.017,43.62,41.0,28.6,25.583,855.0,2.118,4
2026-05-17,29.732,43.77,41.0,29.1,25.958,864.0,3.076,4
2026-05-18,30.902,46.125,43.1,29.9,27.125,869.0,2.954,4
2026-05-19,29.086,46.004,43.1,31.4,19.75,887.0,2.873,4
2026-05-20,29.883,46.354,43.2,29.7,19.0,894.0,2.375,4
2026-05-21,30.07,46.31,43.1,29.9,22.958,885.0,2.909,4
2026-05-22,29.185,45.888,43.1,30.9,18.5,885.0,2.777,4
2026-05-23,29.385,44.959,42.0,30.6,21.917,856.0,2.926,4
2026-05-24,29.281,45.872,42.9,30.1,22.167,886.0,2.374,4
2026-05-25,31.29,46.258,42.8,33.1,24.583,876.0,2.526,4
2026-05-26,29.356,45.751,43.0,30.7,21.417,887.0,2.668,4
2026-05-27,29.211,45.903,42.8,30.2,18.0,887.0,1.629,4
2026-05-28,30.662,47.235,44.0,31.2,28.792,833.0,1.288,4
2026-05-29,29.547,38.992,36.2,26.5,54.917,842.0,2.548,4
2026-05-30,28.174,35.127,32.9,24.4,66.833,782.0,2.195,4
2026-05-31,27.652,35.44,30.9,23.5,76.5,836.0,1.175,4
2026-06-01,28.856,40.289,37.3,25.3,49.542,848.0,1.123,4
2026-06-02,28.941,39.981,38.0,25.5,47.875,821.0,1.281,4
2026-06-03,30.094,42.03,38.6,28.6,38.958,838.0,1.335,4
2026-06-04,30.492,44.523,41.0,30.2,36.958,832.0,1.254,4
2026-06-05,30.435,42.63,38.9,27.4,47.708,838.0,1.393,4
2026-06-06,29.541,41.778,38.8,29.1,41.917,771.0,1.246,4
2026-06-07,30.68,43.608,40.4,28.8,37.667,830.0,1.77,4
2026-06-08,30.499,45.735,42.4,30.7,31.0,830.0,1.608,4
2026-06-09,29.775,46.836,43.5,31.2,23.25,888.0,1.753,4
2026-06-10,32.131,46.676,43.0,32.6,28.917,856.0,2.273,4
2026-06-11,33.06,46.369,42.1,27.4,45.667,840.0,1.633,4
2026-06-12,29.005,35.932,32.3,25.5,78.417,745.0,2.574,4
2026-06-13,29.687,39.164,34.6,24.7,73.583,857.0,1.123,4
2026-06-14,30.293,40.391,38.2,25.4,59.625,824.0,1.193,4
2026-06-15,30.902,41.588,38.4,29.1,47.25,843.0,1.773,4
2026-06-16,31.449,44.579,41.0,28.9,42.708,817.0,1.95,4
2026-06-17,30.752,43.94,40.3,28.2,42.792,835.0,1.493,4
2026-06-18,31.31,44.617,41.0,29.1,40.333,823.0,2.335,4
2026-06-19,31.786,43.996,40.4,26.9,48.75,850.0,2.007,4
2026-06-20,31.502,42.919,39.8,30.7,41.833,816.0,2.277,4
2026-06-21,30.713,43.31,40.1,29.8,41.625,862.0,2.676,4
2026-06-22,31.136,43.405,40.0,28.8,47.458,853.0,2.493,4
2026-06-23,30.713,42.234,39.0,27.1,47.25,857.0,2.126,4
2026-06-24,30.759,41.881,38.4,30.1,46.083,855.0,1.658,4
2026-06-25,31.536,43.682,39.8,30.8,46.25,829.0,1.493,4
2026-06-26,32.251,44.792,40.9,30.5,45.542,809.0,1.473,4
2026-06-27,32.703,45.98,41.7,33.1,41.333,821.0,1.505,4
2026-06-28,32.352,44.554,40.4,33.5,42.875,778.0,1.687,4
2026-06-29,32.324,43.215,39.5,31.5,48.75,824.0,1.931,4
2026-06-30,32.623,44.938,40.9,32.8,44.708,816.0,1.85,4
2026-07-01,32.104,43.492,39.1,31.4,55.292,751.0,0.914,4
2026-07-02,29.442,36.221,31.8,26.5,82.875,541.0,2.142,4
2026-07-03,28.803,35.166,31.1,26.1,88.583,348.0,1.424,4
2026-07-04,30.985,39.879,34.9,26.9,77.417,724.0,1.682,4
2026-07-05,30.917,39.844,35.1,27.5,76.292,663.0,1.791,4
2026-07-06,30.856,39.163,33.5,26.8,78.833,625.0,2.088,4
2026-07-07,29.902,37.623,32.2,26.5,83.958,546.0,1.097,4
2026-07-08,29.653,35.541,31.9,26.7,84.167,638.0,1.862,4
2026-07-09,28.725,34.232,30.6,25.8,85.917,495.0,1.815,4
2026-07-10,30.497,38.318,34.2,26.8,83.167,447.0,1.049,4
2026-07-11,31.694,41.44,35.9,27.2,71.167,738.0,1.242,4
2026-07-12,31.502,40.847,35.7,27.1,70.5,875.0,1.799,4
2026-07-13,31.503,40.46,36.1,28.3,65.083,863.0,2.265,4
2026-07-14,31.229,39.956,36.1,28.1,64.167,866.0,2.324,4
2026-07-15,31.059,40.046,35.8,27.9,64.333,830.0,1.565,4
2026-07-16,31.476,41.13,36.5,28.4,62.375,816.0,1.655,4
2026-07-17,31.304,41.41,37.5,29.2,53.542,835.0,2.095,4
2026-07-18,28.194,34.964,32.7,29.3,65.042,216.0,1.448,4
2026-07-19,29.042,35.936,33.0,28.9,70.833,382.0,1.479,4
2026-07-20,28.551,35.66,32.6,26.9,74.25,426.0,1.537,4
2026-07-21,28.763,35.999,30.3,25.8,90.292,575.0,1.438,4
2026-07-22,28.144,34.465,29.8,25.4,90.875,443.0,1.529,4
2026-07-23,29.258,35.384,30.5,25.5,88.75,728.0,2.318,4
2026-07-24,29.214,35.456,31.4,25.4,86.167,680.0,2.612,4
2026-07-25,30.012,36.369,32.2,26.3,82.167,743.0,3.341,4
2026-07-26,29.551,36.503,32.1,26.4,81.583,665.0,2.284,4
2026-07-27,30.788,39.575,33.1,26.3,81.667,742.0,1.431,4
2026-07-28,29.847,37.725,32.0,25.7,86.125,603.0,1.075,4
2026-07-29,29.419,36.751,32.0,25.4,85.25,594.0,1.047,4
2026-07-30,29.882,37.069,31.7,26.6,88.25,720.0,2.057,4
2026-07-31,30.412,36.639,32.6,26.8,82.25,695.0,2.672,4
2026-08-01,30.502,38.055,32.4,26.5,84.292,804.0,2.512,4
2026-08-02,30.462,37.771,32.4,26.8,83.167,764.0,1.973,4
2026-08-03,29.31,35.756,30.9,26.0,87.708,582.0,1.71,4
2026-08-04,29.182,36.691,31.1,26.4,88.167,576.0,0.735,4
2026-08-05,28.743,35.582,30.0,25.7,90.083,532.0,0.88,4
2026-08-06,28.551,35.329,30.1,25.4,91.75,509.0,0.697,4
2026-08-07,27.848,33.234,29.1,25.7,90.25,470.0,1.716,4
2026-08-08,29.252,35.324,30.7,24.6,87.833,674.0,2.573,4
2026-08-09,29.957,37.083,32.4,26.1,83.958,773.0,2.199,4
2026-08-10,30.374,38.677,32.1,26.5,86.833,661.0,0.954,4
2026-08-11,28.397,34.23,30.4,25.5,90.0,364.0,1.239,4
2026-08-12,30.581,39.509,34.0,25.6,80.917,816.0,0.991,4
2026-08-13,31.032,39.938,33.0,27.5,81.875,857.0,1.365,4
2026-08-14,29.831,37.798,31.9,26.0,87.375,633.0,0.688,4
2026-08-15,29.657,37.373,32.0,25.8,88.417,612.0,0.808,4
2026-08-16,30.208,38.568,32.1,25.3,88.542,796.0,0.978,4
2026-08-17,29.455,37.25,32.2,25.2,88.833,651.0,1.131,4
2026-08-18,30.285,38.934,32.9,24.9,87.042,816.0,1.179,4
2026-08-19,29.876,38.081,31.9,25.3,85.708,794.0,0.975,4
2026-08-20,30.122,38.648,32.5,24.3,86.125,757.0,0.767,4
2026-08-21,30.313,39.121,32.5,26.3,87.333,835.0,0.835,4
2026-08-22,30.229,38.818,32.6,25.2,86.25,809.0,1.108,4
2026-08-23,29.506,37.383,32.1,25.4,84.25,627.0,0.848,4
2026-08-24,30.418,39.066,33.0,26.5,80.333,780.0,0.688,4
2026-08-25,30.608,39.265,32.9,27.0,85.417,723.0,0.666,4
2026-08-26,30.579,38.934,32.7,26.5,83.625,702.0,0.865,4
2026-08-27,30.834,39.722,33.4,27.7,80.542,778.0,0.895,4
2026-08-28,30.896,39.755,34.4,28.4,70.083,714.0,1.152,4
2026-08-29,30.311,39.451,35.7,27.0,64.333,825.0,1.672,4
2026-08-30,30.707,39.729,35.1,27.1,65.25,815.0,1.881,4
2026-08-31,30.712,40.343,36.2,27.6,59.75,845.0,1.743,4
2026-09-01,30.081,38.951,34.5,27.5,64.75,789.0,1.503,4
2026-09-02,29.39,36.68,31.7,26.3,83.792,645.0,1.353,4
2026-09-03,28.607,35.651,30.9,25.4,86.375,534.0,1.428,4
2026-09-04,28.214,33.991,30.3,26.4,88.708,515.0,1.104,4
2026-09-05,27.927,33.435,29.5,25.1,91.875,492.0,1.631,4
2026-09-06,27.613,33.483,29.2,25.4,87.25,546.0,1.28,4
2026-09-07,29.168,36.866,32.7,24.6,78.625,799.0,1.148,4
2026-09-08,30.025,36.97,33.3,26.4,75.333,779.0,1.811,4
2026-09-09,29.604,37.37,33.6,25.9,70.125,836.0,1.863,4
2026-09-10,29.468,37.724,33.5,25.9,70.042,825.0,1.622,4
2026-09-11,29.681,37.297,32.1,25.6,85.292,767.0,1.54,4
2026-09-12,29.252,36.68,32.1,25.7,84.5,608.0,1.715,4
2026-09-13,30.052,37.645,32.6,25.8,84.958,795.0,1.856,4
2026-09-14,28.756,34.082,30.6,25.1,87.542,698.0,2.516,4
2026-09-15,27.487,33.844,29.6,25.0,86.667,424.0,1.371,4
2026-09-16,29.423,37.209,32.9,25.2,79.625,751.0,1.05,4
2026-09-17,28.591,36.614,32.2,23.5,76.792,791.0,1.171,4
2026-09-18,27.936,35.455,33.0,25.7,70.75,676.0,1.005,4
2026-09-19,28.26,37.833,34.5,25.9,63.875,776.0,0.844,4
2026-09-20,28.779,38.06,34.5,26.4,63.958,744.0,0.742,4
2026-09-21,29.139,38.551,35.0,26.0,60.542,789.0,1.136,4
2026-09-22,29.025,39.203,35.9,25.0,58.583,801.0,1.319,4
2026-09-23,28.539,39.178,35.9,24.9,59.583,805.0,1.004,4
2026-09-24,28.786,38.274,35.1,25.7,62.708,732.0,1.776,4
2026-09-25,28.454,37.864,35.1,25.0,63.083,781.0,1.489,4
2026-09-26,27.947,37.306,34.3,25.1,63.417,704.0,1.293,4
2026-09-27,25.461,30.685,28.0,21.8,85.833,510.0,2.129,4
2026-09-28,27.353,36.475,33.3,23.1,72.958,755.0,0.971,4
2026-09-29,27.851,35.85,32.6,23.9,69.917,779.0,1.559,4
2026-09-30,28.201,35.363,34.0,24.0,62.792,741.0,2.119,4
2026-10-01,27.637,36.372,34.7,24.2,59.5,781.0,1.938,4
2026-10-02,27.393,36.914,35.4,23.6,57.708,784.0,1.945,4
2026-10-03,26.805,36.58,35.0,23.1,52.667,784.0,1.631,4
2026-10-04,27.407,37.588,35.3,23.9,49.125,780.0,1.475,4
2026-10-05,28.209,37.662,34.9,24.7,53.5,761.0,1.459,4
2026-10-06,28.082,37.477,34.6,23.4,66.25,750.0,1.575,4
2024-03-01,19.307,25.538,23.4,14.4,66.625,434.0,1.765,5
2024-03-02,21.045,26.484,25.0,15.0,75.292,612.0,2.007,5
2024-03-03,18.696,24.624,23.3,13.1,64.208,742.0,1.453,5
2024-03-04,18.375,25.311,23.4,10.3,56.75,854.0,1.679,5
2024-03-05,16.702,22.932,22.0,9.0,52.083,891.0,2.008,5
2024-03-06,15.512,20.823,20.4,11.3,57.292,583.0,1.42,5
2024-03-07,18.726,27.085,26.0,11.6,49.0,870.0,1.467,5
2024-03-08,18.433,25.028,24.6,12.9,50.25,890.0,1.698,5
2024-03-09,18.985,25.743,25.4,13.6,47.125,894.0,2.012,5
2024-03-10,18.365,24.464,24.4,13.9,51.042,634.0,1.356,5
2024-03-11,20.778,29.678,27.7,15.7,52.917,810.0,0.886,5
2024-03-12,21.552,29.133,28.0,15.1,52.208,883.0,1.496,5
2024-03-13,22.576,31.284,30.0,15.6,49.042,803.0,1.368,5
2024-03-14,21.528,28.896,27.6,15.9,51.375,898.0,1.827,5
2024-03-15,21.011,29.199,28.0,14.5,48.5,915.0,1.758,5
2024-03-16,20.191,28.348,27.7,14.2,39.417,756.0,1.209,5
2024-03-17,20.639,30.715,29.5,13.9,40.125,931.0,1.489,5
2024-03-18,21.667,32.331,30.5,13.3,38.917,932.0,1.353,5
2024-03-19,21.54,33.366,31.3,16.3,29.792,929.0,1.202,5
2024-03-20,24.074,35.234,33.1,17.1,33.542,915.0,1.131,5
2024-03-21,23.732,34.047,32.7,18.9,39.25,800.0,1.161,5
2024-03-22,24.621,37.292,35.5,18.8,37.792,869.0,1.253,5
2024-03-23,25.533,37.822,35.6,19.9,38.917,911.0,1.277,5
2024-03-24,24.546,37.288,35.2,19.5,37.5,882.0,1.423,5
2024-03-25,25.18,37.303,35.8,18.3,41.625,937.0,1.839,5
2024-03-26,24.313,36.085,34.5,16.3,41.792,910.0,1.548,5
2024-03-27,25.972,38.396,36.3,19.5,42.25,911.0,1.542,5
2024-03-28,26.779,38.911,36.7,21.9,44.292,723.0,1.266,5
2024-03-29,27.331,38.619,36.7,24.0,45.417,764.0,1.418,5
2024-03-30,25.261,33.561,32.4,21.2,54.667,900.0,2.399,5
2024-03-31,25.839,35.368,33.1,21.4,49.875,942.0,1.851,5
2024-04-01,24.221,33.145,32.4,19.7,45.25,879.0,2.36,5
2024-04-02,23.515,34.114,33.3,16.6,38.833,960.0,2.129,5
2024-04-03,24.441,38.222,36.2,20.0,30.625,931.0,1.088,5
2024-04-04,24.721,37.724,35.6,21.3,31.167,930.0,1.472,5
2024-04-05,24.277,38.578,36.6,21.6,25.375,863.0,1.481,5
2024-04-06,24.036,35.941,34.8,20.4,29.667,968.0,1.494,5
2024-04-07,23.42,37.075,35.1,18.7,25.0,986.0,1.451,5
2024-04-08,24.107,38.605,37.0,19.5,24.708,984.0,1.786,5
2024-04-09,25.246,40.584,38.0,20.4,22.583,970.0,1.136,5
2024-04-10,25.852,41.17,38.9,22.5,23.875,977.0,1.461,5
2024-04-11,25.057,38.837,37.2,21.8,24.375,878.0,1.582,5
2024-04-12,26.272,41.991,39.7,23.4,25.125,926.0,1.161,5
2024-04-13,26.503,41.392,38.9,23.0,27.833,910.0,1.536,5
2024-04-14,24.185,29.942,28.3,21.8,60.083,526.0,1.636,5
2024-04-15,27.717,38.539,35.4,20.3,62.917,909.0,1.334,5
2024-04-16,26.289,33.626,32.4,20.8,63.583,826.0,2.281,5
2024-04-17,24.976,35.622,34.4,20.0,44.667,989.0,2.795,5
2024-04-18,24.228,33.606,33.6,22.1,38.833,531.0,2.057,5
2024-04-19,27.023,39.326,37.0,22.5,43.667,695.0,0.985,5
2024-04-20,25.955,39.554,37.0,24.3,37.375,980.0,1.904,5
2024-04-21,26.172,38.639,36.6,22.2,35.917,977.0,2.244,5
2024-04-22,26.16,38.94,36.8,23.2,28.833,966.0,1.879,5
2024-04-23,26.369,40.147,37.5,22.4,28.792,974.0,1.834,5
2024-04-24,26.11,41.481,38.7,22.8,25.75,990.0,1.297,5
2024-04-25,26.597,42.296,39.5,24.5,22.333,994.0,1.395,5
2024-04-26,27.253,43.467,40.8,25.2,21.833,944.0,1.421,5
2024-04-27,27.404,43.865,41.0,25.1,22.167,949.0,1.161,5
2024-04-28,26.965,41.369,38.6,24.1,22.583,944.0,1.58,5
2024-04-29,27.476,42.831,39.8,24.8,22.917,987.0,1.814,5
2024-04-30,24.814,39.05,37.0,21.0,20.292,1020.0,1.892,5
2024-05-01,23.71,38.071,36.2,19.9,20.417,1021.0,2.145,5
2024-05-02,24.693,37.889,36.2,19.0,28.167,1008.0,2.112,5
2024-05-03,24.984,40.335,38.6,19.7,22.708,981.0,1.921,5
2024-05-04,26.783,43.479,40.6,24.2,19.75,998.0,1.827,5
2024-05-05,27.808,44.07,41.3,25.1,23.667,859.0,1.226,5
2024-05-06,28.333,44.555,41.5,25.9,24.708,952.0,1.643,5
2024-05-07,28.864,46.831,43.7,29.1,20.917,955.0,1.163,5
2024-05-08,30.729,44.797,41.5,26.0,38.0,976.0,1.688,5
2024-05-09,31.753,44.841,41.4,26.7,49.667,952.0,2.511,5
2024-05-10,31.68,45.189,41.9,26.8,49.542,951.0,1.984,5
2024-05-11,31.83,42.872,38.5,25.1,64.667,952.0,2.447,5
2024-05-12,29.113,35.335,32.0,23.9,82.167,882.0,2.146,5
2024-05-13,30.287,41.155,38.8,23.5,55.75,932.0,1.785,5
2024-05-14,28.517,41.585,38.4,24.9,34.833,988.0,1.583,5
2024-05-15,28.496,45.961,42.6,25.7,23.417,1003.0,1.11,5
2024-05-16,29.064,47.656,44.7,27.4,19.917,950.0,1.178,5
2024-05-17,28.996,49.597,46.3,29.9,14.167,1008.0,1.716,5
2024-05-18,29.559,49.108,46.1,30.1,13.667,976.0,2.35,5
2024-05-19,30.673,49.171,45.8,30.1,16.958,917.0,2.478,5
2024-05-20,30.477,49.355,45.7,28.5,19.75,986.0,2.305,5
2024-05-21,30.285,50.236,46.9,27.7,18.458,1002.0,1.546,5
2024-05-22,33.04,49.996,46.4,28.9,27.875,978.0,1.574,5
2024-05-23,33.658,49.243,45.1,29.5,38.875,971.0,2.11,5
2024-05-24,33.477,48.726,44.7,30.7,37.25,960.0,1.952,5
2024-05-25,33.323,51.127,47.4,32.2,27.667,971.0,1.962,5
2024-05-26,33.087,51.309,48.1,30.3,25.833,975.0,1.602,5
2024-05-27,33.745,50.711,47.1,29.8,25.5,976.0,1.844,5
2024-05-28,31.808,51.596,48.2,30.8,17.625,1001.0,1.338,5
2024-05-29,29.24,50.874,47.2,29.9,14.958,1020.0,1.757,5
2024-05-30,31.089,49.583,46.8,31.3,23.458,1005.0,1.46,5
2024-05-31,30.713,49.558,46.4,32.2,20.542,999.0,1.387,5
2024-06-01,30.006,48.013,45.3,30.9,21.417,868.0,1.99,5
2024-06-02,29.618,44.714,41.5,29.2,32.458,783.0,1.566,5
2024-06-03,30.681,45.797,43.6,28.2,29.917,849.0,2.023,5
2024-06-04,31.351,48.58,44.8,30.4,24.375,924.0,2.512,5
2024-06-05,31.801,48.864,44.9,32.8,23.667,965.0,2.425,5
2024-06-06,33.06,49.109,44.8,32.8,27.333,956.0,2.461,5
2024-06-07,32.664,49.322,45.1,30.7,32.875,965.0,3.317,5
2024-06-08,30.354,47.987,44.2,29.5,29.958,983.0,3.335,5
2024-06-09,31.031,48.068,44.3,29.7,23.125,937.0,2.389,5
2024-06-10,29.419,43.659,42.6,33.1,29.208,342.0,2.305,5
2024-06-11,30.106,47.582,44.8,32.6,22.375,740.0,2.293,5
2024-06-12,30.523,50.054,46.6,31.0,19.792,973.0,2.156,5
2024-06-13,32.095,48.537,44.8,33.1,24.083,897.0,2.746,5
2024-06-14,32.514,49.597,45.5,33.9,25.375,941.0,2.912,5
2024-06-15,32.457,48.585,44.9,34.2,25.833,876.0,2.982,5
2024-06-16,33.675,51.04,47.0,33.9,25.958,923.0,2.809,5
2024-06-17,32.534,49.581,45.6,34.6,26.125,903.0,2.735,5
2024-06-18,33.349,48.618,44.4,35.1,28.583,862.0,3.031,5
2024-06-19,33.432,49.186,44.8,34.5,28.875,932.0,2.922,5
2024-06-20,33.099,47.111,43.0,34.1,32.833,880.0,2.234,5
2024-06-21,32.789,48.912,44.9,33.0,30.667,920.0,2.29,5
2024-06-22,32.64,49.036,45.1,34.2,27.708,913.0,2.489,5
2024-06-23,33.17,49.115,44.8,32.4,31.708,938.0,2.335,5
2024-06-24,32.531,43.149,38.8,29.2,57.708,844.0,2.537,5
2024-06-25,32.13,43.199,38.8,29.1,63.625,780.0,2.204,5
2024-06-26,29.428,36.295,31.6,26.5,82.333,532.0,1.499,5
2024-06-27,31.835,40.274,35.7,27.5,80.458,707.0,2.1,5
2024-06-28,30.013,36.922,33.5,26.7,79.708,620.0,2.04,5
2024-06-29,29.257,35.278,31.5,26.8,83.5,537.0,1.893,5
2024-06-30,30.152,38.343,33.4,26.7,79.5,671.0,1.032,5
2024-07-01,30.398,39.054,34.1,27.0,76.708,704.0,1.115,5
2024-07-02,29.734,37.683,33.0,26.8,80.75,524.0,1.026,5
2024-07-03,28.91,34.256,32.7,27.3,79.458,485.0,2.359,5
2024-07-04,27.378,30.783,29.4,26.7,85.75,331.0,2.608,5
2024-07-05,28.128,33.179,29.8,26.4,86.417,393.0,2.236,5
2024-07-06,27.845,32.806,29.5,25.9,90.958,172.0,2.152,5
2024-07-07,29.888,37.254,34.0,26.4,81.25,565.0,2.135,5
2024-07-08,30.387,37.885,34.0,26.8,82.958,611.0,2.104,5
2024-07-09,29.16,35.897,31.7,26.2,87.208,266.0,1.037,5
2024-07-10,29.719,37.635,33.3,26.9,77.083,602.0,0.926,5
2024-07-11,31.675,40.235,35.9,27.1,74.75,749.0,1.64,5
2024-07-12,30.399,38.898,34.0,26.5,76.625,647.0,1.128,5
2024-07-13,29.013,36.397,32.0,25.9,79.708,492.0,0.88,5
2024-07-14,30.307,39.051,33.5,26.6,79.708,753.0,0.924,5
2024-07-15,30.215,36.618,32.6,27.8,79.333,701.0,1.921,5
2024-07-16,31.239,39.366,35.3,27.6,73.042,754.0,2.106,5
2024-07-17,31.194,39.357,35.4,28.3,72.125,771.0,2.328,5
2024-07-18,30.674,39.063,35.0,28.5,71.042,734.0,1.728,5
2024-07-19,31.173,39.671,35.2,28.5,75.958,742.0,1.167,5
2024-07-20,29.979,37.658,32.8,27.4,82.417,600.0,1.155,5
2024-07-21,29.338,36.402,31.2,27.4,84.042,421.0,0.89,5
2024-07-22,29.528,36.07,31.6,27.2,84.542,309.0,1.696,5
2024-07-23,30.852,39.331,34.6,27.8,76.167,686.0,1.27,5
2024-07-24,30.173,37.668,33.3,27.9,81.083,523.0,1.291,5
2024-07-25,29.994,37.224,33.0,27.1,80.542,546.0,1.321,5
2024-07-26,30.903,38.854,34.6,27.3,74.958,657.0,1.56,5
2024-07-27,30.193,37.293,32.9,27.7,79.5,523.0,1.488,5
2024-07-28,29.492,36.417,31.7,28.1,82.208,427.0,1.138,5
2024-07-29,30.982,39.725,36.2,27.5,73.583,633.0,1.285,5
2024-07-30,31.245,40.394,36.1,29.4,70.833,638.0,1.63,5
2024-07-31,29.784,37.581,32.9,27.3,81.75,461.0,0.952,5
2024-08-01,28.976,35.571,31.2,27.3,84.917,388.0,0.928,5
2024-08-02,28.245,34.567,30.8,26.8,85.167,285.0,0.818,5
2024-08-03,29.518,35.56,33.7,26.6,77.583,541.0,2.309,5
2024-08-04,29.442,36.19,34.0,27.4,67.833,729.0,2.716,5
2024-08-05,28.695,34.009,32.7,27.3,68.375,506.0,3.771,5
2024-08-06,28.632,35.854,32.6,26.3,74.792,483.0,1.865,5
2024-08-07,29.471,36.273,33.5,27.0,73.958,564.0,1.517,5
2024-08-08,28.146,34.699,31.5,27.2,75.917,347.0,1.377,5
2024-08-09,28.79,35.825,33.3,26.0,76.375,520.0,1.727,5
2024-08-10,29.398,36.471,32.2,26.6,79.208,635.0,1.301,5
2024-08-11,26.778,32.276,28.3,25.9,87.792,228.0,0.631,5
2024-08-12,27.242,32.346,28.9,25.4,89.625,164.0,1.009,5
2024-08-13,29.039,36.565,31.7,25.9,85.292,533.0,0.743,5
2024-08-14,29.625,37.429,32.4,26.4,84.083,558.0,0.8,5
2024-08-15,28.972,36.068,31.3,26.2,84.292,508.0,0.973,5
2024-08-16,28.683,35.238,30.8,26.4,85.792,494.0,1.248,5
2024-08-17,28.899,35.194,31.2,26.0,85.792,538.0,1.632,5
2024-08-18,29.22,36.964,31.9,25.8,84.208,617.0,0.925,5
2024-08-19,28.684,35.54,30.9,26.1,83.833,462.0,0.598,5
2024-08-20,26.934,32.396,28.5,26.3,87.667,161.0,0.871,5
2024-08-21,27.21,33.008,29.0,25.7,88.458,203.0,1.232,5
2024-08-22,28.134,34.587,30.1,25.5,87.792,386.0,1.116,5
2024-08-23,26.873,31.475,28.6,25.3,88.875,211.0,1.748,5
2024-08-24,28.336,33.954,30.9,25.5,84.25,449.0,2.194,5
2024-08-25,27.52,32.112,30.0,25.9,82.75,402.0,3.08,5
2024-08-26,27.746,31.299,30.8,25.3,80.167,508.0,3.677,5
2024-08-27,27.137,31.787,29.1,25.5,84.458,305.0,2.916,5
2024-08-28,27.615,34.562,30.7,25.1,82.792,486.0,0.965,5
2024-08-29,29.548,37.575,32.7,26.2,79.542,703.0,0.733,5
2024-08-30,28.181,34.005,30.3,25.9,83.833,424.0,1.296,5
2024-08-31,29.519,38.187,34.0,26.1,74.958,712.0,1.202,5
2024-09-01,29.972,38.163,33.3,27.4,77.333,716.0,0.928,5
2024-09-02,30.337,39.004,33.7,27.0,79.292,708.0,1.009,5
2024-09-03,29.165,36.284,31.6,26.0,85.875,512.0,1.25,5
2024-09-04,28.338,35.231,30.7,25.6,85.542,533.0,1.023,5
2024-09-05,28.062,34.251,30.6,25.7,85.792,482.0,1.174,5
2024-09-06,26.765,31.833,28.2,25.6,87.292,353.0,1.401,5
2024-09-07,27.299,32.926,29.3,25.6,87.458,253.0,1.682,5
2024-09-08,28.656,35.844,31.2,26.0,83.0,557.0,0.776,5
2024-09-09,29.136,36.293,31.9,26.2,81.292,609.0,0.84,5
2024-09-10,30.103,38.708,33.2,26.9,81.542,697.0,0.523,5
2024-09-11,29.741,37.897,33.0,26.1,82.042,683.0,0.652,5
2024-09-12,29.696,37.96,32.6,26.0,83.125,692.0,0.861,5
2024-09-13,28.526,35.558,31.6,25.4,82.042,593.0,1.322,5
2024-09-14,27.927,35.154,31.4,23.3,77.083,671.0,1.087,5
2024-09-15,29.153,36.704,34.3,23.6,68.417,878.0,2.182,5
2024-09-16,29.814,38.155,35.0,25.9,64.708,851.0,1.809,5
2024-09-17,29.397,38.78,35.4,25.3,61.583,865.0,1.377,5
2024-09-18,28.083,33.09,30.7,25.8,83.333,435.0,1.491,5
2024-09-19,29.677,36.398,32.9,25.0,79.833,753.0,2.055,5
2024-09-20,28.94,36.446,33.0,24.3,76.167,695.0,1.392,5
2024-09-21,29.604,38.02,33.9,25.2,73.167,682.0,0.624,5
2024-09-22,29.986,38.93,34.5,26.6,72.125,715.0,0.827,5
2024-09-23,30.417,39.585,35.3,26.5,69.375,805.0,1.135,5
2024-09-24,29.847,39.486,35.6,27.5,66.625,708.0,0.616,5
2024-09-25,29.021,35.655,31.6,26.4,82.417,572.0,1.821,5
2024-09-26,28.049,33.743,30.0,25.3,84.042,601.0,1.923,5
2024-09-27,28.027,33.492,31.5,25.2,79.292,620.0,2.38,5
2024-09-28,27.749,33.989,31.7,24.3,79.542,619.0,2.11,5
2024-09-29,26.515,30.183,28.9,22.1,83.958,432.0,2.323,5
2024-09-30,29.699,37.732,34.6,21.2,70.375,804.0,1.433,5
2024-10-01,29.204,38.299,34.5,25.2,63.5,832.0,0.982,5
2024-10-02,30.081,41.025,37.3,25.7,56.708,826.0,0.99,5
2024-10-03,28.377,39.723,37.0,25.5,51.583,841.0,1.028,5
2024-10-04,29.749,39.828,35.8,24.9,63.042,823.0,1.038,5
2024-10-05,29.372,38.577,34.9,25.3,62.958,702.0,0.785,5
2024-10-06,29.141,39.12,35.3,24.4,61.5,796.0,0.959,5
2024-10-07,29.336,38.789,34.9,25.2,66.875,778.0,1.204,5
2024-10-08,28.2,36.497,32.3,24.6,72.75,688.0,1.314,5
2024-10-09,28.084,36.177,32.1,24.2,72.458,713.0,0.977,5
2024-10-10,27.795,36.732,33.1,24.1,65.042,740.0,0.8,5
2024-10-11,26.941,36.174,33.9,22.1,53.167,808.0,1.226,5
2024-10-12,23.958,31.349,29.8,20.7,55.5,456.0,0.816,5
2024-10-13,24.801,35.676,33.6,20.5,51.292,818.0,1.018,5
2024-10-14,25.382,33.222,29.9,20.1,73.208,694.0,0.758,5
2024-10-15,25.115,34.495,33.0,19.6,55.125,799.0,1.527,5
2024-10-16,25.941,35.579,33.9,19.7,46.25,794.0,1.242,5
2024-10-17,25.604,37.002,34.9,21.1,44.083,793.0,0.838,5
2024-10-18,26.24,36.598,34.2,18.8,52.667,782.0,0.867,5
2024-10-19,27.218,37.167,34.4,20.0,60.0,772.0,1.214,5
2024-10-20,26.896,36.152,33.6,20.4,61.625,764.0,1.187,5
2024-10-21,26.782,36.701,33.9,19.8,57.125,772.0,1.112,5
2024-10-22,26.943,36.398,33.9,20.0,56.75,758.0,1.121,5
2024-10-23,25.609,35.689,33.6,20.6,54.25,765.0,0.99,5
2024-10-24,26.127,35.795,33.4,18.5,53.917,764.0,0.951,5
2024-10-25,25.732,36.457,34.0,19.2,51.667,760.0,0.808,5
2024-10-26,25.538,34.928,33.5,18.8,50.875,760.0,1.225,5
2024-10-27,26.245,35.862,33.0,18.3,59.417,751.0,0.843,5
2024-10-28,25.811,35.119,32.4,19.9,61.792,747.0,1.048,5
2024-10-29,26.511,36.399,33.8,20.4,57.708,743.0,0.899,5
2024-10-30,26.924,37.197,34.5,21.0,53.625,735.0,0.879,5
2024-10-31,24.126,34.837,33.9,18.2,48.75,748.0,1.507,5
2024-11-01,23.891,33.467,32.6,17.2,42.833,744.0,1.411,5
2024-11-02,22.875,33.373,31.8,17.1,40.458,747.0,1.059,5
2024-11-03,23.639,34.122,32.3,17.3,42.0,736.0,0.565,5
2024-11-04,22.239,32.468,30.6,16.0,44.125,741.0,0.816,5
2024-11-05,23.418,32.9,30.9,17.0,52.125,726.0,0.899,5
2024-11-06,24.016,33.113,30.6,17.7,57.458,714.0,0.447,5
2024-11-07,24.993,33.562,30.6,17.3,65.792,702.0,0.557,5
2024-11-08,25.031,33.711,30.8,18.4,67.042,702.0,0.587,5
2024-11-09,24.837,33.219,30.3,18.4,68.583,691.0,0.518,5
2024-11-10,24.797,32.843,30.0,18.8,66.667,676.0,0.74,5
2024-11-11,24.712,33.005,30.3,18.3,66.0,691.0,0.776,5
2024-11-12,24.445,32.234,30.1,17.9,66.875,693.0,0.955,5
2024-11-13,23.163,31.544,29.5,18.7,61.167,602.0,0.849,5
2024-11-14,22.111,30.694,28.9,16.2,58.0,695.0,1.006,5
2024-11-15,23.039,29.822,29.1,15.7,62.458,684.0,1.413,5
2024-11-16,22.699,29.93,29.1,16.3,63.208,681.0,1.492,5
2024-11-17,22.121,27.517,26.9,16.6,67.5,675.0,1.675,5
2024-11-18,19.737,25.917,25.2,14.7,64.458,692.0,1.483,5
2024-11-19,19.489,25.172,24.2,13.6,67.5,681.0,1.322,5
2024-11-20,19.587,25.593,24.3,12.9,64.833,684.0,1.244,5
2024-11-21,19.209,26.527,24.7,12.9,62.458,682.0,0.856,5
2024-11-22,19.968,27.691,25.6,14.1,60.958,670.0,0.607,5
2024-11-23,21.129,28.994,26.6,14.0,68.375,660.0,0.508,5
2024-11-24,21.267,28.735,26.4,13.8,69.625,655.0,0.722,5
2024-11-25,20.668,26.19,25.3,14.6,63.0,664.0,1.48,5
2024-11-26,19.871,25.728,25.4,12.3,64.625,661.0,1.416,5
2024-11-27,19.163,26.671,25.2,11.1,60.708,662.0,0.973,5
2024-11-28,18.54,26.031,24.5,10.6,57.5,669.0,0.913,5
2024-11-29,18.857,26.445,24.6,10.6,60.083,660.0,0.774,5
2024-11-30,18.265,26.044,24.6,11.3,56.292,658.0,0.803,5
2024-12-01,18.11,25.772,24.3,11.9,53.333,660.0,1.013,5
2024-12-02,19.407,26.508,25.4,12.3,55.917,649.0,1.054,5
2024-12-03,20.288,26.55,25.3,12.1,65.292,641.0,1.441,5
2024-12-04,19.658,24.1,24.9,11.9,61.25,643.0,1.963,5
2024-12-05,16.664,21.871,23.0,9.3,50.708,665.0,1.762,5
2024-12-06,16.489,22.443,22.5,8.4,51.667,658.0,1.349,5
2024-12-07,15.835,23.418,22.1,8.5,50.75,660.0,0.942,5
2024-12-08,16.232,23.993,22.2,8.9,50.875,647.0,1.032,5
2024-12-09,15.32,21.158,19.9,10.9,60.5,639.0,1.084,5
2024-12-10,15.179,19.442,19.0,8.0,67.375,640.0,1.338,5
2024-12-11,15.162,19.983,19.6,7.3,59.5,645.0,1.49,5
2024-12-12,16.131,21.141,21.4,7.0,56.917,639.0,1.691,5
2024-12-13,14.703,19.103,20.9,7.0,55.875,664.0,2.025,5
2024-12-14,15.189,20.719,20.4,6.9,60.125,646.0,1.72,5
2024-12-15,15.56,22.403,20.7,7.2,60.333,652.0,0.997,5
2024-12-16,16.044,23.295,20.9,7.8,60.667,647.0,0.707,5
2024-12-17,16.387,22.847,20.6,5.7,67.458,622.0,0.724,5
2024-12-18,17.105,23.198,21.3,8.9,65.917,638.0,1.126,5
2024-12-19,16.991,23.153,21.4,8.8,61.0,638.0,0.902,5
2024-12-20,17.747,22.908,21.3,10.1,72.167,430.0,1.13,5
2024-12-21,14.898,20.097,20.0,7.1,66.542,641.0,1.538,5
2024-12-22,15.618,21.859,20.5,7.9,64.875,623.0,1.057,5
2024-12-23,13.346,13.961,16.1,9.7,76.667,178.0,1.479,5
2024-12-24,15.915,22.24,20.0,9.1,75.25,505.0,0.764,5
2024-12-25,17.392,22.684,20.7,9.4,79.667,595.0,0.985,5
2024-12-26,17.167,24.216,21.5,8.3,73.0,625.0,0.749,5
2024-12-27,17.423,22.647,21.1,10.7,72.75,482.0,1.005,5
2024-12-28,16.668,21.339,21.5,10.8,69.792,630.0,1.492,5
2024-12-29,16.434,20.3,19.5,8.9,78.583,630.0,1.4,5
2024-12-30,15.508,20.447,19.7,9.0,72.375,611.0,1.395,5
2024-12-31,15.718,21.266,19.9,7.8,72.25,639.0,1.21,5
2025-01-01,15.706,19.189,19.8,6.9,74.042,645.0,1.931,5
2025-01-02,17.224,20.573,21.9,9.5,68.542,636.0,2.548,5
2025-01-03,18.439,22.969,22.2,11.3,74.417,589.0,1.948,5
2025-01-04,19.402,24.982,22.9,11.2,77.875,647.0,1.3,5
2025-01-05,19.307,24.148,21.5,12.0,87.5,619.0,1.35,5
2025-01-06,17.267,22.411,20.1,13.1,84.083,415.0,1.072,5
2025-01-07,14.755,16.754,17.6,11.8,76.083,589.0,2.43,5
2025-01-08,14.06,18.308,17.7,8.2,72.125,663.0,1.805,5
2025-01-09,14.574,21.249,18.4,7.6,74.75,657.0,0.829,5
2025-01-10,15.143,21.815,18.4,7.3,77.333,657.0,0.712,5
2025-01-11,16.108,20.396,19.2,8.8,77.542,659.0,1.357,5
2025-01-12,16.575,21.653,18.9,10.6,81.333,609.0,1.099,5
2025-01-13,16.335,20.814,18.9,9.9,82.125,616.0,1.263,5
2025-01-14,16.012,21.895,19.2,8.8,81.333,636.0,1.0,5
2025-01-15,16.566,22.879,19.4,7.1,85.333,591.0,0.701,5
2025-01-16,15.553,19.301,17.6,12.1,85.083,397.0,1.064,5
2025-01-17,16.773,20.07,19.4,9.9,84.083,664.0,1.75,5
2025-01-18,15.874,20.471,18.9,8.9,81.25,644.0,1.332,5
2025-01-19,17.317,22.381,20.9,8.8,78.917,661.0,1.235,5
2025-01-20,18.042,22.218,21.4,11.9,76.5,639.0,1.64,5
2025-01-21,16.642,21.32,20.9,10.1,72.625,679.0,1.706,5
2025-01-22,18.285,22.416,21.0,12.5,80.208,440.0,1.05,5
2025-01-23,16.943,19.974,19.0,13.0,88.375,390.0,1.404,5
2025-01-24,17.087,20.724,20.8,11.4,74.042,706.0,1.88,5
2025-01-25,15.351,19.359,20.4,9.3,59.458,734.0,2.199,5
2025-01-26,14.963,20.067,19.8,7.2,55.917,734.0,1.778,5
2025-01-27,15.492,21.667,20.2,8.0,61.458,730.0,1.242,5
2025-01-28,15.346,21.542,19.7,7.8,67.583,539.0,0.714,5
2025-01-29,18.005,22.547,21.7,9.7,69.5,716.0,1.683,5
2025-01-30,19.783,25.44,22.9,11.9,68.25,708.0,1.382,5
2025-01-31,20.805,26.175,23.9,11.8,70.708,701.0,1.276,5
2025-02-01,19.583,25.414,22.3,14.1,79.625,547.0,1.641,5
2025-02-02,19.877,25.359,23.0,12.7,73.708,689.0,1.381,5
2025-02-03,17.105,24.027,21.2,8.3,66.125,751.0,1.028,5
2025-02-04,20.044,26.42,24.1,14.1,69.833,710.0,0.841,5
2025-02-05,18.675,22.797,22.8,13.0,74.167,728.0,1.549,5
2025-02-06,16.962,21.274,21.8,10.1,66.458,761.0,1.955,5
2025-02-07,16.227,19.994,21.5,9.4,62.625,772.0,2.352,5
2025-02-08,17.314,22.17,21.6,9.6,65.75,633.0,1.65,5
2025-02-09,18.796,26.054,24.3,11.5,62.667,733.0,1.091,5
2025-02-10,19.918,27.157,25.6,10.1,60.917,743.0,0.926,5
2025-02-11,19.605,26.132,24.8,13.0,61.417,744.0,1.22,5
2025-02-12,20.042,28.158,25.9,14.6,54.917,727.0,0.867,5
2025-02-13,18.013,23.39,23.6,12.3,49.625,788.0,2.03,5
2025-02-14,17.768,23.518,23.6,9.9,47.292,785.0,2.02,5
2025-02-15,19.845,27.089,25.8,11.4,51.542,765.0,1.49,5
2025-02-16,19.902,27.876,25.8,12.9,53.875,743.0,0.82,5
2025-02-17,20.545,29.051,27.1,13.5,53.833,779.0,0.814,5
2025-02-18,19.629,26.212,25.0,14.0,52.167,611.0,1.154,5
2025-02-19,19.644,26.596,24.9,14.2,56.333,677.0,0.932,5
2025-02-20,19.506,22.353,22.1,15.2,72.917,572.0,2.053,5
2025-02-21,20.217,26.806,24.4,13.3,69.208,691.0,1.28,5
2025-02-22,19.183,24.951,23.8,12.7,63.0,809.0,1.679,5
2025-02-23,19.468,25.629,24.4,11.4,64.125,819.0,1.451,5
2025-02-24,19.719,27.7,25.0,12.3,61.5,810.0,0.815,5
2025-02-25,20.285,28.444,26.4,12.9,56.5,791.0,0.832,5
2025-02-26,22.333,31.905,29.8,15.5,51.708,794.0,0.752,5
2025-02-27,22.353,26.771,26.4,17.8,65.333,546.0,2.09,5
2025-02-28,19.434,22.389,22.0,16.6,78.625,362.0,1.945,5
2025-03-01,21.977,28.023,26.5,16.4,75.292,690.0,1.138,5
2025-03-02,22.394,29.92,28.0,16.7,63.917,741.0,1.252,5
2025-03-03,20.875,28.886,27.2,12.3,53.792,854.0,1.445,5
2025-03-04,20.502,25.958,25.5,13.6,51.417,852.0,2.245,5
2025-03-05,16.3,20.196,22.7,11.1,51.5,883.0,3.061,5
2025-03-06,16.767,23.361,24.5,10.3,39.75,870.0,2.584,5
2025-03-07,20.557,28.654,27.8,13.3,46.75,877.0,1.299,5
2025-03-08,21.157,29.422,27.3,13.4,52.625,876.0,1.089,5
2025-03-09,22.227,32.312,30.0,13.5,45.917,871.0,0.675,5
2025-03-10,24.168,33.182,30.7,17.1,51.667,858.0,1.355,5
2025-03-11,23.758,32.156,30.5,18.9,52.083,655.0,0.996,5
2025-03-12,24.375,31.952,29.9,16.7,58.708,845.0,1.391,5
2025-03-13,25.014,34.162,30.9,19.3,59.125,859.0,0.818,5
2025-03-14,23.812,31.432,29.2,17.2,60.667,624.0,1.163,5
2025-03-15,24.479,33.136,30.9,18.1,56.25,798.0,1.252,5
2025-03-16,23.469,30.531,28.0,18.8,66.25,685.0,1.439,5
2025-03-17,23.048,30.099,28.7,16.3,62.833,892.0,1.759,5
2025-03-18,22.143,29.718,28.9,15.6,51.208,901.0,1.584,5
2025-03-19,23.125,32.924,31.1,17.9,46.208,841.0,1.161,5
2025-03-20,22.769,33.758,31.9,16.9,47.375,885.0,0.866,5
2025-03-21,23.334,32.899,31.5,17.4,46.25,905.0,1.556,5
2025-03-22,23.716,33.136,31.5,17.2,52.75,912.0,1.393,5
2025-03-23,23.638,32.582,30.6,17.8,49.25,925.0,1.27,5
2025-03-24,24.413,34.481,31.8,18.7,45.333,908.0,1.022,5
2025-03-25,26.336,36.448,33.5,21.3,44.167,912.0,1.094,5
2025-03-26,26.28,38.394,35.5,20.3,40.25,925.0,0.956,5
2025-03-27,26.719,37.284,34.5,21.4,40.708,896.0,1.277,5
2025-03-28,20.923,30.637,30.3,16.3,37.458,968.0,2.684,5
2025-03-29,20.241,30.387,30.0,13.2,31.583,982.0,2.615,5
2025-03-30,22.263,32.752,31.4,14.1,35.208,956.0,1.808,5
2025-03-31,23.202,34.544,32.8,14.4,36.375,961.0,1.599,5
2025-04-01,23.876,34.927,33.7,16.3,36.625,964.0,1.774,5
2025-04-02,24.043,36.031,34.0,18.5,34.167,958.0,1.15,5
2025-04-03,24.48,36.39,34.5,20.1,29.833,940.0,0.856,5
2025-04-04,24.892,37.53,35.6,20.9,32.708,942.0,1.627,5
2025-04-05,26.478,38.044,35.8,20.5,36.667,946.0,1.653,5
2025-04-06,26.292,38.306,35.7,20.1,37.792,955.0,1.137,5
2025-04-07,28.041,40.122,36.6,24.3,35.333,933.0,1.045,5
2025-04-08,27.697,39.692,36.5,22.4,41.125,939.0,1.322,5
2025-04-09,29.096,40.914,37.4,23.7,49.042,935.0,1.409,5
2025-04-10,28.909,41.202,37.9,23.8,49.125,906.0,1.128,5
2025-04-11,28.165,37.543,33.6,23.4,65.792,901.0,1.481,5
2025-04-12,27.613,37.969,34.2,20.9,60.25,934.0,0.992,5
2025-04-13,27.151,37.751,35.1,20.8,50.375,871.0,0.98,5
2025-04-14,28.899,40.928,37.3,23.1,43.042,941.0,1.058,5
2025-04-15,28.49,40.567,37.4,25.6,43.875,917.0,1.752,5
2025-04-16,28.845,40.286,38.6,26.5,43.625,830.0,2.2,5
2025-04-17,30.428,45.071,41.9,27.2,39.042,946.0,1.885,5
2025-04-18,31.385,44.971,41.6,25.8,46.75,938.0,2.191,5
2025-04-19,30.084,43.444,39.9,26.5,51.417,949.0,2.261,5
2025-04-20,29.062,40.655,37.2,24.4,53.625,949.0,1.719,5
2025-04-21,28.2,40.971,38.3,23.7,42.958,969.0,1.343,5
2025-04-22,27.357,41.408,39.1,22.0,28.833,989.0,1.944,5
2025-04-23,26.173,40.5,38.2,22.4,28.875,995.0,1.807,5
2025-04-24,25.717,41.466,39.1,24.0,25.292,1001.0,1.104,5
2025-04-25,26.779,42.354,39.7,25.1,25.833,1004.0,0.827,5
2025-04-26,28.007,42.17,38.7,24.2,32.667,998.0,1.17,5
2025-04-27,27.983,41.79,38.5,26.3,29.792,961.0,0.904,5
2025-04-28,28.258,42.833,39.8,24.9,31.792,986.0,0.98,5
2025-04-29,29.601,42.131,38.6,26.8,35.0,978.0,1.508,5
2025-04-30,29.442,38.752,36.5,23.7,57.125,945.0,2.406,5
2025-05-01,29.566,38.748,35.7,23.6,61.125,949.0,2.532,5
2025-05-02,26.398,32.261,30.5,23.1,66.458,563.0,2.525,5
2025-05-03,28.921,38.165,34.9,24.0,66.417,842.0,1.676,5
2025-05-04,27.593,34.026,32.0,23.0,69.625,824.0,1.947,5
2025-05-05,26.394,32.602,29.5,24.6,71.042,708.0,1.922,5
2025-05-06,27.834,34.753,31.9,23.7,72.667,826.0,1.958,5
2025-05-07,28.425,36.707,33.2,23.6,70.5,823.0,1.295,5
2025-05-08,27.561,33.666,30.9,24.8,77.583,697.0,1.415,5
2025-05-09,28.057,36.249,34.8,24.3,70.417,736.0,1.041,5
2025-05-10,29.209,39.262,35.2,27.0,57.125,843.0,1.279,5
2025-05-11,27.688,36.541,35.4,25.7,68.875,675.0,1.321,5
2025-05-12,30.147,43.097,40.0,25.5,45.958,955.0,1.891,5
2025-05-13,30.301,43.109,41.2,27.4,36.75,958.0,2.19,5
2025-05-14,30.093,46.357,42.9,28.0,25.625,987.0,1.794,5
2025-05-15,29.675,46.987,44.1,28.5,21.792,931.0,1.982,5
2025-05-16,29.318,46.38,43.6,30.7,22.208,867.0,1.994,5
2025-05-17,30.46,48.017,44.9,31.5,25.75,947.0,1.649,5
2025-05-18,30.541,47.481,44.2,30.3,33.25,962.0,1.677,5
2025-05-19,32.062,44.371,40.2,27.8,57.875,964.0,2.072,5
2025-05-20,32.369,46.244,42.2,28.9,56.083,965.0,1.554,5
2025-05-21,32.795,44.604,40.1,29.2,59.417,921.0,1.548,5
2025-05-22,33.617,46.694,41.9,29.5,57.208,953.0,1.662,5
2025-05-23,32.63,43.165,38.7,29.4,59.458,901.0,2.338,5
2025-05-24,30.402,39.883,36.4,28.7,58.042,867.0,2.162,5
2025-05-25,30.508,40.683,37.1,28.1,56.417,889.0,1.859,5
2025-05-26,31.113,42.682,38.3,28.8,52.042,926.0,0.99,5
2025-05-27,32.381,44.229,39.8,29.3,54.792,907.0,1.751,5
2025-05-28,30.775,39.144,35.5,27.8,69.333,833.0,1.957,5
2025-05-29,31.159,41.071,36.4,28.2,68.167,881.0,1.525,5
2025-05-30,30.958,41.433,37.1,27.3,68.167,942.0,1.713,5
2025-05-31,31.234,41.332,36.2,28.0,67.5,907.0,0.935,5
2025-06-01,30.837,41.26,36.5,27.7,59.083,953.0,0.835,5
2025-06-02,30.34,41.517,37.1,26.9,56.083,963.0,1.439,5
2025-06-03,29.261,37.455,33.5,25.9,65.75,821.0,1.469,5
2025-06-04,28.019,36.931,32.9,23.6,72.333,850.0,1.147,5
2025-06-05,28.949,38.94,35.0,25.8,64.708,908.0,0.921,5
2025-06-06,29.366,40.653,36.7,26.0,57.375,952.0,0.985,5
2025-06-07,31.108,43.612,39.7,26.8,57.75,926.0,1.607,5
2025-06-08,31.052,42.592,39.7,28.1,49.917,917.0,2.28,5
2025-06-09,31.026,43.665,40.6,29.5,45.042,957.0,2.626,5
2025-06-10,30.884,43.865,40.6,28.2,40.958,974.0,2.404,5
2025-06-11,31.626,43.509,39.8,27.7,50.375,952.0,1.81,5
2025-06-12,32.983,43.627,39.1,28.1,64.5,926.0,2.643,5
2025-06-13,32.024,41.211,36.7,28.5,68.542,821.0,2.668,5
2025-06-14,32.042,42.843,37.7,28.2,65.042,876.0,1.442,5
2025-06-15,32.317,42.068,37.8,29.0,63.833,877.0,2.054,5
2025-06-16,29.224,35.127,32.5,26.4,79.167,408.0,2.227,5
2025-06-17,28.299,33.248,30.0,26.6,84.958,395.0,2.029,5
2025-06-18,29.15,36.713,32.2,26.2,81.958,536.0,0.849,5
2025-06-19,28.842,35.16,31.7,26.5,80.083,499.0,1.468,5
2025-06-20,29.909,37.275,34.3,26.3,74.458,594.0,1.97,5
2025-06-21,30.227,37.673,35.4,28.0,70.542,702.0,2.06,5
2025-06-22,29.652,37.122,33.6,28.6,71.083,628.0,1.675,5
2025-06-23,30.177,37.903,33.6,27.4,74.042,689.0,1.383,5
2025-06-24,30.287,39.512,35.1,26.9,69.75,691.0,0.906,5
2025-06-25,30.443,38.737,34.3,27.9,74.667,633.0,1.13,5
2025-06-26,30.205,37.93,35.2,28.0,68.875,649.0,2.4,5
2025-06-27,30.01,37.626,33.0,27.1,76.708,588.0,1.613,5
2025-06-28,29.334,36.331,32.7,26.9,80.292,451.0,1.074,5
2025-06-29,28.354,35.138,31.0,26.3,80.458,400.0,0.879,5
2025-06-30,27.738,33.307,29.7,25.6,85.583,315.0,1.461,5
2025-07-01,29.801,36.729,33.0,26.1,80.0,627.0,1.676,5
2025-07-02,30.458,38.633,35.5,26.4,68.25,682.0,1.767,5
2025-07-03,30.277,38.554,36.4,29.2,58.417,681.0,2.352,5
2025-07-04,30.299,39.143,35.5,27.8,66.708,673.0,1.629,5
2025-07-05,30.696,39.558,34.8,27.7,74.042,616.0,0.991,5
2025-07-06,29.595,37.133,33.0,26.8,77.833,573.0,1.313,5
2025-07-07,29.314,36.23,33.3,26.5,75.375,543.0,1.46,5
2025-07-08,29.621,37.45,32.8,26.6,77.708,527.0,0.739,5
2025-07-09,28.545,34.514,31.1,26.0,81.083,386.0,0.967,5
2025-07-10,28.899,35.523,31.9,26.5,82.667,485.0,1.706,5
2025-07-11,29.674,37.212,33.2,26.0,77.792,652.0,1.566,5
2025-07-12,30.032,37.233,32.8,26.3,80.0,689.0,1.749,5
2025-07-13,29.284,34.897,34.2,26.4,71.042,728.0,3.71,5
2025-07-14,29.584,36.445,35.1,27.3,67.0,679.0,4.011,5
2025-07-15,28.527,33.067,31.4,26.1,81.583,416.0,3.147,5
2025-07-16,28.658,35.057,31.3,25.4,83.75,530.0,1.808,5
2025-07-17,26.831,32.046,28.6,25.9,87.958,226.0,1.152,5
2025-07-18,28.068,32.022,30.0,25.7,85.583,438.0,2.631,5
2025-07-19,28.369,33.242,31.3,25.8,80.292,558.0,2.445,5
2025-07-20,29.462,37.106,34.3,25.9,70.583,743.0,1.791,5
2025-07-21,29.922,37.024,33.9,27.9,70.917,617.0,1.901,5
2025-07-22,27.101,31.886,27.9,26.3,90.833,164.0,1.394,5
2025-07-23,27.934,34.043,30.4,26.5,83.167,358.0,1.239,5
2025-07-24,29.729,36.663,32.5,26.2,80.833,590.0,1.539,5
2025-07-25,28.86,34.94,31.4,26.3,83.208,416.0,1.205,5
2025-07-26,30.001,36.58,33.4,26.9,81.083,683.0,1.393,5
2025-07-27,30.327,37.714,34.6,28.2,72.625,728.0,2.049,5
2025-07-28,29.499,36.132,32.1,27.3,80.375,629.0,1.861,5
2025-07-29,29.022,35.131,31.2,26.9,82.917,579.0,2.002,5
2025-07-30,26.698,30.172,28.1,25.8,89.5,293.0,1.972,5
2025-07-31,28.236,33.312,30.1,26.0,85.875,454.0,2.316,5
2025-08-01,26.223,30.529,27.9,25.4,84.708,242.0,2.353,5
2025-08-02,29.43,37.258,32.9,25.6,78.042,708.0,1.312,5
2025-08-03,28.365,34.575,32.1,26.1,76.833,609.0,1.674,5
2025-08-04,28.075,33.36,29.9,26.1,82.375,416.0,1.597,5
2025-08-05,27.152,32.784,28.5,26.0,89.708,215.0,0.93,5
2025-08-06,28.119,34.359,31.0,25.7,88.083,241.0,0.605,5
2025-08-07,29.56,37.945,33.5,26.3,77.958,720.0,0.942,5
2025-08-08,29.164,36.605,33.4,26.5,76.75,608.0,1.216,5
2025-08-09,28.795,36.121,32.3,25.9,80.542,561.0,1.209,5
2025-08-10,28.198,32.835,30.3,26.3,85.958,309.0,2.344,5
2025-08-11,28.073,34.259,31.1,26.7,81.958,373.0,1.737,5
2025-08-12,28.332,34.529,30.3,26.1,84.917,351.0,1.253,5
2025-08-13,28.073,33.559,29.8,26.9,87.042,325.0,1.534,5
2025-08-14,29.016,34.928,31.5,26.3,85.958,482.0,2.153,5
2025-08-15,29.115,35.066,31.3,26.2,83.875,565.0,1.827,5
2025-08-16,28.956,35.223,31.1,26.4,83.667,515.0,1.827,5
2025-08-17,29.265,35.445,31.5,27.0,84.958,543.0,1.354,5
2025-08-18,29.816,36.2,32.7,27.2,81.167,637.0,1.876,5
2025-08-19,29.043,35.468,31.8,26.7,81.125,586.0,1.822,5
2025-08-20,29.286,36.112,31.7,26.6,83.958,672.0,1.643,5
2025-08-21,28.882,35.914,31.6,26.0,81.958,658.0,1.452,5
2025-08-22,28.301,35.794,31.6,25.8,81.708,532.0,0.9,5
2025-08-23,28.019,34.666,29.8,25.8,85.958,464.0,0.918,5
2025-08-24,27.38,31.9,28.9,25.3,89.083,360.0,1.534,5
2025-08-25,27.19,30.884,28.9,25.4,88.292,457.0,2.64,5
2025-08-26,27.526,31.912,29.4,25.1,88.417,372.0,2.295,5
2025-08-27,28.391,34.003,31.0,25.2,84.458,443.0,1.781,5
2025-08-28,29.64,37.095,32.7,26.1,79.333,689.0,1.388,5
2025-08-29,29.558,37.168,32.7,25.8,80.542,635.0,1.408,5
2025-08-30,26.651,31.463,28.1,25.6,88.417,270.0,1.692,5
2025-08-31,27.074,31.211,28.4,25.1,90.375,357.0,1.73,5
2025-09-01,25.745,28.868,26.8,24.8,92.917,208.0,2.067,5
2025-09-02,26.264,31.503,28.1,24.0,90.667,148.0,1.737,5
2025-09-03,27.186,32.627,28.5,24.8,88.417,367.0,1.277,5
2025-09-04,28.381,34.494,30.5,24.7,86.042,463.0,1.116,5
2025-09-05,29.041,35.647,31.4,26.0,85.042,580.0,1.453,5
2025-09-06,28.481,34.105,30.3,25.5,87.292,534.0,2.124,5
2025-09-07,27.87,32.755,30.1,25.0,86.292,591.0,2.361,5
2025-09-08,27.991,33.613,31.3,24.8,82.917,608.0,2.014,5
2025-09-09,28.499,36.247,32.1,24.7,78.375,711.0,1.214,5
2025-09-10,28.537,35.282,32.7,25.2,77.208,798.0,1.956,5
2025-09-11,28.532,34.93,31.8,25.5,75.208,737.0,1.975,5
2025-09-12,29.139,36.913,33.8,25.9,69.458,758.0,1.657,5
2025-09-13,28.67,35.477,30.4,26.8,82.167,479.0,1.002,5
2025-09-14,27.801,33.592,30.3,25.6,85.917,421.0,1.409,5
2025-09-15,28.936,36.776,32.3,25.2,83.333,621.0,0.689,5
2025-09-16,29.017,36.511,32.2,25.3,83.042,620.0,1.239,5
2025-09-17,28.614,35.842,31.7,25.4,81.25,683.0,1.508,5
2025-09-18,28.148,34.908,31.7,25.1,79.792,635.0,1.749,5
2025-09-19,27.464,33.026,30.9,24.8,81.5,543.0,2.007,5
2025-09-20,28.946,37.316,33.8,25.3,72.792,695.0,1.05,5
2025-09-21,29.153,37.771,34.6,26.1,64.25,800.0,1.538,5
2025-09-22,29.516,38.245,35.8,26.6,59.875,786.0,1.618,5
2025-09-23,28.447,38.358,35.7,26.6,54.458,865.0,1.575,5
2025-09-24,29.175,38.039,35.4,25.7,56.708,860.0,1.726,5
2025-09-25,29.425,38.397,35.8,25.7,59.042,854.0,1.967,5
2025-09-26,30.029,39.05,35.3,24.9,65.375,826.0,1.448,5
2025-09-27,30.642,39.26,35.4,27.6,69.625,776.0,1.292,5
2025-09-28,30.036,38.05,34.6,27.3,71.25,773.0,1.631,5
2025-09-29,28.909,35.642,32.4,26.3,77.5,687.0,1.791,5
2025-09-30,28.856,35.166,31.6,26.2,82.083,618.0,1.682,5
2025-10-01,28.331,35.117,30.8,25.2,83.958,647.0,1.285,5
2025-10-02,27.013,31.969,28.7,24.9,86.5,467.0,1.563,5
2025-10-03,27.046,32.476,29.6,24.4,86.292,404.0,1.491,5
2025-10-04,27.058,33.689,30.4,23.8,80.75,572.0,1.06,5
2025-10-05,28.185,37.422,34.9,23.8,61.833,742.0,1.375,5
2025-10-06,25.956,31.146,29.1,22.5,77.417,437.0,1.842,5
2025-10-07,25.555,32.057,27.7,22.1,83.333,607.0,0.858,5
2025-10-08,25.146,32.047,28.9,20.5,78.917,755.0,1.145,5
2025-10-09,24.579,31.795,29.2,19.6,74.917,754.0,1.54,5
2025-10-10,24.254,32.143,29.4,19.1,70.542,753.0,1.414,5
2025-10-11,24.434,31.285,29.0,18.7,70.375,739.0,1.406,5
2025-10-12,24.68,31.381,29.9,18.7,68.667,742.0,1.553,5
2025-10-13,24.82,33.25,30.9,18.9,65.083,738.0,1.176,5
2025-10-14,24.746,34.121,31.7,19.5,58.417,736.0,0.76,5
2025-10-15,24.443,34.532,32.5,19.1,52.292,729.0,0.987,5
2025-10-16,24.482,34.39,32.6,19.4,50.708,726.0,1.255,5
2025-10-17,24.995,34.378,32.4,19.4,50.708,722.0,1.284,5
2025-10-18,25.471,34.622,32.6,20.5,52.167,711.0,1.43,5
2025-10-19,25.386,34.872,32.9,20.9,53.417,703.0,1.153,5
2025-10-20,24.96,35.924,34.0,21.3,48.75,707.0,1.048,5
2025-10-21,25.05,34.559,32.7,21.4,47.583,694.0,1.056,5
2025-10-22,23.771,33.506,32.5,20.8,41.667,696.0,1.505,5
2025-10-23,24.3,33.609,32.2,20.5,40.792,691.0,1.346,5
2025-10-24,25.102,34.99,32.8,20.8,45.458,683.0,0.788,5
2025-10-25,24.582,34.811,32.8,20.4,49.167,684.0,0.752,5
2025-10-26,24.445,33.984,32.3,20.4,47.667,677.0,0.982,5
2025-10-27,23.893,34.012,32.3,20.0,49.125,683.0,0.904,5
2025-10-28,24.248,31.363,29.4,20.4,66.375,612.0,1.522,5
2025-10-29,24.894,32.855,31.4,18.9,63.5,656.0,1.088,5
2025-10-30,26.188,34.765,32.1,21.2,59.375,638.0,0.958,5
2025-10-31,23.846,32.737,31.2,21.6,49.833,611.0,1.1,5
2025-11-01,24.071,32.662,31.7,18.6,45.667,647.0,1.45,5
2025-11-02,23.003,30.498,31.0,18.3,46.208,660.0,2.031,5
2025-11-03,22.914,31.338,30.9,18.6,42.583,658.0,1.746,5
2025-11-04,22.724,33.358,32.1,19.8,37.875,655.0,1.23,5
2025-11-05,22.733,31.118,29.7,20.2,47.208,634.0,1.398,5
2025-11-06,19.512,27.326,26.9,17.1,47.417,668.0,1.761,5
2025-11-07,19.506,27.232,27.2,14.1,42.75,660.0,1.805,5
2025-11-08,19.033,26.802,26.6,13.3,45.458,662.0,1.697,5
2025-11-09,19.409,26.787,26.8,13.8,46.542,649.0,1.647,5
2025-11-10,19.322,28.175,27.3,13.5,46.792,643.0,1.199,5
2025-11-11,19.246,27.186,27.0,13.2,47.292,640.0,1.535,5
2025-11-12,19.397,26.552,26.9,13.5,47.167,635.0,1.839,5
2025-11-13,19.447,26.576,26.7,13.4,48.833,627.0,1.703,5
2025-11-14,18.666,26.009,26.5,12.9,46.208,625.0,1.721,5
2025-11-15,18.787,26.012,26.6,12.7,47.208,626.0,1.616,5
2025-11-16,18.706,25.7,26.5,12.3,45.375,622.0,1.648,5
2025-11-17,18.885,26.895,25.8,11.9,49.583,614.0,1.041,5
2025-11-18,19.811,26.568,25.8,12.9,58.0,602.0,1.098,5
2025-11-19,19.235,27.652,26.4,12.2,52.958,605.0,0.794,5
2025-11-20,19.299,27.811,26.3,13.7,55.375,592.0,0.426,5
2025-11-21,20.37,28.108,26.2,14.7,59.208,584.0,0.544,5
2025-11-22,19.471,27.061,25.6,15.0,60.208,580.0,0.753,5
2025-11-23,18.962,26.921,25.3,13.0,57.75,585.0,0.805,5
2025-11-24,18.621,26.323,24.9,12.3,57.125,580.0,0.849,5
2025-11-25,17.83,24.792,24.1,11.9,55.458,582.0,1.338,5
2025-11-26,17.136,24.782,23.7,11.0,56.083,592.0,1.024,5
2025-11-27,17.302,25.723,24.7,11.0,53.917,573.0,0.787,5
2025-11-28,18.219,25.827,25.6,12.4,51.875,560.0,1.508,5
2025-11-29,18.522,24.36,25.1,13.0,48.792,559.0,1.665,5
2025-11-30,18.003,23.779,24.3,12.0,48.833,569.0,1.39,5
2025-12-01,17.782,24.076,24.2,10.7,46.292,566.0,1.247,5
2025-12-02,16.988,24.768,23.9,11.5,46.75,553.0,0.913,5
2025-12-03,16.105,22.553,22.3,10.2,51.208,579.0,1.504,5
2025-12-04,15.484,21.246,22.0,9.2,52.417,578.0,1.72,5
2025-12-05,15.84,23.297,22.3,8.9,52.667,566.0,1.283,5
2025-12-06,17.143,22.38,23.0,10.7,53.958,538.0,1.735,5
2025-12-07,17.667,23.79,24.1,11.2,53.208,550.0,1.686,5
2025-12-08,17.951,23.902,24.9,12.0,49.375,556.0,2.012,5
2025-12-09,17.413,22.635,23.9,11.4,50.625,565.0,2.31,5
2025-12-10,17.746,23.936,23.7,11.6,54.833,560.0,1.607,5
2025-12-11,18.037,23.743,23.9,10.7,58.875,555.0,1.535,5
2025-12-12,17.991,24.809,24.0,11.3,63.292,550.0,1.247,5
2025-12-13,18.675,26.457,25.1,11.2,62.25,546.0,0.708,5
2025-12-14,18.703,25.855,24.4,13.2,67.0,506.0,0.536,5
2025-12-15,19.043,25.386,24.8,12.2,68.0,530.0,1.27,5
2025-12-16,18.536,22.777,23.8,11.9,60.625,548.0,2.422,5
2025-12-17,19.432,24.654,25.4,13.5,55.125,551.0,2.434,5
2025-12-18,19.259,24.958,24.5,12.2,63.375,546.0,1.495,5
2025-12-19,18.666,23.743,24.5,11.8,59.333,553.0,2.18,5
2025-12-20,18.269,23.908,23.1,11.4,63.958,551.0,1.324,5
2025-12-21,18.575,25.699,24.3,11.9,68.0,513.0,0.788,5
2025-12-22,20.044,25.939,25.4,12.1,76.083,512.0,1.172,5
2025-12-23,20.118,23.686,25.0,14.0,67.542,544.0,2.481,5
2025-12-24,16.1,19.42,21.2,11.3,60.375,561.0,2.338,5
2025-12-25,15.773,21.42,21.6,9.0,59.375,566.0,1.423,5
2025-12-26,15.745,20.817,21.4,9.1,62.458,491.0,1.396,5
2025-12-27,16.073,22.089,21.6,8.6,67.208,523.0,1.197,5
2025-12-28,16.402,23.125,22.1,7.9,71.583,564.0,0.993,5
2025-12-29,15.681,19.373,20.5,9.6,69.042,456.0,1.758,5
2025-12-30,17.444,23.252,22.9,9.7,68.875,558.0,1.496,5
2025-12-31,17.652,25.758,24.5,9.3,63.708,561.0,0.718,5
2026-01-01,15.777,18.347,17.3,12.1,83.75,202.0,1.41,5
2026-01-02,16.71,21.201,19.7,9.7,84.083,490.0,1.202,5
2026-01-03,16.245,20.108,19.0,9.6,82.083,557.0,1.652,5
2026-01-04,15.53,20.662,19.7,9.0,73.542,569.0,1.571,5
2026-01-05,15.908,20.252,19.4,8.4,75.458,566.0,1.564,5
2026-01-06,16.761,22.258,21.1,8.9,73.75,569.0,1.354,5
2026-01-07,15.92,21.411,21.2,8.6,72.875,580.0,1.601,5
2026-01-08,14.172,21.268,20.4,7.7,66.333,585.0,1.13,5
2026-01-09,17.117,23.717,21.3,8.4,69.875,532.0,0.786,5
2026-01-10,16.061,23.104,21.9,8.8,63.708,528.0,1.193,5
2026-01-11,13.085,16.532,17.6,6.3,68.208,606.0,2.0,5
2026-01-12,14.067,19.629,17.3,6.1,75.167,604.0,1.451,5
2026-01-13,14.917,19.96,17.9,5.2,84.125,525.0,1.085,5
2026-01-14,14.968,18.223,17.9,6.0,80.625,612.0,1.98,5
2026-01-15,14.863,19.123,17.8,6.3,78.25,582.0,1.531,5
2026-01-16,16.173,22.266,20.6,6.7,72.833,605.0,0.976,5
2026-01-17,17.429,24.386,22.3,8.1,73.292,570.0,0.873,5
2026-01-18,17.909,24.368,22.7,9.5,75.25,566.0,1.083,5
2026-01-19,18.134,24.581,23.6,10.6,65.625,526.0,0.82,5
2026-01-20,18.746,23.868,23.3,11.1,77.75,574.0,1.193,5
2026-01-21,16.799,22.726,21.8,8.8,75.167,628.0,1.516,5
2026-01-22,17.199,25.472,23.8,7.6,69.167,602.0,1.357,5
2026-01-23,17.433,21.708,20.6,10.3,76.583,516.0,1.93,5
2026-01-24,12.984,17.047,16.7,5.9,61.333,645.0,2.135,5
2026-01-25,13.265,16.691,16.2,5.4,75.333,628.0,1.826,5
2026-01-26,14.42,21.252,17.7,5.5,74.333,650.0,0.964,5
2026-01-27,17.611,20.231,19.8,8.9,80.875,623.0,1.774,5
2026-01-28,15.773,18.32,17.8,11.1,86.167,401.0,1.667,5
2026-01-29,15.896,19.428,18.2,8.4,82.292,620.0,1.575,5
2026-01-30,15.804,20.381,18.3,8.1,81.0,561.0,1.408,5
2026-01-31,17.596,23.292,20.5,7.6,80.542,607.0,0.98,5
2026-02-01,18.935,24.012,21.4,11.5,78.958,540.0,1.798,5
2026-02-02,19.091,24.783,21.5,11.2,85.25,545.0,1.014,5
2026-02-03,17.057,20.377,19.1,12.5,88.667,342.0,0.944,5
2026-02-04,18.598,24.174,22.3,11.0,79.292,673.0,1.365,5
2026-02-05,17.506,21.963,21.5,8.8,75.333,693.0,1.858,5
2026-02-06,17.417,22.261,22.1,9.4,67.042,699.0,1.932,5
2026-02-07,17.933,21.326,22.2,10.7,69.375,688.0,2.138,5
2026-02-08,17.649,22.64,22.6,10.6,62.583,713.0,1.695,5
2026-02-09,19.035,26.973,24.5,10.5,65.25,702.0,0.701,5
2026-02-10,20.881,28.142,25.6,10.8,69.042,663.0,0.966,5
2026-02-11,19.945,25.303,25.2,12.2,71.208,702.0,1.688,5
2026-02-12,18.467,23.225,23.8,12.6,57.875,722.0,2.238,5
2026-02-13,18.696,25.399,25.3,11.6,53.667,725.0,1.572,5
2026-02-14,20.843,28.381,27.4,13.3,54.542,715.0,1.032,5
2026-02-15,21.132,28.492,27.9,14.3,56.75,727.0,1.275,5
2026-02-16,20.729,30.709,29.6,13.4,56.292,736.0,1.104,5
2026-02-17,22.384,31.802,30.2,15.6,52.0,729.0,1.398,5
2026-02-18,21.876,30.929,29.2,17.2,56.125,667.0,1.272,5
2026-02-19,20.89,30.011,29.4,16.4,48.833,745.0,1.586,5
2026-02-20,20.746,29.448,29.2,15.6,42.667,754.0,1.923,5
2026-02-21,20.087,29.546,29.1,15.7,37.083,768.0,1.695,5
2026-02-22,21.782,31.568,30.5,15.3,43.417,766.0,1.295,5
2026-02-23,21.607,31.483,29.8,17.2,45.792,701.0,1.213,5
2026-02-24,21.183,31.045,29.9,17.1,42.5,765.0,1.272,5
2026-02-25,20.91,30.955,29.8,16.4,40.083,778.0,1.408,5
2026-02-26,20.567,29.77,30.2,15.1,33.167,786.0,2.092,5
2026-02-27,21.307,32.425,31.8,15.9,33.333,790.0,1.753,5
2026-02-28,22.123,33.912,32.9,17.2,32.042,787.0,1.345,5
2026-03-01,22.326,32.043,31.4,17.6,39.417,794.0,1.962,5
2026-03-02,23.112,31.134,31.2,17.5,39.375,797.0,2.581,5
2026-03-03,23.043,31.269,31.8,18.2,40.083,805.0,3.0,5
2026-03-04,24.804,34.116,33.3,18.7,41.125,797.0,2.618,5
2026-03-05,25.571,35.049,34.0,21.3,40.5,807.0,2.941,5
2026-03-06,25.7,36.612,34.4,19.8,43.0,807.0,1.276,5
2026-03-07,25.167,37.877,35.8,20.3,48.292,818.0,1.057,5
2026-03-08,24.316,37.867,36.2,20.9,35.833,824.0,1.188,5
2026-03-09,25.286,36.827,35.5,20.2,39.208,798.0,1.738,5
2026-03-10,25.337,37.55,35.8,21.7,39.625,780.0,0.933,5
2026-03-11,23.843,37.606,36.6,21.5,28.958,838.0,1.461,5
2026-03-12,23.862,36.742,35.2,19.7,31.708,829.0,1.54,5
2026-03-13,23.183,33.911,32.6,21.2,36.167,830.0,1.675,5
2026-03-14,22.757,35.303,34.6,20.7,32.625,679.0,1.035,5
2026-03-15,23.121,34.218,32.3,19.8,35.875,798.0,1.427,5
2026-03-16,22.858,34.5,33.1,17.6,37.083,811.0,1.354,5
2026-03-17,23.192,32.49,31.8,18.5,39.208,672.0,2.02,5
2026-03-18,24.769,35.024,33.8,20.7,35.917,817.0,1.872,5
2026-03-19,20.698,26.318,27.1,19.9,55.458,329.0,2.036,5
2026-03-20,19.793,24.657,22.1,17.4,79.792,332.0,1.295,5
2026-03-21,20.773,26.859,24.1,14.9,77.208,633.0,1.466,5
2026-03-22,21.969,28.461,26.5,15.7,70.0,845.0,1.244,5
2026-03-23,21.039,26.536,24.2,15.7,75.292,655.0,1.258,5
2026-03-24,23.242,31.001,29.6,15.9,66.125,821.0,1.222,5
2026-03-25,23.505,31.407,30.1,16.1,60.125,829.0,1.46,5
2026-03-26,25.125,33.199,32.7,19.5,54.792,640.0,1.315,5
2026-03-27,25.335,31.817,31.0,20.3,59.375,817.0,1.747,5
2026-03-28,25.054,32.724,30.4,20.2,58.75,820.0,1.116,5
2026-03-29,26.815,35.696,33.3,23.2,58.583,769.0,2.231,5
2026-03-30,26.432,33.301,30.7,22.7,66.792,588.0,1.351,5
2026-03-31,26.164,35.162,33.0,21.7,52.917,849.0,1.701,5
2026-04-01,26.022,35.436,33.4,22.5,54.458,650.0,1.077,5
2026-04-02,26.06,35.206,32.0,20.8,58.75,823.0,0.936,5
2026-04-03,27.693,37.492,34.9,22.3,54.75,767.0,1.471,5
2026-04-04,24.95,31.093,31.0,21.3,62.417,590.0,1.652,5
2026-04-05,24.164,32.69,31.1,18.8,58.875,798.0,1.125,5
2026-04-06,23.781,31.561,30.2,17.6,57.625,856.0,1.397,5
2026-04-07,24.322,32.252,31.8,19.5,52.625,728.0,1.823,5
2026-04-08,24.156,31.795,29.2,17.0,73.625,851.0,2.795,5
2026-04-09,23.228,31.729,28.9,14.4,67.25,860.0,1.14,5
2026-04-10,24.686,34.825,34.4,18.7,43.833,896.0,2.85,5
2026-04-11,26.17,37.477,36.6,24.8,36.333,885.0,3.025,5
2026-04-12,27.079,36.985,36.1,25.7,39.25,878.0,1.9,5
2026-04-13,26.98,36.037,33.6,24.0,42.333,906.0,1.56,5
2026-04-14,24.75,38.208,36.8,20.0,29.875,909.0,1.895,5
2026-04-15,26.461,42.318,39.9,23.7,19.875,883.0,0.962,5
2026-04-16,26.964,44.071,41.6,25.5,20.667,903.0,1.113,5
2026-04-17,25.334,41.625,41.1,25.6,17.292,483.0,1.721,5
2026-04-18,27.684,45.236,42.7,26.7,20.708,842.0,1.213,5
2026-04-19,27.23,43.665,41.3,26.5,20.792,824.0,2.207,5
2026-04-20,25.814,41.147,39.7,26.1,17.542,837.0,2.558,5
2026-04-21,26.308,41.167,39.6,25.6,19.542,838.0,2.82,5
2026-04-22,27.187,43.144,41.1,25.9,18.292,835.0,2.587,5
2026-04-23,27.804,44.194,41.8,27.9,17.042,831.0,2.43,5
2026-04-24,28.773,45.034,42.3,27.1,19.625,815.0,1.91,5
2026-04-25,29.087,45.683,42.8,28.6,20.833,795.0,1.983,5
2026-04-26,29.02,44.149,41.1,28.8,20.75,946.0,3.014,5
2026-04-27,28.311,44.141,41.7,28.5,19.5,916.0,2.432,5
2026-04-28,28.611,44.024,41.0,28.9,25.25,886.0,2.047,5
2026-04-29,27.62,41.329,38.2,26.8,31.25,863.0,0.992,5
2026-04-30,27.474,36.304,34.6,26.1,43.833,962.0,2.388,5
2026-05-01,28.554,42.515,39.3,26.1,36.542,958.0,1.832,5
2026-05-02,29.298,44.536,41.6,27.5,28.542,962.0,1.376,5
2026-05-03,28.166,41.206,39.0,27.6,33.0,800.0,2.546,5
2026-05-04,29.189,41.085,37.7,24.4,52.208,895.0,2.99,5
2026-05-05,26.39,32.91,31.7,22.6,70.708,950.0,2.779,5
2026-05-06,27.243,37.011,33.4,20.9,62.083,969.0,1.223,5
2026-05-07,27.462,38.773,36.0,22.7,49.25,841.0,2.229,5
2026-05-08,27.633,39.963,37.0,22.5,50.0,858.0,2.32,5
2026-05-09,27.791,40.021,37.2,24.1,40.292,833.0,1.751,5
2026-05-10,28.835,41.808,38.8,26.4,36.708,851.0,1.965,5
2026-05-11,29.632,42.158,39.2,27.8,38.417,836.0,2.444,5
2026-05-12,29.574,40.854,37.5,27.6,47.875,854.0,2.405,5
2026-05-13,29.674,38.968,35.8,25.7,61.333,762.0,2.12,5
2026-05-14,29.292,43.85,40.9,24.6,41.75,847.0,1.816,5
2026-05-15,29.931,44.934,41.9,27.4,26.042,839.0,2.323,5
2026-05-16,29.112,44.806,42.2,29.2,23.542,835.0,1.966,5
2026-05-17,29.82,44.644,41.7,28.3,25.25,867.0,2.903,5
2026-05-18,31.017,46.929,43.4,30.3,24.417,867.0,3.747,5
2026-05-19,29.094,45.636,42.8,31.6,17.042,891.0,3.289,5
2026-05-20,30.204,46.007,42.9,30.0,19.792,891.0,2.666,5
2026-05-21,30.395,46.69,43.4,31.0,24.292,879.0,3.416,5
2026-05-22,29.503,45.55,42.6,30.0,19.625,886.0,2.662,5
2026-05-23,29.341,43.928,41.5,29.9,23.833,802.0,2.516,5
2026-05-24,29.499,46.192,43.2,30.4,21.0,885.0,3.08,5
2026-05-25,31.526,46.653,42.8,32.3,22.917,880.0,2.398,5
2026-05-26,29.353,45.491,42.7,30.5,20.75,885.0,2.688,5
2026-05-27,29.282,45.975,42.9,30.3,19.0,887.0,1.702,5
2026-05-28,30.269,46.758,43.4,32.3,26.25,884.0,1.885,5
2026-05-29,29.497,38.784,36.1,26.5,64.25,867.0,2.87,5
2026-05-30,28.866,36.318,34.0,25.1,69.375,835.0,2.344,5
2026-05-31,28.332,38.443,34.9,25.5,56.0,796.0,0.842,5
2026-06-01,28.208,37.053,33.0,24.3,61.792,785.0,1.01,5
2026-06-02,29.726,42.433,39.1,27.2,43.083,819.0,1.039,5
2026-06-03,30.401,44.643,41.1,27.5,38.875,840.0,1.146,5
2026-06-04,30.037,42.856,39.7,31.0,35.0,819.0,2.019,5
2026-06-05,29.838,42.44,38.6,28.9,42.708,836.0,1.335,5
2026-06-06,29.842,40.246,39.0,26.8,47.167,798.0,1.039,5
2026-06-07,29.395,43.748,40.7,28.7,35.292,846.0,1.753,5
2026-06-08,30.96,45.455,42.1,30.5,30.875,824.0,1.733,5
2026-06-09,29.774,46.822,43.6,32.2,24.583,888.0,1.47,5
2026-06-10,32.497,46.658,43.0,31.7,30.0,835.0,1.886,5
2026-06-11,33.232,48.036,43.7,28.2,40.833,835.0,1.782,5
2026-06-12,29.669,37.262,33.6,26.0,75.833,640.0,2.655,5
2026-06-13,30.663,39.994,34.7,24.1,75.333,830.0,1.11,5
2026-06-14,30.458,40.945,37.3,27.4,62.375,835.0,1.183,5
2026-06-15,30.38,42.241,39.3,26.4,49.792,848.0,2.059,5
2026-06-16,31.682,44.529,40.9,30.1,42.417,823.0,2.132,5
2026-06-17,31.211,44.273,40.6,28.7,43.708,834.0,1.619,5
2026-06-18,31.64,44.52,40.9,29.8,39.667,843.0,2.027,5
2026-06-19,31.402,43.535,39.4,29.3,42.375,838.0,1.924,5
2026-06-20,30.879,43.376,39.9,29.8,41.0,852.0,2.203,5
2026-06-21,31.375,42.145,39.1,30.8,44.0,808.0,2.551,5
2026-06-22,30.792,42.864,39.7,29.3,45.667,843.0,2.398,5
2026-06-23,30.5,41.431,38.5,27.5,47.833,870.0,2.215,5
2026-06-24,30.901,42.339,39.0,28.3,46.167,830.0,1.994,5
2026-06-25,31.544,42.845,39.2,31.1,43.083,807.0,1.734,5
2026-06-26,32.268,44.643,40.6,29.8,46.583,800.0,1.55,5
2026-06-27,32.658,45.641,41.3,31.9,43.458,824.0,1.418,5
2026-06-28,33.043,46.738,42.6,34.0,39.833,806.0,1.613,5
2026-06-29,32.388,43.534,40.1,30.8,50.167,841.0,1.945,5
2026-06-30,33.2,45.36,41.3,32.5,46.875,840.0,1.859,5
2026-07-01,32.31,44.73,40.2,29.5,61.917,811.0,1.318,5
2026-07-02,29.196,36.046,31.6,26.6,83.042,447.0,1.927,5
2026-07-03,27.751,32.588,28.5,26.7,89.417,274.0,1.55,5
2026-07-04,30.534,39.042,33.6,26.6,83.5,662.0,1.815,5
2026-07-05,31.503,40.589,35.9,27.1,78.542,784.0,1.968,5
2026-07-06,31.118,40.048,34.3,27.1,77.917,741.0,1.319,5
2026-07-07,30.258,38.145,32.6,27.1,83.083,588.0,2.015,5
2026-07-08,29.56,36.284,31.8,26.6,82.583,508.0,1.58,5
2026-07-09,29.141,35.75,31.5,26.0,87.375,474.0,1.556,5
2026-07-10,30.842,39.47,34.2,26.2,81.625,698.0,1.17,5
2026-07-11,31.811,41.445,36.1,26.8,73.833,854.0,0.996,5
2026-07-12,31.536,41.274,35.9,28.1,68.208,829.0,1.04,5
2026-07-13,31.739,41.242,36.2,28.5,68.0,866.0,1.371,5
2026-07-14,31.771,41.056,36.6,28.3,63.875,840.0,1.718,5
2026-07-15,31.322,40.232,36.2,26.1,65.125,852.0,1.64,5
2026-07-16,31.24,40.016,36.6,28.3,59.625,859.0,2.211,5
2026-07-17,30.217,38.924,36.1,29.2,57.875,603.0,1.802,5
2026-07-18,30.145,39.264,35.8,28.6,60.875,718.0,1.317,5
2026-07-19,29.97,38.584,33.9,27.3,76.042,637.0,1.122,5
2026-07-20,28.896,36.307,31.4,26.6,86.292,506.0,0.963,5
2026-07-21,28.352,35.231,30.4,26.5,86.917,433.0,1.061,5
2026-07-22,28.005,34.788,30.4,24.9,90.375,481.0,1.542,5
2026-07-23,27.312,32.561,28.9,24.3,93.0,281.0,2.144,5
2026-07-24,29.45,36.834,31.1,25.8,86.125,695.0,2.157,5
2026-07-25,29.852,36.359,32.1,25.8,83.375,624.0,2.677,5
2026-07-26,29.034,34.32,31.6,26.6,82.958,482.0,2.8,5
2026-07-27,31.055,40.153,33.5,26.4,80.875,828.0,1.47,5
2026-07-28,29.883,37.816,31.8,26.1,87.042,610.0,1.112,5
2026-07-29,29.672,37.631,32.4,25.6,85.25,629.0,1.237,5
2026-07-30,29.627,36.761,31.5,25.7,87.083,590.0,1.67,5
2026-07-31,29.622,36.057,31.9,26.8,84.292,643.0,2.412,5
2026-08-01,29.575,36.707,31.7,26.8,84.583,466.0,1.977,5
2026-08-02,29.809,37.084,32.2,25.7,87.625,653.0,1.76,5
2026-08-03,29.696,37.139,32.2,26.7,85.458,640.0,1.427,5
2026-08-04,29.572,37.346,31.5,26.2,87.042,615.0,0.912,5
2026-08-05,28.809,36.222,30.9,25.2,88.958,568.0,0.693,5
2026-08-06,28.776,36.079,30.8,25.6,89.458,578.0,1.028,5
2026-08-07,28.68,35.31,30.8,25.7,88.208,551.0,1.176,5
2026-08-08,29.458,36.644,31.3,25.2,88.375,529.0,2.16,5
2026-08-09,29.476,35.058,32.3,25.9,82.875,777.0,3.088,5
2026-08-10,30.029,37.734,33.5,25.9,83.667,770.0,1.905,5
2026-08-11,29.276,36.741,31.1,26.0,88.875,520.0,1.13,5
2026-08-12,30.403,38.837,33.7,24.8,81.292,751.0,1.004,5
2026-08-13,31.619,40.517,34.4,26.9,82.458,762.0,1.001,5
2026-08-14,29.879,37.356,32.8,26.5,85.25,717.0,1.374,5
2026-08-15,29.675,37.094,31.8,25.6,86.917,681.0,1.27,5
2026-08-16,29.567,36.997,31.5,25.8,87.417,631.0,0.985,5
2026-08-17,29.549,37.31,31.8,25.2,87.917,593.0,0.827,5
2026-08-18,29.508,37.318,31.5,25.5,87.833,679.0,0.716,5
2026-08-19,29.531,37.249,31.7,25.0,87.25,719.0,1.165,5
2026-08-20,29.048,36.733,30.2,26.6,88.667,775.0,0.553,5
2026-08-21,29.457,37.418,32.3,26.1,87.625,627.0,0.873,5
2026-08-22,30.169,38.495,32.1,25.0,88.5,747.0,0.893,5
2026-08-23,28.935,36.566,31.7,25.0,83.292,557.0,0.811,5
2026-08-24,30.662,39.403,33.7,26.2,82.708,802.0,0.803,5
2026-08-25,30.634,39.242,33.1,26.2,84.292,728.0,0.787,5
2026-08-26,30.158,38.424,32.7,27.0,84.125,637.0,0.664,5
2026-08-27,31.075,40.114,33.3,27.1,80.833,814.0,0.764,5
2026-08-28,30.723,39.966,34.9,27.6,73.083,790.0,1.235,5
2026-08-29,30.766,39.446,35.9,28.3,63.083,821.0,1.842,5
2026-08-30,31.247,41.178,37.0,27.9,60.0,835.0,2.016,5
2026-08-31,30.287,39.579,35.1,27.0,61.75,834.0,1.633,5
2026-09-01,29.388,37.576,33.4,27.8,68.333,707.0,1.105,5
2026-09-02,28.426,35.424,30.5,26.7,84.333,574.0,1.068,5
2026-09-03,28.869,36.022,31.4,25.9,86.542,468.0,1.073,5
2026-09-04,27.889,32.85,29.5,25.8,87.75,438.0,1.947,5
2026-09-05,27.838,32.608,29.3,24.8,91.542,491.0,1.665,5
2026-09-06,29.03,36.223,31.7,25.1,85.292,767.0,1.262,5
2026-09-07,28.912,36.857,32.1,24.5,80.958,764.0,0.754,5
2026-09-08,29.84,36.844,33.5,25.8,73.833,839.0,1.942,5
2026-09-09,29.62,37.443,33.5,26.2,69.792,823.0,1.809,5
2026-09-10,29.343,37.909,33.5,26.1,71.292,827.0,1.133,5
2026-09-11,28.459,35.563,29.9,24.7,88.708,630.0,1.262,5
2026-09-12,29.993,37.457,32.3,25.5,87.125,777.0,1.782,5
2026-09-13,29.496,36.254,31.6,26.0,84.792,654.0,2.073,5
2026-09-14,28.34,33.951,30.3,24.9,86.5,678.0,2.369,5
2026-09-15,28.528,34.259,30.5,25.3,88.0,688.0,1.729,5
2026-09-16,28.182,35.053,31.5,25.0,81.708,627.0,1.582,5
2026-09-17,28.886,36.062,32.5,24.2,74.042,741.0,1.622,5
2026-09-18,27.67,34.48,30.9,22.9,78.833,597.0,1.079,5
2026-09-19,28.502,37.576,33.7,25.3,67.708,757.0,0.803,5
2026-09-20,28.467,37.948,35.0,26.9,60.417,744.0,0.912,5
2026-09-21,28.426,38.471,35.3,25.6,59.125,795.0,1.054,5
2026-09-22,28.309,38.737,35.8,24.5,56.667,817.0,1.162,5
2026-09-23,28.672,39.975,36.9,25.3,55.417,813.0,0.987,5
2026-09-24,28.68,38.561,35.3,26.5,59.917,763.0,1.393,5
2026-09-25,28.715,38.051,34.7,25.5,62.667,785.0,1.283,5
2026-09-26,28.497,38.188,35.0,23.3,65.167,754.0,1.386,5
2026-09-27,27.974,35.914,34.8,22.1,74.042,713.0,2.511,5
2026-09-28,27.155,34.492,29.8,22.3,78.292,778.0,1.196,5
2026-09-29,27.426,35.904,33.6,23.4,67.333,772.0,1.726,5
2026-09-30,28.117,35.871,34.6,24.4,60.542,744.0,2.259,5
2026-10-01,27.764,37.095,35.4,24.2,55.708,777.0,2.012,5
2026-10-02,27.731,36.947,35.6,24.0,53.0,780.0,2.102,5
2026-10-03,26.546,36.715,35.6,23.4,51.042,782.0,1.866,5
2026-10-04,27.581,37.763,35.3,24.0,50.917,779.0,1.275,5
2026-10-05,28.387,38.315,35.5,24.9,57.458,763.0,1.284,5
2026-10-06,28.538,37.993,34.8,24.9,64.708,728.0,1.399,5
